Age,Gender,Hemoglobin,Hematocrit,MCV,MCH,MCHC,RBC,WBC,Platelets,Serum_Iron,Ferritin,Vitamin_B12,Folate,Anemia
14,Male,17.0,47.3,90.0,31.3,35.4,5.93,6.3,335.9,101.0,180.5,400.5,9.1,0
17,Female,12.2,40.1,88.1,28.4,32.5,4.2,6.8,204.6,98.4,157.3,398.5,6.9,1
2,Male,13.2,47.1,90.8,30.0,34.5,6.1,6.6,215.9,100.0,180.1,400.6,8.7,0
59,Male,13.6,44.1,88.3,28.1,32.2,4.7,9.8,265.1,98.5,178.1,398.5,6.7,1
46,Male,13.7,44.1,88.2,28.3,32.5,4.7,7.1,240.5,98.1,178.4,398.2,6.7,1
78,Male,16.0,46.6,90.1,31.2,34.5,6.1,4.9,246.1,101.4,180.0,400.6,9.9,0
5,Male,10.8,46.8,89.9,30.4,33.6,4.78,8.7,165.4,100.4,180.2,399.7,9.3,0
10,Male,11.0,44.1,88.3,28.4,32.0,4.7,6.8,183.0,98.4,178.3,398.3,6.5,1
1,Female,12.7,42.3,91.3,30.0,34.8,6.25,5.6,267.4,101.5,159.4,401.5,8.6,1
68,Male,13.6,44.5,88.5,28.2,32.2,4.7,6.8,280.4,98.2,178.2,398.1,7.0,1
76,Female,12.9,41.9,89.3,29.9,35.0,3.45,8.1,227.3,100.0,160.3,400.3,9.2,0
7,Female,11.0,40.5,88.4,28.0,32.4,4.2,6.7,195.4,98.3,157.2,398.2,6.8,1
56,Male,16.6,47.3,90.3,30.5,35.5,6.1,7.8,164.7,100.6,180.7,400.5,8.9,0
42,Male,16.7,46.8,90.5,30.6,34.6,6.1,5.9,282.6,100.6,180.8,400.9,9.2,0
55,Female,12.0,40.5,88.4,28.4,32.3,4.2,9.5,180.7,98.4,157.4,398.2,6.6,1
70,Male,13.7,44.1,88.5,28.1,32.2,4.7,7.6,262.3,98.0,178.4,398.4,6.8,1
89,Male,16.6,47.4,91.0,31.4,34.1,5.49,7.6,254.7,100.8,180.1,400.3,8.9,0
19,Female,15.2,42.7,90.7,30.4,34.8,5.03,5.9,217.2,101.4,159.2,401.3,8.7,0
5,Male,11.0,44.3,88.4,28.4,32.1,4.7,5.5,230.9,98.0,178.1,398.2,6.8,1
90,Male,15.3,45.4,90.7,31.4,33.9,5.56,7.6,247.3,100.7,180.0,400.8,7.4,1
14,Female,14.1,42.6,91.0,30.7,35.4,5.4,7.3,179.7,100.7,160.2,401.4,9.8,0
14,Male,13.9,44.5,88.4,28.5,32.5,4.7,7.5,195.9,98.2,178.2,398.4,6.5,1
75,Male,14.7,45.9,88.8,29.4,34.5,5.29,6.1,254.4,99.3,180.8,400.2,7.0,0
65,Female,12.2,40.1,88.4,28.4,32.4,4.2,6.9,220.7,98.0,157.2,398.1,6.8,1
47,Male,16.8,47.5,91.0,30.6,34.4,6.1,7.1,257.2,101.3,180.5,400.6,9.9,0
37,Male,13.8,44.1,88.0,28.0,32.5,4.7,8.0,266.9,98.2,178.4,398.2,6.8,1
38,Male,16.5,47.1,90.3,30.0,34.6,6.1,8.4,280.1,100.9,180.2,401.0,10.0,0
47,Female,14.0,41.6,89.1,31.2,33.8,3.38,5.6,168.6,99.0,159.7,399.0,9.6,0
9,Male,11.0,44.1,88.4,28.1,32.4,4.7,6.3,248.7,98.5,178.4,398.2,7.0,1
85,Female,14.2,42.4,91.5,30.3,34.7,5.4,8.1,237.9,101.4,159.6,400.3,9.1,0
71,Male,13.9,44.0,88.4,28.5,32.0,4.7,9.6,262.8,98.2,178.2,398.1,6.6,1
18,Female,12.1,40.1,88.1,28.1,32.1,4.2,4.7,253.6,98.1,157.2,398.5,6.6,1
19,Male,15.7,46.4,90.3,30.7,35.4,5.56,8.4,306.4,100.1,181.4,400.9,9.0,0
29,Male,17.0,46.8,90.3,31.3,34.6,6.1,6.0,176.6,100.8,181.3,401.3,9.4,0
28,Male,13.8,44.1,88.2,28.1,32.5,4.7,7.0,251.3,98.0,178.0,398.3,6.8,1
5,Male,10.9,46.8,89.3,31.4,32.9,4.22,5.1,199.1,101.5,180.4,400.8,7.4,1
11,Male,11.0,44.3,88.2,28.4,32.0,4.7,6.9,247.6,98.3,178.2,398.5,6.8,1
43,Female,12.0,40.5,88.0,28.1,32.3,4.2,9.5,237.9,98.2,157.1,398.1,6.8,1
27,Female,14.9,42.4,91.1,31.0,34.8,5.29,6.6,299.4,100.6,160.0,401.4,9.3,0
13,Female,13.4,41.4,89.3,28.5,33.4,3.35,9.8,280.6,99.6,158.7,399.5,7.8,1
45,Male,13.6,44.4,88.3,28.2,32.1,4.7,8.6,283.3,98.5,178.1,398.0,6.8,1
44,Male,15.6,47.0,91.2,30.5,35.4,6.1,5.4,201.1,101.3,181.5,400.1,9.2,0
44,Male,13.8,44.2,88.1,28.4,32.3,4.7,5.7,153.1,98.1,178.4,398.0,6.6,1
66,Female,12.0,40.4,88.0,28.3,32.3,4.2,6.6,328.1,98.4,157.2,398.2,7.0,1
17,Male,16.8,47.3,91.4,31.3,34.0,5.97,6.3,306.1,100.9,180.9,400.5,9.9,0
85,Female,12.5,42.9,88.7,29.9,34.1,5.79,8.2,330.5,100.2,158.9,401.2,7.5,0
81,Female,15.1,43.4,91.2,30.6,34.2,5.34,5.7,311.6,101.2,160.0,400.9,9.9,0
87,Male,13.9,44.3,88.1,28.0,32.4,4.7,8.9,227.9,98.0,178.2,398.2,6.6,1
11,Female,13.7,40.7,89.0,30.6,34.4,5.47,6.8,280.9,100.0,159.6,401.1,9.3,0
14,Male,13.9,44.4,88.4,28.2,32.4,4.7,8.9,220.0,98.1,178.1,398.2,6.9,1
38,Male,13.7,44.2,88.3,28.4,32.2,4.7,8.2,258.4,98.2,178.4,398.4,6.7,1
24,Female,14.5,42.9,90.0,31.0,35.1,5.4,9.7,278.0,101.0,159.2,401.3,9.4,0
22,Female,14.6,43.4,90.8,31.0,34.3,5.4,5.2,281.0,101.0,159.3,400.9,9.5,0
35,Female,14.4,42.8,91.1,30.6,34.2,5.4,5.2,292.0,100.1,160.0,401.1,8.5,0
66,Male,13.8,44.2,88.3,28.0,32.5,4.7,8.4,237.9,98.1,178.0,398.1,7.0,1
23,Female,12.0,40.1,88.0,28.3,32.3,4.2,6.0,192.6,98.3,157.0,398.1,6.9,1
13,Female,15.1,42.2,91.2,30.8,34.3,5.0,8.2,228.0,101.2,160.0,400.1,9.9,0
14,Male,14.0,44.2,88.1,28.2,32.1,4.7,7.0,248.7,98.0,178.2,398.0,6.6,1
8,Female,12.5,42.5,91.0,30.4,34.7,5.4,7.8,257.1,101.1,160.1,400.9,8.7,0
69,Male,13.9,44.3,88.1,28.4,32.4,4.7,6.3,227.4,98.3,178.2,398.3,6.6,1
90,Male,16.2,47.3,90.7,31.0,34.0,5.77,10.0,201.3,100.3,181.1,400.5,9.7,0
13,Male,13.9,44.4,88.5,28.4,32.4,4.7,7.8,219.6,98.2,178.1,398.4,6.7,1
8,Female,11.0,40.2,88.2,28.2,32.1,4.2,5.9,269.1,98.4,157.2,398.1,6.7,1
9,Male,12.6,46.2,90.2,30.5,32.7,6.17,6.0,163.6,98.6,178.9,400.9,8.1,0
59,Female,12.6,42.5,90.5,29.3,34.8,5.92,8.0,224.1,100.8,157.7,400.6,7.5,1
87,Female,13.8,42.7,90.7,30.1,34.4,5.17,8.4,181.0,101.0,159.5,401.2,9.1,0
82,Female,12.0,40.0,88.1,28.2,32.3,4.2,5.6,229.4,98.2,157.4,398.2,6.9,1
61,Male,13.8,44.1,88.4,28.1,32.1,4.7,7.5,209.6,98.3,178.3,398.2,6.7,1
83,Female,14.2,40.7,91.4,29.2,34.9,5.34,9.4,216.8,99.6,159.5,398.5,9.9,0
18,Female,12.2,40.2,88.1,28.5,32.2,4.2,5.8,282.3,98.1,157.2,398.5,6.8,1
4,Female,13.1,43.1,91.3,31.3,34.3,5.1,8.4,201.8,100.7,160.1,400.7,9.3,0
15,Male,16.1,46.9,88.7,28.6,34.0,6.03,8.8,231.0,101.0,179.0,398.7,7.9,1
9,Male,13.1,46.2,91.0,31.2,34.2,5.56,4.5,352.1,100.2,181.0,401.3,9.7,0
11,Male,12.7,46.3,90.8,30.5,34.4,6.1,7.6,285.8,100.2,181.2,401.2,9.7,0
2,Male,12.5,46.9,91.3,30.9,35.1,5.96,6.9,205.6,100.6,181.3,400.4,10.0,0
0,Female,12.4,43.2,90.5,30.6,35.1,5.4,8.4,286.8,101.1,159.5,401.1,9.7,0
66,Female,14.4,42.6,90.4,29.2,35.3,4.36,7.7,302.9,99.4,160.2,398.8,8.8,1
9,Male,12.3,45.0,89.8,29.7,32.6,4.74,6.4,341.0,101.3,179.7,399.9,9.3,1
13,Male,13.9,44.2,88.2,28.5,32.5,4.7,8.5,317.3,98.3,178.4,398.3,6.8,1
4,Male,11.0,44.4,88.3,28.3,32.4,4.7,9.2,335.9,98.2,178.0,398.4,6.5,1
46,Female,12.2,40.1,88.2,28.4,32.2,4.2,7.1,267.3,98.2,157.4,398.4,6.7,1
58,Female,12.0,40.1,88.0,28.0,32.5,4.2,5.9,219.7,98.2,157.3,398.0,6.9,1
9,Male,11.0,44.4,88.2,28.1,32.1,4.7,5.0,215.4,98.2,178.2,398.3,6.8,1
16,Female,12.1,40.2,88.3,28.1,32.0,4.2,7.8,282.2,98.1,157.0,398.4,6.8,1
9,Male,13.4,46.5,91.0,30.7,34.4,6.1,10.2,219.7,101.0,181.3,401.0,9.4,0
2,Male,12.6,46.6,91.2,31.2,34.3,6.1,4.5,316.7,100.8,180.9,400.8,9.2,0
4,Male,11.0,44.4,88.2,28.1,32.2,4.7,6.8,299.4,98.1,178.1,398.4,6.9,1
13,Female,12.0,40.4,88.4,28.0,32.3,4.2,6.9,311.0,98.2,157.1,398.1,7.0,1
16,Female,13.4,42.8,90.3,29.1,33.1,5.53,8.3,249.5,100.1,157.6,400.0,7.1,0
2,Male,11.0,44.1,88.2,28.1,32.5,4.7,7.5,349.4,98.1,178.1,398.3,7.0,1
89,Female,13.9,43.0,91.5,30.4,33.5,5.87,7.2,256.8,99.6,158.7,400.8,8.3,0
16,Female,12.0,40.1,88.3,28.2,32.4,4.2,7.1,170.2,98.5,157.3,398.2,6.5,1
14,Male,15.6,45.1,89.2,31.5,34.9,4.86,6.2,208.6,101.0,180.3,400.6,9.0,0
87,Female,13.5,42.9,90.3,31.2,35.1,5.89,7.9,297.4,101.3,159.6,398.7,7.7,1
18,Male,15.6,47.2,90.2,31.4,35.3,6.1,8.0,320.1,101.2,180.6,401.2,9.2,0
46,Male,15.6,46.4,90.1,31.3,34.9,6.1,10.4,258.0,100.9,180.7,401.3,9.5,0
28,Male,16.1,47.0,90.1,30.5,34.0,6.1,6.2,258.9,101.4,180.0,400.9,9.7,0
12,Male,13.8,44.3,88.3,28.5,32.5,4.7,8.6,305.1,98.0,178.2,398.3,6.6,1
70,Female,14.1,42.3,91.3,30.8,35.2,5.4,5.3,276.1,101.0,159.1,400.3,9.5,0
18,Female,15.1,43.1,90.6,30.9,35.0,5.4,6.4,266.3,101.1,160.2,401.3,9.9,0
48,Female,12.1,40.1,88.2,28.2,32.2,4.2,5.9,395.1,98.5,157.0,398.1,6.9,1
29,Male,16.0,46.2,90.1,31.0,35.2,6.1,7.8,301.3,101.1,180.4,401.5,8.8,0
6,Male,13.3,46.5,90.3,31.1,34.7,5.74,6.3,255.7,100.5,180.7,400.2,10.0,0
18,Male,13.6,44.1,88.1,28.5,32.3,4.7,6.5,266.3,98.2,178.5,398.1,6.5,1
72,Female,14.3,42.8,90.0,30.6,34.8,5.4,5.5,277.4,100.2,159.5,400.2,8.9,0
55,Male,13.9,44.5,88.2,28.0,32.3,4.7,7.0,192.8,98.4,178.1,398.4,6.7,1
22,Male,13.5,44.1,88.2,28.1,32.3,4.7,7.6,292.5,98.5,178.5,398.3,6.6,1
13,Female,14.7,43.0,90.6,31.4,34.8,5.4,4.5,263.4,100.3,159.1,401.1,8.9,0
77,Male,14.5,46.3,90.4,29.9,34.1,5.98,8.1,272.2,100.4,180.8,401.2,9.6,1
3,Female,12.6,42.1,88.7,31.0,32.8,3.48,6.8,334.8,98.7,159.1,399.7,9.2,1
42,Male,13.5,44.3,88.3,28.2,32.2,4.7,7.8,212.3,98.3,178.3,398.2,6.6,1
61,Male,15.9,47.0,90.5,30.7,34.6,6.1,7.6,176.2,100.5,181.0,400.8,9.9,0
3,Male,11.0,44.3,88.4,28.3,32.4,4.7,6.2,204.8,98.3,178.1,398.5,6.6,1
7,Male,11.0,44.2,88.3,28.0,32.2,4.7,6.1,225.1,98.4,178.0,398.5,6.8,1
9,Male,13.2,47.1,90.4,31.1,34.0,5.96,5.5,268.0,101.2,180.4,401.0,9.1,0
4,Female,11.6,40.7,88.7,29.7,34.5,5.29,7.3,325.5,100.9,158.0,400.4,9.3,0
69,Female,15.1,42.1,90.6,30.1,35.4,4.85,8.6,238.9,100.4,159.2,400.2,9.1,0
11,Female,13.5,42.3,91.5,30.3,34.7,5.26,4.6,229.0,101.4,159.5,401.0,8.7,0
82,Male,13.7,44.4,88.1,28.3,32.2,4.7,4.5,226.4,98.0,178.1,398.3,6.9,1
18,Male,14.0,44.2,88.4,28.2,32.1,4.7,7.6,210.6,98.3,178.3,398.2,6.8,1
78,Female,12.0,40.1,88.0,28.2,32.2,4.2,5.6,328.8,98.1,157.3,398.4,6.6,1
18,Male,13.8,44.1,88.3,28.1,32.4,4.7,6.5,150.0,98.4,178.3,398.4,6.6,1
70,Female,14.3,42.5,90.4,30.7,35.3,5.16,5.2,289.8,100.2,160.4,400.9,8.7,0
83,Female,12.0,40.3,88.4,28.4,32.3,4.2,7.5,242.3,98.0,157.2,398.2,6.9,1
15,Female,13.8,43.3,90.9,30.6,34.1,5.4,6.4,150.0,100.9,160.0,401.4,9.5,0
87,Male,13.7,44.5,88.5,28.4,32.1,4.7,5.7,225.3,98.1,178.1,398.3,6.8,1
53,Male,16.1,47.3,90.4,30.4,34.2,6.1,9.5,323.3,100.3,181.0,401.1,9.0,0
12,Female,14.2,42.4,91.3,30.9,34.4,5.4,5.4,284.6,101.0,159.1,400.5,9.5,0
12,Male,16.0,47.0,91.2,31.1,35.2,6.05,6.8,256.3,100.8,180.0,400.5,9.0,0
42,Female,12.2,40.4,88.4,28.5,32.0,4.2,9.8,224.1,98.1,157.2,398.1,6.5,1
15,Female,14.6,42.9,90.3,31.0,34.3,5.4,5.7,194.5,100.9,159.1,400.0,8.7,0
42,Female,14.6,42.1,90.8,30.6,34.8,5.4,4.6,287.1,100.9,159.1,400.0,9.1,0
5,Female,11.0,40.1,88.2,28.1,32.3,4.2,6.8,314.6,98.3,157.3,398.2,6.8,1
3,Female,11.4,41.0,89.1,31.3,34.5,5.37,7.5,196.9,101.1,159.5,398.7,8.3,1
73,Female,12.0,40.4,88.5,28.4,32.4,4.2,5.6,230.2,98.1,157.2,398.5,6.8,1
50,Male,15.8,47.1,90.9,30.1,34.2,5.56,6.0,271.7,100.7,180.5,400.8,9.6,0
6,Male,11.0,44.0,88.4,28.1,32.2,4.7,6.3,216.8,98.3,178.5,398.3,6.6,1
18,Female,13.9,43.1,91.1,31.2,34.8,4.83,7.9,250.0,100.8,158.1,399.5,8.0,1
3,Male,11.0,44.5,88.1,28.3,32.3,4.7,7.3,270.0,98.4,178.5,398.2,6.9,1
1,Female,11.8,41.3,90.5,31.4,33.3,3.87,6.9,217.5,101.2,160.2,400.8,7.8,1
60,Male,17.0,46.5,90.7,30.6,34.4,6.1,6.1,258.3,101.3,180.3,401.5,9.1,0
60,Female,12.0,40.0,88.2,28.2,32.1,4.2,7.2,266.7,98.1,157.3,398.1,6.8,1
33,Female,15.0,43.3,90.0,31.2,34.9,5.4,8.3,264.8,100.8,159.2,400.7,9.9,0
62,Male,14.7,47.5,88.5,29.9,33.2,4.96,6.5,296.3,99.1,179.6,399.5,8.5,0
52,Female,12.0,40.5,88.0,28.3,32.2,4.2,6.9,277.0,98.3,157.1,398.5,6.7,1
26,Male,16.3,46.4,91.0,31.1,34.5,6.1,9.0,295.7,100.4,180.0,401.3,9.7,0
35,Female,13.9,42.0,90.7,31.2,35.2,5.4,9.4,233.1,101.1,159.5,400.3,9.4,0
60,Female,12.2,40.1,88.1,28.1,32.2,4.2,9.1,220.1,98.5,157.1,398.4,6.7,1
31,Female,14.0,42.6,91.3,30.0,35.4,5.4,9.7,201.4,101.5,159.8,400.1,9.8,0
40,Female,14.4,43.4,90.9,31.0,34.0,5.4,5.8,150.0,101.2,159.8,401.5,9.7,0
0,Male,11.0,44.2,88.0,28.1,32.1,4.7,8.3,245.0,98.0,178.3,398.4,6.6,1
1,Female,11.0,40.4,88.2,28.4,32.4,4.2,4.9,313.6,98.2,157.3,398.3,6.9,1
21,Male,14.0,44.2,88.3,28.4,32.2,4.7,9.3,184.1,98.3,178.2,398.1,6.8,1
3,Female,12.5,43.4,89.3,30.4,35.4,4.66,5.2,199.7,100.5,158.9,401.0,7.8,1
81,Female,14.3,42.5,90.1,30.1,34.6,4.91,6.7,158.8,100.3,159.1,400.6,9.2,0
11,Male,11.0,44.1,88.4,28.4,32.1,4.7,6.7,161.7,98.4,178.4,398.1,6.7,1
55,Female,14.3,42.3,90.7,30.1,34.9,5.17,9.5,321.5,101.2,159.3,400.7,9.9,0
81,Male,13.9,44.3,88.0,28.3,32.1,4.7,6.2,346.3,98.4,178.2,398.4,6.7,1
17,Male,16.9,44.7,91.0,29.8,33.5,5.93,6.0,233.5,100.6,180.5,400.9,8.7,1
4,Female,11.0,40.3,88.1,28.2,32.1,4.2,5.1,297.6,98.1,157.4,398.2,6.7,1
3,Female,11.0,40.3,88.4,28.1,32.1,4.2,5.4,272.0,98.0,157.3,398.5,6.8,1
19,Female,13.2,42.2,90.2,30.7,32.9,6.18,8.8,254.0,98.7,158.6,400.7,7.3,1
10,Male,11.0,44.3,88.1,28.2,32.2,4.7,4.5,170.6,98.4,178.2,398.1,6.9,1
17,Female,12.0,40.2,88.1,28.1,32.0,4.2,7.7,192.3,98.1,157.3,398.4,6.7,1
89,Female,12.0,40.2,88.3,28.2,32.3,4.2,8.3,210.6,98.3,157.5,398.1,6.6,1
27,Female,13.8,43.1,91.5,30.8,34.4,5.36,9.0,299.4,101.3,160.4,401.3,9.5,0
1,Male,13.2,47.4,91.0,30.1,34.5,6.1,8.7,233.2,101.2,180.9,400.6,8.9,0
41,Female,12.1,40.4,88.1,28.2,32.5,4.2,4.8,251.7,98.1,157.0,398.0,6.6,1
10,Male,11.0,44.1,88.1,28.3,32.5,4.7,8.6,227.5,98.3,178.2,398.2,6.8,1
29,Male,16.3,46.2,91.1,30.5,34.1,6.1,5.3,217.3,101.3,181.4,400.5,9.0,0
14,Male,16.7,46.9,90.5,31.3,34.1,6.1,5.2,271.6,101.0,181.1,400.6,9.8,0
17,Female,14.5,43.2,91.0,31.2,34.4,5.4,5.6,362.4,100.6,159.5,400.0,8.8,0
72,Female,13.8,43.2,90.9,30.6,35.5,4.82,5.2,258.0,100.5,159.2,401.0,9.1,0
13,Female,14.6,41.9,90.7,28.6,34.5,4.25,8.0,193.4,98.8,159.5,401.5,9.8,1
62,Female,12.0,40.4,88.2,28.1,32.4,4.2,10.4,282.2,98.3,157.2,398.1,6.9,1
0,Male,11.0,44.2,88.3,28.5,32.0,4.7,7.7,228.6,98.0,178.5,398.4,6.5,1
63,Female,12.4,42.1,91.0,30.7,34.1,5.88,7.8,232.8,99.5,158.1,399.5,9.7,0
8,Female,11.0,40.0,88.2,28.5,32.5,4.2,8.4,201.9,98.3,157.3,398.3,6.7,1
7,Male,13.5,46.3,90.6,31.4,35.2,6.1,6.1,321.1,100.9,181.0,400.1,9.3,0
75,Male,13.6,44.3,88.1,28.4,32.5,4.7,7.5,226.7,98.3,178.4,398.2,6.7,1
0,Male,12.4,47.1,90.3,31.0,34.6,6.02,4.5,224.1,100.2,180.5,401.0,9.5,0
13,Male,13.6,44.3,88.5,28.2,32.5,4.7,7.2,312.8,98.1,178.4,398.0,6.8,1
69,Female,12.1,40.0,88.2,28.2,32.3,4.2,9.5,297.4,98.2,157.1,398.1,6.7,1
2,Male,12.8,46.3,90.0,29.9,35.4,6.87,6.9,249.4,101.2,179.5,401.3,8.6,1
43,Male,17.0,46.4,90.1,31.2,34.9,6.1,6.7,245.2,100.7,180.1,400.4,8.7,0
18,Male,13.9,44.4,88.2,28.5,32.3,4.7,6.0,218.2,98.4,178.3,398.3,6.6,1
62,Female,14.1,40.6,90.8,30.7,33.9,4.46,6.3,269.7,100.7,157.6,401.2,9.9,0
13,Male,13.6,44.4,88.1,28.3,32.3,4.7,8.2,199.8,98.3,178.2,398.0,6.7,1
54,Female,15.2,42.7,90.9,30.1,34.4,4.86,7.5,202.3,101.1,160.3,400.4,9.0,0
18,Male,16.5,47.2,90.8,30.4,34.4,5.46,8.6,207.3,100.1,180.3,401.1,9.7,0
19,Female,12.0,40.4,88.0,28.1,32.2,4.2,5.1,237.3,98.2,157.3,398.4,6.9,1
33,Female,12.1,40.2,88.4,28.3,32.4,4.2,5.8,335.6,98.1,157.2,398.2,6.7,1
84,Male,13.8,44.1,88.0,28.3,32.3,4.7,7.4,198.1,98.1,178.1,398.3,6.7,1
19,Female,14.8,42.0,90.0,31.2,34.1,5.26,7.3,189.8,100.8,159.7,401.4,9.6,0
4,Male,11.0,44.1,88.1,28.1,32.0,4.7,5.6,201.8,98.2,178.3,398.4,6.6,1
82,Female,15.1,43.5,90.1,31.2,34.1,5.27,5.9,351.7,100.8,160.4,401.2,9.0,0
62,Female,14.4,42.3,90.9,30.1,34.6,5.4,4.7,150.0,100.1,159.9,401.4,8.9,0
76,Male,16.4,47.2,90.5,30.0,34.3,6.1,6.4,241.6,100.5,180.6,401.4,8.6,0
14,Female,12.0,40.4,88.0,28.2,32.5,4.2,6.1,242.6,98.2,157.1,398.2,6.5,1
27,Female,13.8,43.0,91.2,30.9,35.1,4.94,8.2,324.9,100.5,160.0,401.0,9.4,0
17,Female,15.0,42.6,90.2,31.5,34.2,5.4,7.1,163.4,100.5,160.3,401.5,9.1,0
24,Male,13.6,44.0,88.3,28.2,32.0,4.7,5.6,289.1,98.5,178.4,398.4,6.5,1
38,Male,16.8,47.0,90.1,31.4,34.2,6.1,5.3,274.7,100.3,181.3,400.6,9.5,0
7,Female,12.5,41.2,89.1,29.5,33.3,4.51,8.2,271.0,99.0,159.2,400.5,8.6,1
3,Male,13.1,46.8,90.1,30.0,35.4,5.97,5.9,259.1,101.0,181.4,400.9,8.7,0
78,Female,12.1,40.4,88.2,28.2,32.2,4.2,7.0,167.9,98.3,157.0,398.5,6.8,1
48,Male,16.0,47.5,90.7,30.0,34.5,5.59,6.5,218.2,100.1,181.0,400.1,8.8,0
6,Female,10.9,43.3,91.2,30.0,33.5,3.74,7.1,289.0,100.8,159.4,398.9,7.1,1
28,Female,15.2,43.3,90.7,31.1,34.4,4.9,9.1,247.8,101.4,160.5,401.4,9.6,0
4,Male,11.0,44.0,88.5,28.4,32.5,4.7,5.8,256.8,98.0,178.2,398.3,6.5,1
53,Male,13.7,44.3,88.2,28.3,32.1,4.7,7.0,242.4,98.5,178.2,398.1,6.5,1
60,Female,14.9,42.9,90.1,30.6,34.8,5.4,6.8,253.6,100.7,159.2,401.1,9.5,0
11,Male,11.0,44.3,88.2,28.4,32.3,4.7,9.0,231.6,98.2,178.4,398.2,6.7,1
23,Male,13.8,44.3,88.3,28.4,32.0,4.7,7.2,326.9,98.4,178.4,398.2,6.9,1
69,Male,16.0,46.3,91.4,31.3,34.3,5.93,5.9,283.0,100.9,181.0,401.0,9.6,0
77,Male,16.0,46.9,90.3,30.3,34.8,6.01,6.6,244.3,100.8,181.2,401.3,8.9,0
8,Male,13.5,47.2,91.2,31.3,35.1,6.1,7.3,285.5,101.2,180.7,400.2,8.7,0
16,Female,12.0,40.5,88.5,28.2,32.1,4.2,7.8,227.6,98.1,157.5,398.1,6.7,1
65,Female,13.9,43.1,90.3,30.9,34.8,5.4,8.4,270.4,100.4,159.8,400.5,9.0,0
22,Male,16.2,46.7,90.2,31.2,34.9,5.6,8.8,226.2,100.9,180.2,400.6,8.9,0
13,Female,12.4,43.0,91.4,31.2,33.7,3.77,7.8,237.7,101.4,157.7,398.9,9.5,0
61,Female,13.8,42.4,88.7,30.3,34.0,4.41,4.5,289.3,98.9,157.7,398.9,9.0,0
65,Female,15.1,43.2,90.3,31.2,34.3,5.4,9.7,263.4,100.2,159.1,401.3,9.7,0
56,Female,14.9,41.4,91.2,30.0,33.2,4.95,6.2,262.2,100.6,159.8,399.8,9.7,0
10,Male,12.3,47.5,90.5,30.7,34.5,6.1,8.9,297.3,100.4,180.5,400.2,9.5,0
87,Female,12.9,41.2,91.4,30.0,34.4,6.02,5.2,257.3,99.7,159.1,399.9,10.0,1
2,Male,11.0,44.0,88.5,28.4,32.3,4.7,7.9,225.7,98.2,178.3,398.1,6.6,1
18,Female,15.1,41.6,88.7,28.6,35.2,4.18,7.7,236.2,99.0,158.8,401.3,8.9,1
69,Male,13.9,44.2,88.2,28.1,32.3,4.7,5.6,287.8,98.4,178.5,398.2,6.9,1
16,Male,16.1,46.8,90.8,30.5,34.4,6.1,6.6,264.7,100.1,181.3,400.5,9.3,0
30,Female,14.7,40.7,88.8,29.7,34.3,3.94,9.3,349.4,100.0,160.3,399.9,9.4,1
28,Male,13.7,44.2,88.5,28.4,32.4,4.7,8.4,231.2,98.2,178.3,398.1,6.9,1
47,Female,14.1,42.6,90.2,31.2,34.3,5.4,4.5,150.0,101.0,159.1,400.1,9.0,0
48,Male,13.8,44.1,88.3,28.4,32.3,4.7,7.6,228.5,98.2,178.1,398.3,6.9,1
19,Female,12.9,41.7,90.1,31.3,34.7,6.03,5.9,210.5,99.4,160.4,400.1,9.5,0
11,Female,12.7,42.7,91.0,30.0,35.1,5.4,4.5,215.0,101.3,160.2,401.5,9.1,0
86,Female,13.6,42.2,89.4,31.0,33.9,5.46,8.8,375.7,99.0,159.7,398.7,9.3,0
80,Female,14.1,43.2,90.7,30.2,34.1,5.14,10.6,237.2,100.2,159.7,400.1,8.6,0
15,Male,13.8,44.0,88.0,28.3,32.4,4.7,6.2,205.6,98.2,178.3,398.2,6.9,1
67,Female,12.0,40.0,88.5,28.1,32.4,4.2,5.1,223.1,98.1,157.1,398.2,6.9,1
13,Female,14.1,42.6,90.0,30.2,34.6,5.35,5.6,211.9,101.1,159.4,401.1,9.1,0
47,Male,13.8,44.4,88.2,28.4,32.2,4.7,8.5,246.1,98.0,178.5,398.2,6.7,1
89,Male,13.7,44.2,88.4,28.2,32.3,4.7,10.2,160.4,98.3,178.2,398.1,6.6,1
19,Male,13.7,44.4,88.1,28.4,32.0,4.7,8.0,193.3,98.3,178.5,398.4,6.7,1
36,Male,15.0,46.2,88.7,29.9,34.9,6.14,8.7,246.4,101.3,179.8,399.6,8.9,0
55,Female,14.6,42.8,90.1,30.6,34.3,5.4,7.7,325.0,100.3,159.3,400.1,9.1,0
32,Male,16.9,47.2,89.1,29.5,33.6,6.25,8.9,189.5,100.5,180.2,400.4,7.7,1
3,Female,11.0,40.0,88.4,28.3,32.3,4.2,6.3,216.9,98.2,157.5,398.0,6.6,1
5,Female,11.0,40.1,88.0,28.4,32.4,4.2,8.7,193.8,98.1,157.1,398.1,6.8,1
15,Female,14.3,43.0,90.5,31.2,35.3,5.4,5.7,248.4,100.6,159.6,401.4,9.3,0
18,Male,15.9,47.2,90.9,31.3,34.8,5.97,6.4,276.9,101.3,180.2,400.9,9.8,0
15,Female,14.3,42.4,90.2,31.4,34.3,4.98,7.9,216.6,101.3,160.2,400.8,10.0,0
17,Female,12.0,40.4,88.4,28.0,32.2,4.2,7.1,238.7,98.5,157.0,398.1,6.6,1
0,Male,13.4,46.3,90.8,30.7,34.9,6.1,8.8,367.2,100.1,180.1,400.3,8.5,0
83,Female,12.0,40.1,88.4,28.3,32.2,4.2,7.4,260.4,98.4,157.5,398.4,6.8,1
87,Female,12.0,40.1,88.0,28.2,32.0,4.2,6.4,270.4,98.3,157.1,398.3,6.8,1
3,Female,13.5,42.7,90.8,30.8,35.2,5.2,7.8,216.1,100.6,160.4,401.0,9.3,0
3,Male,12.4,46.2,91.3,30.4,34.3,6.1,5.5,259.9,100.1,180.1,401.3,8.7,0
43,Male,13.8,44.0,88.5,28.2,32.2,4.7,6.9,201.6,98.5,178.0,398.0,6.9,1
13,Female,12.0,40.0,88.2,28.3,32.3,4.2,7.6,234.1,98.1,157.4,398.4,6.7,1
13,Male,15.2,46.0,90.6,29.0,33.6,6.47,5.4,255.1,98.7,179.7,399.7,7.7,1
0,Male,12.6,47.2,90.3,30.3,35.0,6.01,8.3,251.2,101.4,180.2,400.5,9.4,0
9,Female,13.5,42.8,90.4,30.1,35.3,5.4,4.5,243.0,100.0,160.2,400.8,9.0,0
68,Male,15.9,47.4,90.6,31.4,34.4,5.73,7.7,297.0,101.2,180.3,400.6,9.5,0
17,Female,14.9,42.9,90.7,30.9,34.0,4.9,5.1,255.1,100.8,159.5,401.4,9.9,0
75,Male,16.0,46.6,90.9,30.3,35.2,6.1,7.0,162.1,101.4,180.0,400.3,9.2,0
0,Female,11.0,40.1,88.4,28.3,32.3,4.2,7.3,179.1,98.4,157.1,398.1,7.0,1
18,Male,14.0,44.5,88.2,28.4,32.1,4.7,5.5,199.2,98.3,178.2,398.1,6.8,1
10,Female,13.5,42.5,90.8,31.0,34.5,5.4,6.4,284.8,100.8,159.3,400.8,9.5,0
86,Female,12.0,40.0,88.3,28.0,32.3,4.2,5.4,184.6,98.2,157.2,398.2,6.7,1
79,Female,12.0,40.2,88.1,28.3,32.0,4.2,6.8,218.1,98.1,157.3,398.0,6.7,1
5,Female,12.5,43.1,90.2,30.7,35.0,5.14,7.2,211.2,100.1,159.9,401.1,9.0,0
67,Female,14.1,43.0,91.2,31.1,34.9,5.4,8.1,298.4,100.9,160.0,400.3,8.5,0
4,Male,12.6,46.4,90.7,31.3,34.6,6.1,6.9,203.9,101.5,181.2,400.3,9.3,0
15,Female,13.3,41.9,90.2,29.9,34.4,5.63,6.8,217.0,98.9,159.5,400.5,9.4,1
28,Female,14.2,42.1,90.3,30.0,35.2,5.4,9.8,290.7,101.0,159.8,401.3,9.2,0
26,Female,14.2,42.5,91.0,31.4,34.9,4.82,8.8,197.9,100.8,159.5,400.2,9.1,0
10,Male,11.0,47.3,90.0,30.7,34.6,4.82,7.9,235.1,99.1,178.7,400.7,7.9,1
78,Female,14.2,43.0,90.3,30.8,34.8,5.4,8.1,259.8,100.9,159.0,400.6,9.5,0
19,Male,13.9,44.4,88.1,28.3,32.5,4.7,5.5,294.0,98.2,178.2,398.4,6.5,1
56,Female,14.6,43.5,91.4,31.5,34.2,5.4,8.3,150.0,100.5,159.1,401.1,9.9,0
14,Male,15.6,46.1,91.0,30.7,35.2,6.1,9.2,166.4,100.8,181.5,401.2,9.9,0
79,Male,13.8,44.1,88.3,28.1,32.3,4.7,4.5,263.2,98.2,178.5,398.4,6.9,1
85,Male,17.0,46.8,90.6,31.4,34.4,5.55,5.9,262.6,100.6,180.6,400.8,10.0,0
4,Male,11.0,44.4,88.4,28.5,32.2,4.7,4.5,310.9,98.0,178.3,398.3,6.6,1
68,Female,13.9,43.5,90.2,30.7,34.3,5.21,6.5,255.0,101.4,159.4,400.4,9.8,0
17,Male,13.6,44.2,88.1,28.0,32.3,4.7,5.9,253.2,98.3,178.2,398.5,6.7,1
12,Male,13.8,44.3,88.2,28.3,32.1,4.7,7.1,231.3,98.2,178.4,398.2,6.9,1
12,Male,13.8,44.5,88.4,28.3,32.3,4.7,6.1,296.2,98.3,178.1,398.2,7.0,1
8,Female,12.7,42.2,90.9,30.5,34.9,5.4,5.4,255.9,100.7,160.2,400.5,9.2,0
14,Male,14.0,44.1,88.2,28.1,32.1,4.7,6.4,234.6,98.4,178.2,398.3,6.7,1
38,Female,14.3,42.5,90.8,31.4,34.1,5.4,7.8,279.3,100.9,160.4,400.2,8.9,0
63,Female,12.0,40.3,88.1,28.5,32.2,4.2,6.8,255.7,98.4,157.3,398.0,6.6,1
7,Male,12.5,46.3,91.2,30.4,35.2,5.71,6.4,151.2,101.4,181.4,400.3,9.0,0
17,Female,15.2,43.0,91.1,30.7,35.2,5.4,6.6,270.6,100.6,159.5,401.0,9.4,0
90,Female,15.2,42.0,90.4,30.1,35.4,5.4,5.6,224.7,100.2,159.9,400.1,9.4,0
7,Male,11.9,46.9,90.4,29.7,35.2,5.22,8.2,282.2,101.2,179.3,399.1,8.3,0
41,Female,14.6,42.0,89.4,28.9,33.2,3.47,6.1,232.5,98.6,158.6,399.9,8.8,1
47,Female,15.1,42.9,91.2,30.5,34.9,5.4,8.9,205.7,100.4,159.6,400.6,9.8,0
16,Male,16.8,47.3,90.8,31.0,35.3,6.1,8.6,209.7,100.3,180.6,401.3,9.6,0
8,Female,13.0,43.0,90.0,30.6,32.9,5.07,6.7,270.6,100.3,158.2,399.4,9.9,1
41,Female,14.8,43.4,90.4,31.1,34.9,5.4,4.5,254.3,100.6,159.3,400.3,9.2,0
69,Female,14.0,42.9,90.7,31.1,34.8,5.4,4.5,302.0,100.1,160.0,401.4,9.1,0
83,Male,13.6,44.4,88.5,28.5,32.4,4.7,8.8,292.3,98.1,178.2,398.2,6.8,1
21,Male,16.2,47.1,89.7,28.7,32.7,6.67,6.5,303.8,99.1,178.9,398.6,8.9,0
89,Female,13.8,42.1,90.6,30.5,35.3,4.93,7.8,246.5,100.8,159.2,400.4,9.4,0
52,Male,16.0,46.9,91.0,31.2,34.3,5.86,4.5,210.2,101.5,181.3,400.7,9.8,0
13,Male,16.2,44.8,90.7,28.9,32.9,6.08,5.2,199.4,99.4,180.3,400.0,7.2,1
6,Male,11.0,44.5,88.4,28.0,32.4,4.7,6.9,270.7,98.0,178.1,398.2,6.8,1
1,Male,11.0,44.1,88.1,28.3,32.2,4.7,7.5,176.7,98.3,178.2,398.1,7.0,1
4,Female,12.4,42.9,90.8,31.0,34.4,5.29,8.4,217.6,100.3,159.9,400.1,9.3,0
49,Female,13.2,43.5,90.4,31.0,33.1,3.69,8.3,220.5,99.1,158.2,400.7,9.4,0
81,Female,12.0,40.1,88.4,28.3,32.0,4.2,4.5,245.0,98.1,157.1,398.4,6.5,1
69,Female,14.3,42.8,91.5,31.0,35.0,5.03,6.0,181.7,100.7,159.7,401.4,8.7,0
7,Female,11.0,40.4,88.1,28.2,32.1,4.2,6.9,225.9,98.1,157.1,398.1,6.7,1
10,Female,12.4,43.4,91.3,31.0,34.1,5.29,6.5,150.0,100.3,159.9,400.7,9.9,0
88,Male,16.8,46.3,90.8,30.8,34.9,5.89,6.8,302.4,101.1,181.0,400.2,9.4,0
43,Female,14.6,42.4,91.5,31.1,34.4,5.4,8.6,240.1,100.5,159.3,400.1,10.0,0
50,Female,12.1,40.3,88.2,28.3,32.4,4.2,6.4,250.5,98.5,157.1,398.3,6.8,1
86,Male,16.7,46.1,91.5,30.9,35.3,5.5,9.4,198.1,100.2,180.7,400.7,8.8,0
1,Female,12.8,42.2,90.1,30.4,35.4,5.4,6.2,304.7,100.2,159.9,401.0,9.1,0
18,Female,12.0,40.3,88.2,28.3,32.2,4.2,8.6,238.3,98.4,157.2,398.3,6.9,1
28,Female,12.0,40.1,88.1,28.0,32.2,4.2,7.2,297.5,98.2,157.2,398.2,6.5,1
79,Female,12.0,40.1,88.2,28.2,32.4,4.2,6.4,232.3,98.2,157.5,398.2,6.5,1
86,Male,13.7,44.1,88.2,28.2,32.4,4.7,6.2,217.2,98.0,178.1,398.3,6.6,1
12,Female,14.3,43.5,91.0,31.3,35.2,5.4,6.3,289.7,101.0,159.9,400.9,8.8,0
48,Female,12.0,40.1,88.4,28.3,32.0,4.2,9.2,234.8,98.1,157.2,398.0,6.6,1
40,Female,14.1,43.2,90.9,31.2,34.7,5.14,4.5,191.8,100.5,159.3,401.1,8.6,0
6,Female,11.0,40.4,88.2,28.5,32.2,4.2,7.1,241.0,98.2,157.1,398.1,6.8,1
11,Male,13.5,46.8,91.0,31.4,34.1,5.75,8.3,277.7,101.3,180.6,400.1,9.2,0
72,Female,15.0,43.1,91.0,31.2,35.3,5.4,7.6,218.8,101.3,159.3,400.3,9.7,0
16,Female,13.0,43.3,90.8,31.2,33.6,4.66,5.5,187.6,99.3,159.7,399.6,9.2,0
18,Female,14.7,42.8,91.4,31.3,34.4,5.19,7.2,270.3,100.1,159.5,400.7,9.7,0
63,Female,15.1,43.1,91.4,31.3,35.1,5.4,7.0,317.4,100.8,159.0,400.0,9.6,0
85,Female,15.1,43.3,90.4,30.9,35.3,5.4,9.2,187.3,100.3,159.2,401.2,8.6,0
18,Female,14.9,42.9,90.4,30.5,34.3,5.18,5.8,322.2,101.0,159.8,400.2,9.2,0
18,Male,16.7,47.4,91.1,31.2,34.3,5.8,8.0,213.9,101.4,181.1,401.3,9.5,0
29,Female,14.9,42.4,91.1,30.7,34.8,5.4,4.5,150.0,100.4,160.5,401.4,9.3,0
8,Male,12.6,46.5,90.6,30.1,34.7,5.58,4.5,194.0,101.2,181.2,400.2,9.0,0
15,Male,13.6,44.1,88.1,28.5,32.2,4.7,5.5,196.1,98.1,178.2,398.2,6.9,1
82,Male,16.1,45.9,90.9,30.7,34.7,4.41,5.2,150.0,100.9,179.7,401.1,7.8,0
42,Female,13.8,41.0,91.0,29.7,33.5,5.81,8.1,206.0,99.5,159.2,400.0,8.7,1
13,Male,16.7,46.5,91.1,30.8,35.1,6.1,7.1,290.9,100.8,180.4,401.4,9.2,0
57,Female,13.4,42.8,89.3,29.6,33.6,3.54,4.7,251.3,99.7,158.8,399.9,8.3,1
25,Female,13.9,43.3,90.4,31.4,35.3,5.03,7.4,290.3,100.9,160.3,400.6,9.6,0
4,Male,11.0,44.0,88.0,28.4,32.3,4.7,6.9,267.5,98.1,178.3,398.4,6.8,1
48,Male,16.4,47.1,91.1,31.2,34.0,5.47,7.3,323.0,100.9,180.1,400.4,9.5,0
7,Male,11.0,44.3,88.2,28.4,32.2,4.7,9.4,183.6,98.4,178.3,398.2,6.8,1
15,Female,12.0,40.2,88.2,28.2,32.4,4.2,5.9,239.3,98.3,157.1,398.4,6.9,1
75,Female,14.8,42.5,90.8,31.2,35.3,5.29,7.9,227.8,100.6,160.2,400.2,9.9,0
9,Female,11.0,40.1,88.1,28.0,32.4,4.2,6.6,276.6,98.4,157.2,398.4,6.8,1
10,Female,11.0,42.2,89.1,29.7,34.2,3.88,6.8,332.2,101.1,158.4,400.8,7.1,0
18,Male,15.7,46.4,90.8,31.1,33.4,4.43,7.2,199.2,99.3,179.1,400.2,8.8,1
10,Female,11.0,40.1,88.1,28.4,32.3,4.2,6.3,262.9,98.5,157.5,398.1,6.5,1
9,Female,13.4,43.1,91.4,28.7,34.4,6.05,6.6,321.6,99.3,158.5,398.9,7.6,1
86,Male,13.7,44.5,88.5,28.0,32.3,4.7,4.5,234.5,98.3,178.2,398.2,6.9,1
1,Male,11.0,44.4,88.2,28.4,32.2,4.7,8.3,239.0,98.2,178.3,398.3,6.8,1
10,Female,11.0,40.4,88.1,28.2,32.0,4.2,6.2,293.5,98.2,157.3,398.3,6.5,1
8,Male,13.5,46.8,90.2,31.0,35.2,5.88,6.5,229.8,100.3,181.3,401.0,8.7,0
17,Male,13.6,44.1,88.0,28.5,32.2,4.7,6.8,267.7,98.4,178.1,398.4,6.6,1
50,Female,15.1,42.9,90.9,31.2,34.8,5.34,7.3,195.7,100.8,159.4,400.9,9.2,0
37,Female,15.0,42.7,91.2,30.7,35.0,5.34,5.7,292.7,101.1,159.3,401.1,8.9,0
16,Female,12.7,40.8,89.2,31.1,33.8,4.49,6.1,274.3,99.5,158.6,399.2,7.4,0
77,Female,14.7,42.2,90.9,30.2,35.4,5.4,8.1,234.1,100.2,160.2,400.6,9.7,0
18,Female,12.1,40.2,88.2,28.1,32.1,4.2,6.3,183.9,98.3,157.1,398.1,6.9,1
51,Female,14.1,42.9,90.8,30.6,35.4,5.33,5.7,313.1,100.4,160.4,400.4,9.3,0
8,Female,12.4,43.4,90.9,30.4,34.4,5.4,5.1,343.0,100.7,159.1,400.1,9.4,0
4,Male,13.5,46.5,91.4,30.8,34.9,6.1,6.5,202.9,100.1,180.9,400.7,9.7,0
9,Female,13.1,43.0,90.8,30.1,34.1,4.97,5.1,201.5,100.1,160.0,401.0,8.8,0
13,Female,15.0,42.2,90.5,30.4,34.4,5.34,5.6,240.1,100.7,159.3,400.3,8.9,0
19,Female,12.1,40.3,88.3,28.1,32.4,4.2,6.5,175.6,98.4,157.3,398.1,6.8,1
19,Male,17.0,44.6,89.6,31.3,35.4,5.61,4.5,333.7,99.1,178.7,399.7,8.0,1
0,Female,11.0,40.3,88.0,28.1,32.1,4.2,5.1,206.0,98.0,157.0,398.3,6.8,1
13,Male,15.8,46.9,90.5,31.2,34.3,6.1,7.0,233.6,100.1,181.5,401.2,9.2,0
57,Female,12.0,40.1,88.3,28.2,32.3,4.2,7.2,163.2,98.1,157.3,398.2,7.0,1
20,Female,12.0,40.3,88.4,28.5,32.0,4.2,8.8,241.5,98.4,157.2,398.5,6.7,1
71,Female,12.2,40.1,88.2,28.2,32.2,4.2,5.5,332.2,98.4,157.3,398.1,6.7,1
74,Male,16.3,45.4,89.1,30.2,33.9,5.67,6.6,233.7,98.7,181.0,399.7,9.7,0
74,Male,16.0,46.7,91.2,30.5,34.1,6.1,4.6,191.2,100.3,181.3,400.3,9.5,0
12,Male,16.4,47.4,90.6,29.9,33.5,4.39,5.5,223.9,98.6,178.9,401.2,7.8,1
82,Male,15.5,46.5,90.3,31.5,35.0,6.01,7.3,213.9,101.0,181.2,400.4,10.0,0
19,Male,15.6,46.1,90.3,30.7,35.2,6.1,6.1,238.0,100.8,180.4,400.9,10.0,0
7,Female,12.9,42.6,90.5,31.3,34.1,5.4,9.7,271.6,100.3,160.0,401.3,8.7,0
13,Female,12.0,40.1,88.1,28.0,32.4,4.2,9.2,243.5,98.2,157.3,398.3,6.7,1
18,Female,14.1,43.0,91.2,30.9,35.3,5.12,8.1,184.0,101.2,159.8,400.0,9.5,0
12,Male,14.0,44.8,91.3,30.5,32.7,4.91,6.5,184.9,100.8,180.6,398.8,8.8,1
62,Male,13.5,44.2,88.0,28.5,32.4,4.7,7.1,234.4,98.3,178.3,398.5,6.9,1
5,Male,13.0,46.9,90.5,31.5,35.0,5.47,8.6,174.7,100.1,180.0,400.7,9.0,0
14,Female,14.7,42.9,91.3,30.0,35.2,5.4,7.1,234.1,100.5,159.1,400.6,9.5,0
35,Female,12.1,40.0,88.2,28.0,32.4,4.2,6.6,308.9,98.4,157.1,398.3,7.0,1
80,Female,14.5,42.9,90.3,30.5,35.0,5.4,5.7,235.8,100.5,159.1,400.9,9.0,0
17,Male,16.7,44.6,91.4,30.2,35.3,5.99,7.7,208.4,101.4,180.0,401.1,10.0,0
19,Male,13.7,44.1,88.4,28.1,32.1,4.7,7.3,156.9,98.2,178.0,398.3,6.6,1
85,Female,13.7,42.4,89.0,28.6,34.9,6.01,6.7,205.3,101.2,159.9,399.7,7.3,1
17,Male,15.7,47.2,90.5,30.6,35.3,6.1,7.9,252.8,101.3,180.3,400.7,10.0,0
17,Female,12.0,40.1,88.1,28.5,32.4,4.2,5.7,228.6,98.2,157.5,398.5,7.0,1
67,Female,14.4,43.4,90.1,31.2,34.3,5.4,8.1,302.5,101.2,160.2,400.5,9.0,0
35,Female,14.6,42.9,91.3,31.0,34.2,5.4,7.7,253.4,101.1,159.5,400.2,9.2,0
43,Male,14.0,44.2,88.0,28.4,32.1,4.7,6.6,308.9,98.3,178.1,398.0,6.8,1
43,Male,16.9,46.3,89.1,29.7,33.6,4.6,8.1,150.0,99.7,180.6,400.7,9.7,1
49,Female,12.0,40.4,88.1,28.0,32.0,4.2,4.5,268.0,98.3,157.2,398.4,6.9,1
46,Female,12.0,40.3,88.1,28.2,32.3,4.2,6.5,284.0,98.4,157.4,398.0,6.8,1
13,Female,12.2,40.0,88.1,28.3,32.1,4.2,7.9,290.8,98.2,157.4,398.3,6.9,1
83,Female,12.0,40.4,88.4,28.2,32.2,4.2,6.4,238.9,98.2,157.5,398.2,6.6,1
38,Female,15.2,43.0,91.2,30.1,34.0,5.4,5.9,325.9,100.6,159.6,400.2,9.6,0
15,Male,16.9,46.3,91.1,30.0,34.6,5.57,5.4,226.2,100.6,180.6,400.5,9.5,0
19,Male,13.9,44.2,88.3,28.3,32.1,4.7,6.8,224.6,98.4,178.3,398.0,6.6,1
27,Female,12.0,40.2,88.1,28.2,32.1,4.2,7.5,260.1,98.0,157.4,398.1,6.9,1
39,Male,15.7,47.2,90.2,30.6,34.5,6.1,8.5,179.8,100.6,181.3,401.0,8.8,0
10,Female,13.3,43.0,90.3,31.3,35.1,5.4,11.0,273.2,101.2,160.1,401.3,9.3,0
60,Female,12.0,40.5,88.0,28.2,32.5,4.2,7.0,214.1,98.1,157.1,398.2,6.9,1
3,Male,12.4,46.0,91.0,30.9,34.2,5.75,7.7,232.1,101.4,180.6,400.1,8.6,0
41,Male,13.8,44.3,88.1,28.2,32.4,4.7,8.4,174.8,98.5,178.5,398.4,6.8,1
13,Male,13.7,44.2,88.1,28.2,32.3,4.7,4.6,244.1,98.3,178.4,398.0,6.8,1
21,Male,16.7,46.7,90.2,30.6,35.2,6.02,7.1,346.5,100.4,181.2,400.1,9.3,0
60,Male,16.0,46.3,90.7,30.3,34.7,6.1,8.5,266.9,100.2,181.4,400.9,8.5,0
40,Male,15.8,46.9,89.7,29.5,33.7,5.81,5.1,220.6,100.0,178.7,401.2,9.8,1
5,Male,11.0,44.2,88.1,28.4,32.4,4.7,5.6,322.2,98.1,178.2,398.3,6.9,1
71,Male,16.5,46.0,90.7,31.1,34.7,6.1,7.5,248.3,100.4,180.1,400.6,9.3,0
13,Female,14.4,42.0,90.7,31.1,35.4,4.92,6.9,159.1,100.3,159.2,400.7,9.4,0
18,Male,15.3,45.5,90.9,30.1,32.9,4.23,8.3,211.0,99.9,179.1,398.6,8.1,1
71,Male,15.6,46.1,90.0,30.8,34.9,5.48,8.2,227.1,100.2,180.3,400.6,9.8,0
11,Female,11.8,41.1,91.1,29.8,33.9,6.17,6.7,271.5,101.2,159.1,400.5,8.3,1
4,Female,13.0,42.7,91.5,30.6,35.3,5.4,6.6,240.5,101.5,159.6,400.0,9.2,0
27,Female,12.0,40.2,88.4,28.1,32.5,4.2,5.2,227.0,98.4,157.5,398.0,7.0,1
90,Female,12.0,40.3,88.1,28.3,32.4,4.2,5.2,150.0,98.2,157.1,398.2,6.7,1
33,Female,14.9,42.4,90.8,30.0,34.9,5.4,8.2,295.7,100.9,159.1,401.4,8.5,0
87,Female,14.5,40.6,91.5,29.1,34.0,3.98,6.5,241.5,100.5,159.1,400.5,8.1,0
63,Male,16.4,46.8,90.6,30.9,35.4,5.66,4.9,190.5,100.6,180.8,401.1,9.1,0
49,Female,12.0,40.4,88.1,28.4,32.5,4.2,7.9,212.0,98.0,157.2,398.1,6.7,1
31,Male,16.4,46.3,90.7,31.3,34.3,5.43,6.3,257.8,101.5,180.9,400.7,9.1,0
15,Female,14.1,42.0,91.0,30.2,35.5,5.4,8.7,268.4,100.7,160.2,401.0,8.5,0
62,Female,12.1,40.5,88.2,28.5,32.0,4.2,6.8,414.7,98.5,157.1,398.5,6.9,1
12,Male,14.5,45.8,90.1,29.0,33.6,5.64,6.6,219.6,99.3,180.7,399.0,8.5,1
8,Male,11.0,44.2,88.1,28.2,32.3,4.7,10.1,222.6,98.5,178.1,398.2,6.8,1
39,Female,14.3,42.5,91.3,30.1,34.5,5.39,8.9,276.1,101.1,160.1,400.3,9.9,0
18,Female,12.0,40.2,88.1,28.4,32.5,4.2,5.6,251.4,98.0,157.5,398.2,7.0,1
6,Female,11.0,40.5,88.4,28.4,32.4,4.2,4.8,275.8,98.0,157.0,398.0,6.8,1
33,Male,13.5,44.4,88.4,28.1,32.3,4.7,4.5,247.3,98.4,178.3,398.2,6.6,1
13,Male,16.1,47.1,91.4,31.1,34.3,6.1,8.9,155.5,101.2,180.3,401.2,9.4,0
16,Male,13.7,44.1,88.0,28.1,32.5,4.7,7.7,207.6,98.3,178.4,398.3,6.6,1
12,Male,15.9,44.9,91.1,29.2,34.3,3.95,7.3,276.4,99.3,180.5,401.5,8.3,1
35,Female,14.3,42.9,90.6,30.1,35.2,5.09,9.8,231.0,101.4,159.1,400.6,9.4,0
17,Female,12.2,40.4,88.1,28.5,32.2,4.2,6.9,284.4,98.1,157.4,398.3,6.6,1
15,Female,14.6,42.8,90.3,31.2,34.5,5.4,8.2,197.0,101.5,160.2,400.9,9.4,0
80,Female,12.9,41.5,91.1,30.9,33.8,3.8,7.7,200.4,100.0,159.1,398.7,8.1,1
76,Female,12.0,40.4,88.2,28.3,32.0,4.2,6.3,158.7,98.4,157.2,398.4,6.7,1
30,Male,13.7,44.4,88.1,28.2,32.1,4.7,6.2,247.6,98.2,178.0,398.2,7.0,1
18,Female,14.7,42.8,91.3,30.6,34.6,5.4,6.3,186.2,101.0,159.6,401.4,9.4,0
71,Female,12.0,40.4,88.1,28.1,32.3,4.2,8.3,335.4,98.1,157.1,398.1,6.9,1
17,Male,14.9,47.3,90.8,30.6,32.5,5.97,5.1,254.9,100.3,178.8,400.0,7.6,0
16,Male,14.7,44.5,90.8,29.9,33.3,5.16,4.5,259.4,99.1,181.2,400.7,9.3,1
17,Male,13.6,44.2,88.1,28.3,32.3,4.7,5.9,219.3,98.4,178.3,398.1,6.6,1
46,Female,14.5,42.6,91.2,31.1,35.3,5.4,6.1,263.2,101.1,159.9,400.0,9.4,0
51,Male,16.0,47.0,91.4,30.2,34.9,6.1,7.2,330.7,100.9,181.1,401.3,9.6,0
36,Male,16.3,47.4,90.9,30.9,34.2,6.1,7.6,265.7,100.6,180.8,400.8,8.8,0
8,Male,11.0,44.2,88.2,28.0,32.1,4.7,4.5,270.0,98.5,178.5,398.1,6.8,1
82,Male,15.3,45.3,90.9,30.1,34.4,4.06,8.9,303.9,98.9,180.7,398.7,7.3,0
47,Female,14.2,42.9,91.0,31.0,34.3,5.22,7.7,173.7,100.1,159.8,400.1,9.0,0
1,Female,12.7,42.3,90.3,31.3,35.3,5.4,4.5,220.1,100.6,159.5,400.8,9.4,0
32,Male,13.5,44.0,88.3,28.3,32.3,4.7,7.2,220.4,98.1,178.2,398.3,6.6,1
85,Male,16.0,44.7,90.8,28.9,33.7,4.75,4.8,248.1,100.6,180.3,400.4,9.2,1
17,Male,13.5,44.2,88.2,28.2,32.4,4.7,6.3,289.4,98.2,178.1,398.4,6.8,1
66,Male,13.5,44.1,88.0,28.4,32.2,4.7,7.8,269.5,98.3,178.3,398.4,6.6,1
64,Male,15.8,46.6,90.1,30.4,34.6,6.1,5.9,213.7,101.2,181.4,400.5,9.5,0
0,Male,13.5,47.5,90.9,30.6,34.3,5.79,4.5,232.5,101.4,180.6,400.6,9.1,0
81,Female,12.2,40.2,88.5,28.4,32.1,4.2,5.5,265.3,98.3,157.4,398.1,6.5,1
85,Female,12.9,41.8,89.8,31.2,34.1,5.74,7.0,316.6,98.8,159.9,401.3,9.9,1
24,Female,13.9,42.2,90.9,30.6,34.0,5.4,4.5,211.3,101.1,159.7,401.0,8.5,0
43,Male,16.2,47.0,90.2,30.7,35.2,6.1,8.6,292.7,100.4,181.3,400.7,8.8,0
44,Male,16.3,46.4,91.1,30.7,34.4,6.1,7.6,258.4,100.2,181.0,400.4,9.9,0
77,Female,12.2,40.1,88.4,28.3,32.1,4.2,6.2,177.8,98.2,157.2,398.2,7.0,1
67,Male,13.6,44.5,88.3,28.4,32.1,4.7,5.3,271.3,98.3,178.5,398.5,6.7,1
77,Male,16.9,46.5,91.3,30.2,35.4,5.93,6.0,150.0,101.1,181.1,400.7,9.3,0
48,Male,13.7,44.5,88.2,28.3,32.4,4.7,5.0,213.0,98.3,178.3,398.1,6.7,1
11,Male,11.0,44.2,88.4,28.2,32.5,4.7,6.4,231.1,98.1,178.2,398.3,6.6,1
46,Male,16.2,47.4,90.5,31.0,35.1,6.1,4.5,316.1,101.5,180.9,401.1,9.0,0
87,Male,16.9,46.2,90.1,31.2,35.3,6.1,9.1,187.4,100.5,180.4,400.7,8.8,0
10,Male,13.4,47.4,90.3,31.2,35.1,5.5,4.7,211.1,100.5,181.5,401.0,9.6,0
88,Female,14.4,42.7,91.0,30.2,35.2,5.4,5.0,258.9,100.8,159.2,401.1,9.0,0
19,Male,15.7,44.6,89.3,29.9,34.4,5.92,6.8,296.7,98.5,179.3,398.8,9.5,0
32,Female,14.9,40.8,89.4,29.1,34.5,5.86,6.4,294.1,99.1,158.3,400.6,8.9,0
73,Male,13.9,44.0,88.5,28.5,32.5,4.7,10.5,309.9,98.3,178.2,398.5,6.9,1
10,Male,13.0,46.6,91.4,31.0,34.4,5.59,6.4,301.1,101.0,180.7,400.3,9.4,0
13,Male,15.9,45.8,90.7,30.9,34.6,5.02,10.6,199.3,98.8,179.9,399.4,7.2,0
15,Male,16.9,46.4,90.7,30.0,35.0,6.02,5.7,216.5,101.0,180.6,400.3,9.5,0
12,Male,15.9,46.4,90.6,31.5,34.1,6.1,6.7,203.8,101.1,181.1,400.6,9.0,0
19,Female,12.0,40.2,88.3,28.3,32.2,4.2,6.6,201.0,98.1,157.5,398.1,6.7,1
10,Male,13.3,46.9,91.0,30.1,35.4,6.1,7.7,273.6,101.4,180.8,400.3,9.4,0
30,Female,14.6,42.3,90.7,31.0,34.5,5.4,6.0,150.0,100.2,160.0,400.3,9.7,0
16,Female,14.1,43.3,90.2,30.1,34.9,5.4,6.4,328.2,101.4,159.6,400.5,9.2,0
13,Male,14.9,46.2,90.9,30.0,33.9,6.75,6.5,245.8,101.1,179.2,400.3,9.8,0
87,Female,15.0,43.2,90.7,30.3,34.6,5.4,7.0,258.0,100.3,159.1,401.4,9.2,0
18,Female,12.0,40.4,88.4,28.4,32.5,4.2,9.1,290.9,98.4,157.3,398.4,6.7,1
80,Male,13.6,44.0,88.4,28.2,32.4,4.7,6.3,155.2,98.0,178.1,398.3,6.6,1
21,Female,12.0,40.1,88.4,28.1,32.1,4.2,7.8,256.8,98.3,157.3,398.2,6.9,1
77,Male,16.5,47.2,90.8,30.1,34.2,6.1,5.3,216.0,100.7,181.0,400.6,9.7,0
30,Female,14.6,42.1,90.1,30.3,34.4,5.4,7.3,232.2,101.1,159.5,400.8,8.7,0
5,Male,11.0,44.4,88.1,28.2,32.5,4.7,6.3,261.5,98.3,178.2,398.3,6.7,1
90,Female,12.0,40.2,88.1,28.2,32.2,4.2,5.9,163.5,98.1,157.4,398.0,6.9,1
86,Female,12.2,40.0,88.4,28.3,32.1,4.2,9.5,222.8,98.1,157.3,398.1,6.9,1
40,Male,14.4,45.3,90.4,29.7,33.4,6.67,8.0,236.9,98.7,181.0,400.0,8.5,0
15,Female,15.2,43.3,91.4,31.1,34.6,5.11,6.5,235.8,100.3,159.8,401.0,9.0,0
25,Male,15.9,47.4,90.4,30.6,34.2,6.1,5.5,206.0,101.4,181.2,400.2,9.7,0
15,Female,12.0,40.5,88.5,28.2,32.4,4.2,4.5,314.7,98.5,157.1,398.2,6.9,1
17,Male,14.0,47.2,89.4,29.9,34.4,4.26,7.1,332.7,98.7,179.0,400.3,8.3,1
16,Female,13.1,43.2,88.6,31.0,34.0,5.68,7.9,272.2,98.6,157.5,399.1,9.1,1
66,Female,12.5,42.6,90.4,30.2,33.6,4.44,5.9,279.5,100.8,159.0,399.6,7.9,0
37,Female,14.1,42.4,90.1,31.2,35.2,4.92,6.5,167.9,100.8,159.8,401.5,9.6,0
4,Male,12.7,47.4,90.9,30.9,34.5,5.48,6.9,227.4,100.1,180.9,401.3,9.8,0
57,Female,13.3,43.4,91.1,30.6,33.6,4.03,4.6,247.7,99.0,158.5,398.8,8.5,1
7,Male,11.0,44.3,88.4,28.4,32.4,4.7,7.8,223.5,98.4,178.4,398.4,6.7,1
20,Female,14.1,42.4,90.8,30.7,35.1,5.4,9.8,325.4,101.3,159.6,400.0,8.8,0
82,Male,16.2,46.9,91.4,30.6,35.1,6.1,9.4,222.8,100.4,180.5,400.0,10.0,0
16,Female,15.0,42.3,90.1,31.3,34.6,5.07,7.1,205.1,100.2,159.9,401.1,9.3,0
81,Male,16.0,47.5,91.4,31.0,34.0,6.1,5.4,170.6,100.2,180.8,401.1,8.9,0
16,Male,13.8,44.5,88.4,28.3,32.1,4.7,8.8,273.8,98.0,178.4,398.3,6.8,1
83,Male,16.8,46.1,91.3,30.2,34.1,6.1,4.5,303.7,100.9,180.4,401.0,9.3,0
16,Male,16.8,47.1,90.5,30.2,34.1,5.54,6.1,255.5,100.5,181.1,400.4,9.6,0
63,Female,12.0,40.3,88.1,28.1,32.1,4.2,7.3,202.8,98.1,157.1,398.1,6.6,1
16,Female,12.1,40.2,88.2,28.3,32.3,4.2,7.6,226.0,98.2,157.4,398.5,6.6,1
86,Female,12.2,40.2,88.2,28.0,32.5,4.2,7.2,293.3,98.1,157.0,398.1,6.6,1
23,Male,16.4,47.3,90.5,31.2,34.8,5.85,5.6,180.6,100.9,180.3,401.4,9.4,0
79,Female,14.4,43.3,90.9,31.4,35.3,5.31,7.1,253.7,101.5,159.0,401.3,8.6,0
84,Female,12.0,40.4,88.1,28.1,32.4,4.2,4.9,260.2,98.4,157.2,398.3,6.6,1
1,Female,13.3,42.5,90.7,31.1,35.1,5.4,8.2,254.1,100.9,160.0,401.2,8.7,0
14,Female,12.9,43.0,90.9,28.8,35.3,4.89,5.8,150.0,100.6,158.5,398.6,9.0,1
14,Female,14.6,42.2,91.3,31.3,34.4,5.04,7.2,213.7,100.1,160.0,401.0,9.4,0
50,Male,13.7,44.1,88.1,28.1,32.5,4.7,6.9,219.0,98.2,178.3,398.2,6.6,1
0,Female,11.8,41.8,90.9,30.0,35.0,3.88,8.3,269.8,99.1,158.9,401.2,9.9,0
62,Male,15.8,46.6,90.9,31.3,34.7,6.1,6.4,319.4,100.8,181.1,400.0,9.8,0
43,Male,15.8,46.2,91.3,31.2,34.5,6.1,7.0,196.6,100.0,180.6,400.1,9.2,0
46,Female,12.1,40.2,88.4,28.0,32.3,4.2,4.5,206.1,98.5,157.2,398.3,7.0,1
68,Female,12.2,40.0,88.3,28.3,32.5,4.2,9.3,173.7,98.3,157.3,398.5,6.8,1
80,Male,16.6,46.2,90.4,30.3,34.5,5.51,9.7,181.2,101.0,181.1,400.8,9.3,0
74,Female,14.9,43.0,90.2,31.2,34.5,5.4,8.4,274.1,101.1,159.9,401.1,9.4,0
3,Male,11.0,44.4,88.3,28.4,32.4,4.7,8.4,257.8,98.3,178.1,398.4,6.5,1
32,Female,13.9,42.3,90.4,31.3,35.4,5.33,7.1,289.7,100.7,160.2,400.8,9.2,0
21,Female,13.9,42.7,91.1,30.2,35.0,5.4,6.3,333.5,101.0,159.2,400.3,9.9,0
18,Female,14.3,42.9,90.8,30.5,35.3,4.88,8.1,281.2,100.9,159.6,400.9,8.6,0
63,Female,12.1,40.4,88.2,28.4,32.3,4.2,5.6,274.7,98.1,157.2,398.2,6.7,1
9,Male,11.0,44.0,88.2,28.0,32.2,4.7,4.5,150.0,98.1,178.1,398.1,6.8,1
13,Female,12.1,40.4,88.3,28.2,32.4,4.2,6.8,332.4,98.1,157.3,398.2,6.8,1
42,Male,16.1,46.2,90.1,31.0,34.1,6.1,4.9,259.1,100.8,180.3,400.7,9.7,0
38,Male,15.9,46.5,90.2,30.3,34.1,6.1,4.5,285.0,100.8,180.9,401.4,8.8,0
18,Female,15.2,43.3,90.5,31.1,34.8,5.4,7.6,199.8,101.2,160.1,401.4,8.6,0
59,Female,12.0,40.4,88.3,28.5,32.0,4.2,8.1,257.4,98.4,157.5,398.1,6.8,1
25,Female,12.0,40.3,88.5,28.2,32.0,4.2,4.8,330.9,98.3,157.2,398.4,6.5,1
10,Male,12.4,46.5,91.4,30.5,34.8,6.1,7.4,246.3,101.4,180.4,400.7,9.0,0
22,Female,13.1,42.1,90.6,29.3,34.6,4.55,7.4,333.1,101.1,160.0,399.8,9.4,1
8,Female,13.5,43.2,90.1,31.2,35.3,4.89,8.6,150.0,100.3,159.8,401.3,9.8,0
90,Male,16.2,47.0,90.9,30.1,34.1,6.1,6.3,210.3,101.2,180.6,400.3,9.2,0
15,Male,13.8,44.4,88.1,28.3,32.1,4.7,4.5,236.7,98.4,178.1,398.3,6.7,1
80,Male,13.8,44.3,88.2,28.4,32.3,4.7,7.4,292.9,98.4,178.2,398.0,6.9,1
52,Male,16.6,47.1,90.4,30.8,34.9,6.1,7.6,268.4,101.3,181.2,400.7,9.1,0
75,Male,15.8,46.9,91.1,30.6,34.1,6.1,5.6,296.7,100.7,180.0,400.5,9.3,0
6,Male,11.0,44.3,88.3,28.4,32.4,4.7,6.6,289.8,98.2,178.3,398.2,6.7,1
29,Female,14.6,41.6,90.3,29.9,33.9,6.13,5.8,230.7,99.6,157.9,401.0,7.7,1
6,Female,11.0,40.2,88.0,28.0,32.5,4.2,4.8,276.8,98.1,157.2,398.2,6.9,1
9,Female,12.7,42.7,91.1,31.3,34.7,4.96,8.2,150.0,100.6,159.3,400.1,9.5,0
18,Female,12.0,40.3,88.2,28.2,32.4,4.2,5.8,259.2,98.3,157.1,398.3,6.7,1
83,Female,12.2,40.4,88.4,28.4,32.1,4.2,7.3,181.9,98.2,157.2,398.1,7.0,1
53,Male,15.1,46.3,89.1,30.6,34.1,4.91,7.8,318.5,101.2,180.1,399.5,7.0,0
11,Female,11.0,40.2,88.1,28.3,32.4,4.2,6.0,196.7,98.4,157.4,398.3,6.6,1
40,Male,16.8,46.5,90.5,31.1,35.2,5.74,7.2,215.7,101.1,181.4,400.6,8.5,0
18,Male,16.1,46.6,91.4,31.2,34.2,5.56,5.7,242.0,100.9,180.2,400.8,8.5,0
40,Male,15.7,47.0,90.2,30.3,35.2,6.1,5.3,341.9,100.6,181.0,401.1,9.3,0
19,Male,16.3,46.4,90.1,31.4,34.3,5.7,5.5,150.0,100.0,180.2,400.6,9.5,0
15,Female,12.7,42.3,88.9,28.7,32.5,3.97,6.8,334.6,99.0,158.2,399.3,9.5,0
64,Male,17.0,46.2,90.1,30.0,34.7,5.52,4.5,257.3,100.5,181.0,400.2,9.6,0
8,Female,11.0,40.3,88.2,28.4,32.3,4.2,6.8,254.6,98.0,157.0,398.4,6.9,1
54,Male,13.8,44.4,88.3,28.1,32.5,4.7,5.8,191.4,98.1,178.0,398.2,7.0,1
17,Male,13.5,44.2,88.5,28.2,32.4,4.7,8.2,250.4,98.1,178.5,398.0,6.5,1
65,Male,16.7,47.0,90.2,29.9,33.5,4.16,7.0,181.5,98.8,180.6,398.5,9.6,0
79,Female,14.1,42.8,90.5,30.4,35.5,5.4,5.7,202.6,101.2,160.3,401.0,9.1,0
80,Male,16.2,46.3,90.9,30.6,35.0,6.1,9.2,257.4,101.1,181.4,400.3,9.7,0
51,Female,15.2,43.4,90.1,30.3,35.0,5.4,6.2,246.1,101.0,159.3,400.8,9.1,0
8,Female,12.5,42.7,90.7,30.7,35.2,5.4,7.1,300.1,100.3,159.2,401.3,8.6,0
19,Male,14.9,44.6,90.9,29.3,33.2,5.33,7.4,302.5,101.0,178.5,399.1,9.2,0
35,Male,17.0,45.7,89.2,30.5,33.0,4.2,7.9,219.2,100.9,180.0,401.0,9.6,0
36,Male,13.8,44.4,88.2,28.2,32.3,4.7,5.1,247.3,98.5,178.2,398.2,6.8,1
26,Male,13.9,44.0,88.1,28.3,32.4,4.7,8.7,221.3,98.2,178.4,398.2,6.8,1
19,Female,14.2,43.4,91.4,30.2,35.2,5.4,6.9,271.8,101.1,159.8,400.1,8.6,0
12,Female,14.0,42.7,89.9,29.4,33.5,5.88,8.0,178.7,100.0,158.4,401.2,9.5,1
79,Male,13.8,44.4,88.2,28.1,32.4,4.7,8.4,260.7,98.3,178.3,398.3,6.8,1
14,Male,16.3,47.2,91.3,30.9,34.0,6.1,9.3,152.4,101.0,180.5,401.4,8.7,0
12,Male,16.8,45.2,90.3,30.5,35.4,5.3,8.3,266.4,98.9,181.2,399.5,8.3,1
13,Male,14.0,44.4,88.4,28.1,32.2,4.7,8.9,229.2,98.3,178.3,398.4,6.9,1
34,Male,14.0,44.2,88.2,28.5,32.2,4.7,5.1,271.6,98.3,178.0,398.4,6.8,1
68,Female,15.0,43.1,90.8,31.4,35.4,5.4,6.1,219.6,101.4,159.6,401.2,9.5,0
7,Female,12.3,42.1,90.8,30.2,35.2,5.21,6.7,233.8,100.5,159.1,400.2,9.0,0
2,Male,11.0,44.2,88.4,28.3,32.2,4.7,8.1,249.2,98.2,178.0,398.3,6.8,1
0,Male,12.9,47.4,90.8,30.9,34.3,6.1,5.1,264.6,100.1,180.9,401.1,9.3,0
64,Female,12.0,40.1,88.0,28.2,32.5,4.2,7.2,237.9,98.4,157.4,398.3,6.5,1
29,Female,12.0,40.3,88.1,28.5,32.3,4.2,7.4,269.5,98.2,157.4,398.5,7.0,1
16,Female,14.0,42.6,90.2,30.3,34.6,5.4,4.5,282.3,101.1,159.0,400.6,9.4,0
37,Male,16.9,46.5,90.3,30.2,34.2,5.49,6.8,208.2,100.5,181.1,401.3,9.7,0
13,Female,14.1,42.7,90.3,30.3,34.3,5.28,7.4,234.1,100.3,159.6,400.0,8.7,0
55,Male,16.0,46.2,91.2,30.0,35.2,5.79,7.5,284.8,101.0,180.5,400.1,9.7,0
33,Male,13.6,44.0,88.2,28.3,32.4,4.7,4.7,160.4,98.4,178.1,398.0,6.7,1
73,Female,12.1,40.4,88.3,28.3,32.2,4.2,5.4,306.2,98.1,157.4,398.0,7.0,1
7,Male,12.4,44.9,90.9,29.6,34.0,5.5,7.5,252.8,100.0,180.8,401.4,9.3,0
75,Male,13.9,44.1,88.4,28.4,32.4,4.7,6.9,196.2,98.1,178.4,398.0,6.5,1
75,Female,14.1,42.6,90.3,30.6,35.3,5.4,5.3,262.1,100.6,159.9,400.6,8.8,0
75,Female,12.1,40.0,88.3,28.3,32.3,4.2,7.7,266.3,98.3,157.1,398.4,6.6,1
67,Female,14.5,41.8,91.4,29.0,34.7,3.49,7.2,188.6,99.9,160.4,398.5,8.8,1
75,Male,13.6,44.1,88.1,28.1,32.3,4.7,6.0,271.7,98.1,178.2,398.2,6.6,1
11,Male,11.0,44.0,88.2,28.4,32.1,4.7,5.2,288.1,98.5,178.3,398.3,6.7,1
19,Female,12.0,40.4,88.2,28.3,32.4,4.2,8.0,195.3,98.2,157.2,398.2,6.6,1
11,Male,12.9,47.1,90.8,30.1,35.0,6.47,8.8,249.3,101.2,178.5,401.1,7.2,0
27,Male,16.4,47.4,90.1,30.4,34.3,6.1,9.5,224.8,100.4,180.9,401.3,9.9,0
23,Male,13.8,44.1,88.5,28.3,32.2,4.7,6.8,168.1,98.2,178.0,398.4,6.9,1
27,Female,12.8,42.3,90.1,30.5,33.0,3.57,6.5,189.5,100.7,159.1,400.2,8.0,1
11,Male,11.0,44.1,88.1,28.3,32.5,4.7,8.2,230.0,98.5,178.1,398.5,7.0,1
14,Male,16.8,47.3,90.0,30.9,34.6,6.02,6.2,294.9,101.4,180.3,401.0,9.5,0
65,Male,16.5,46.8,90.1,31.4,35.2,5.62,10.5,220.7,100.2,180.8,400.1,9.3,0
24,Female,12.0,40.1,88.3,28.3,32.1,4.2,6.9,308.4,98.4,157.0,398.2,6.9,1
19,Male,13.7,44.3,88.1,28.2,32.3,4.7,6.7,309.3,98.4,178.3,398.3,6.6,1
16,Female,12.1,40.2,88.2,28.2,32.0,4.2,5.9,251.1,98.3,157.1,398.1,7.0,1
4,Male,13.2,46.4,90.3,30.8,34.0,5.41,6.5,212.4,101.2,180.9,400.8,8.9,0
4,Female,11.0,40.1,88.4,28.1,32.0,4.2,8.2,267.1,98.3,157.0,398.0,6.9,1
11,Female,13.5,43.3,91.5,30.6,35.4,5.4,8.0,216.0,100.9,159.3,401.1,8.7,0
6,Male,11.4,46.8,88.6,29.0,32.7,5.12,6.0,209.6,100.0,180.1,399.1,9.6,1
30,Female,14.9,42.2,90.6,30.3,35.0,5.4,4.5,183.4,100.8,159.9,400.4,9.1,0
79,Female,12.2,40.1,88.1,28.5,32.3,4.2,6.8,169.1,98.2,157.0,398.0,6.8,1
6,Male,11.0,44.3,88.0,28.1,32.2,4.7,7.3,164.1,98.2,178.3,398.2,6.9,1
68,Female,14.8,42.8,90.4,31.1,35.2,5.4,5.8,229.6,101.5,159.5,400.1,9.9,0
19,Female,12.1,40.5,88.1,28.4,32.5,4.2,5.9,231.6,98.3,157.1,398.2,6.7,1
86,Male,13.9,44.1,88.1,28.1,32.1,4.7,5.5,246.5,98.0,178.0,398.2,6.9,1
59,Male,13.9,44.2,88.4,28.4,32.5,4.7,4.5,247.8,98.3,178.0,398.1,7.0,1
65,Female,14.2,42.2,90.8,30.7,34.3,5.4,4.5,305.5,101.5,159.2,401.3,8.8,0
8,Male,11.0,44.0,88.4,28.3,32.4,4.7,9.7,220.7,98.0,178.2,398.4,6.9,1
73,Male,16.4,47.1,91.1,30.1,35.2,6.1,8.2,150.0,100.9,180.2,400.6,9.0,0
72,Male,16.4,47.0,91.1,30.2,34.3,6.1,6.6,305.0,101.5,180.3,400.6,9.1,0
10,Female,13.0,41.7,89.0,29.2,33.4,3.61,7.9,243.2,99.1,160.4,400.0,9.3,0
90,Male,15.6,47.0,91.5,30.9,35.0,6.75,7.8,229.6,99.0,180.2,398.8,8.0,1
6,Male,11.0,44.4,88.5,28.0,32.2,4.7,6.9,150.0,98.3,178.2,398.2,6.5,1
56,Male,13.7,44.0,88.5,28.2,32.0,4.7,6.6,295.1,98.3,178.3,398.2,6.9,1
63,Male,13.7,44.0,88.1,28.1,32.1,4.7,9.5,228.9,98.3,178.5,398.5,6.8,1
18,Male,13.6,44.1,88.4,28.3,32.3,4.7,10.0,195.1,98.0,178.2,398.1,6.8,1
45,Female,13.9,42.6,90.1,31.4,35.1,5.4,6.1,195.6,100.2,159.8,401.2,8.5,0
16,Female,12.0,40.4,88.4,28.4,32.3,4.2,7.7,284.3,98.0,157.3,398.4,6.8,1
14,Male,13.8,44.2,88.1,28.1,32.2,4.7,7.1,150.0,98.1,178.3,398.3,6.7,1
27,Female,14.8,43.1,91.2,30.4,35.1,5.4,6.9,311.5,100.8,159.1,401.3,9.3,0
18,Female,14.5,43.0,90.0,30.9,34.7,5.4,7.0,250.9,100.1,159.6,401.0,8.5,0
56,Female,14.6,42.0,91.4,30.7,34.5,5.4,4.9,195.8,101.3,160.2,400.6,9.5,0
69,Female,12.0,40.5,88.5,28.1,32.2,4.2,7.2,200.0,98.1,157.2,398.1,6.8,1
40,Male,15.0,45.2,89.6,29.7,32.9,5.37,5.8,263.7,100.1,178.8,401.1,8.2,0
8,Male,12.8,45.1,90.6,30.1,32.9,4.85,9.7,238.5,98.6,180.0,400.0,10.0,1
3,Male,12.8,47.2,90.7,31.5,34.8,5.88,6.0,190.5,100.6,180.1,400.6,9.2,0
85,Female,12.1,40.3,88.1,28.1,32.4,4.2,8.3,263.2,98.2,157.4,398.4,6.6,1
13,Female,12.0,40.4,88.1,28.3,32.2,4.2,5.5,256.6,98.3,157.4,398.3,6.9,1
43,Female,14.0,42.4,91.2,30.9,34.5,5.4,5.8,312.3,100.7,160.0,400.5,9.4,0
2,Female,12.3,43.5,90.8,31.2,34.4,5.4,4.5,333.8,101.5,159.7,401.0,8.5,0
75,Male,16.0,46.5,91.5,31.4,34.9,6.1,7.8,246.7,100.9,180.3,401.0,8.8,0
71,Female,15.1,42.6,90.9,30.3,34.2,4.93,7.8,307.3,100.9,160.4,400.2,8.8,0
16,Male,15.7,46.8,90.4,30.2,34.6,5.6,6.4,342.5,100.8,180.2,400.2,9.4,0
66,Male,16.1,47.4,90.6,31.2,34.4,5.85,8.1,251.5,101.2,181.2,400.7,9.1,0
54,Female,15.2,42.0,90.6,31.0,34.2,5.4,5.7,213.6,101.3,159.3,400.6,8.8,0
22,Male,13.7,44.5,88.3,28.4,32.1,4.7,7.2,221.2,98.4,178.2,398.1,6.7,1
50,Male,16.8,46.2,91.2,30.3,35.2,6.1,6.8,180.6,101.0,181.0,400.6,9.8,0
3,Male,11.0,44.4,88.4,28.4,32.3,4.7,6.4,226.2,98.4,178.2,398.2,6.6,1
51,Female,15.2,43.1,90.6,28.7,32.5,3.37,6.9,203.4,98.6,158.6,401.4,8.7,0
11,Female,11.0,40.4,88.4,28.1,32.1,4.2,5.9,267.5,98.3,157.1,398.4,6.5,1
2,Male,13.1,46.1,91.5,31.5,35.0,6.1,8.4,221.2,101.0,180.2,401.4,9.7,0
13,Male,15.8,47.0,90.9,31.0,34.1,6.1,4.6,203.4,100.7,180.6,401.3,9.9,0
90,Male,15.7,44.5,90.4,31.1,34.0,5.77,5.7,294.3,98.8,179.3,401.4,8.5,1
17,Female,12.0,40.0,88.1,28.0,32.4,4.2,6.7,228.6,98.4,157.4,398.1,7.0,1
22,Female,12.0,40.1,88.1,28.4,32.2,4.2,8.8,213.9,98.2,157.2,398.3,6.5,1
27,Male,15.6,46.1,90.5,30.3,34.4,5.73,6.5,236.7,101.4,180.2,400.3,8.9,0
77,Male,16.7,47.4,90.5,31.1,34.2,6.1,8.5,300.6,101.0,180.7,401.0,9.7,0
12,Female,14.7,41.5,91.0,29.1,33.5,5.23,5.3,217.3,101.3,158.9,401.3,10.0,1
74,Female,12.0,40.4,88.1,28.1,32.1,4.2,7.7,251.3,98.3,157.5,398.1,6.6,1
46,Female,12.0,40.5,88.2,28.1,32.0,4.2,8.0,179.7,98.3,157.1,398.4,6.7,1
17,Female,14.7,40.5,89.1,29.0,32.7,4.38,7.8,323.5,99.3,160.2,399.4,8.6,0
68,Female,14.4,42.5,90.3,30.8,35.3,5.4,7.0,273.5,100.9,159.9,400.7,8.7,0
25,Male,13.8,44.1,88.1,28.2,32.5,4.7,5.9,150.0,98.5,178.1,398.2,6.7,1
80,Male,13.7,44.3,88.2,28.3,32.0,4.7,9.5,271.9,98.3,178.2,398.0,6.6,1
15,Male,15.6,47.1,91.1,30.9,34.8,6.05,4.9,275.0,101.4,180.9,400.5,9.2,0
39,Male,16.4,46.8,91.0,31.3,35.3,6.1,6.5,259.1,100.1,181.3,400.7,9.7,0
61,Male,14.3,46.4,91.0,31.0,34.7,6.17,6.0,256.0,99.0,180.7,398.6,7.5,1
52,Male,16.4,46.6,90.1,30.6,34.9,5.83,6.7,258.5,100.6,180.2,400.6,8.6,0
1,Female,11.0,40.0,88.3,28.0,32.2,4.2,7.0,254.9,98.2,157.2,398.1,6.7,1
16,Female,14.7,43.2,90.9,30.9,34.4,4.89,8.1,273.4,100.6,159.8,400.5,9.2,0
10,Female,11.0,40.1,88.3,28.2,32.2,4.2,6.4,210.5,98.3,157.2,398.4,6.9,1
28,Male,13.8,44.1,88.4,28.3,32.4,4.7,9.4,253.7,98.3,178.3,398.3,6.7,1
5,Male,11.0,44.4,88.2,28.1,32.2,4.7,9.4,195.0,98.3,178.1,398.2,6.8,1
15,Female,12.0,40.4,88.1,28.3,32.2,4.2,7.0,299.3,98.3,157.3,398.3,6.8,1
82,Male,16.5,47.1,90.9,30.4,34.8,5.78,7.3,265.5,100.7,181.4,400.8,9.0,0
16,Female,15.1,43.1,91.4,31.2,34.6,4.98,4.8,313.6,100.6,159.6,401.4,8.6,0
24,Female,15.1,42.8,90.9,30.8,35.3,4.9,7.3,230.5,101.2,159.7,400.5,8.9,0
21,Male,16.1,47.2,90.4,31.4,34.9,6.1,7.0,205.6,101.4,181.3,400.1,9.0,0
10,Male,12.4,47.1,90.4,31.0,34.5,6.1,5.6,201.8,101.4,180.0,401.0,9.6,0
43,Male,13.9,44.2,88.5,28.5,32.4,4.7,8.2,217.0,98.2,178.1,398.1,6.8,1
6,Female,12.6,42.4,90.3,30.5,34.9,5.38,6.0,150.0,100.2,159.6,401.1,8.8,0
52,Female,13.2,41.9,91.2,30.9,34.2,4.53,7.7,322.3,101.3,159.7,398.9,9.4,1
30,Female,14.8,42.6,90.9,31.3,35.0,5.4,6.4,274.9,101.0,159.7,401.1,8.7,0
86,Female,12.1,40.4,88.1,28.2,32.1,4.2,8.5,217.8,98.4,157.0,398.1,6.8,1
68,Male,15.7,47.3,90.5,30.5,34.6,6.1,8.4,228.8,101.5,180.5,400.2,8.7,0
1,Female,13.4,42.9,90.9,31.2,34.3,5.4,6.1,236.0,100.2,159.2,400.9,8.7,0
8,Female,12.3,42.8,90.4,31.2,34.5,5.4,10.2,351.5,101.3,159.7,401.3,9.0,0
90,Female,14.4,42.8,90.3,30.4,34.8,5.35,6.8,226.6,101.2,159.2,400.0,8.7,0
19,Male,16.5,47.3,90.7,30.8,35.4,6.1,4.5,230.3,100.6,180.6,400.4,8.9,0
85,Female,12.2,40.2,88.1,28.4,32.4,4.2,8.5,247.8,98.3,157.0,398.5,6.9,1
89,Female,13.8,40.5,91.2,30.9,34.7,3.5,8.6,244.4,100.5,159.9,400.3,7.6,1
81,Male,16.0,47.3,89.4,29.2,33.9,4.81,5.3,209.7,100.5,180.7,398.8,9.4,0
52,Female,15.2,43.3,91.0,30.0,34.4,5.4,5.3,332.3,101.2,160.0,400.5,9.7,0
5,Female,13.3,42.3,90.2,31.2,35.4,5.4,7.2,272.1,101.4,160.0,401.4,8.7,0
61,Female,14.8,43.3,90.6,31.1,34.1,4.88,5.4,220.6,100.8,159.3,401.5,9.8,0
9,Female,11.0,40.1,88.3,28.0,32.3,4.2,6.8,265.0,98.0,157.4,398.1,6.8,1
15,Male,14.3,46.6,91.2,29.4,34.0,5.07,6.7,196.9,99.8,180.4,400.8,9.4,1
3,Female,13.5,43.4,91.3,31.4,34.0,5.4,8.4,233.3,100.3,159.7,400.1,8.6,0
87,Female,13.2,40.7,90.2,29.4,32.8,3.87,7.9,278.3,100.8,157.7,398.8,7.7,1
13,Female,15.1,40.7,89.9,30.2,35.2,3.62,10.2,238.3,100.2,160.2,398.8,7.2,1
17,Male,13.9,44.4,88.4,28.5,32.2,4.7,7.6,246.5,98.5,178.5,398.5,6.9,1
19,Male,16.1,46.8,90.2,29.4,32.5,5.72,10.0,297.1,101.3,179.2,400.6,7.6,0
18,Female,12.0,40.5,88.5,28.2,32.1,4.2,5.3,196.0,98.3,157.3,398.3,6.7,1
7,Female,11.0,40.4,88.3,28.2,32.3,4.2,7.7,282.0,98.1,157.1,398.1,6.8,1
88,Female,15.1,42.6,90.8,30.3,34.8,5.2,6.3,275.2,100.5,159.1,400.9,9.9,0
0,Male,11.0,44.0,88.2,28.1,32.1,4.7,5.6,214.2,98.3,178.1,398.0,6.8,1
26,Female,12.1,40.2,88.5,28.4,32.5,4.2,9.4,238.4,98.2,157.0,398.1,6.6,1
40,Male,16.8,46.8,90.6,30.2,34.6,6.1,6.8,262.8,100.5,180.2,401.0,9.9,0
37,Male,17.0,46.4,90.5,30.3,35.3,6.1,8.0,273.0,100.1,180.8,401.0,9.3,0
40,Male,13.7,44.2,88.0,28.3,32.4,4.7,7.6,278.6,98.3,178.4,398.4,6.8,1
18,Male,15.6,46.6,90.9,30.2,35.1,6.1,7.9,225.1,101.0,181.3,400.1,9.4,0
74,Male,15.6,46.1,90.1,30.9,34.6,5.84,5.5,217.7,100.6,180.3,401.0,8.7,0
64,Male,13.5,44.3,88.2,28.1,32.4,4.7,8.8,258.5,98.1,178.0,398.5,6.6,1
64,Female,14.5,42.5,90.5,30.8,34.0,5.4,5.9,349.8,100.1,159.9,400.0,9.5,0
74,Male,16.9,47.4,90.2,31.5,34.1,5.73,7.2,249.1,100.7,180.8,401.0,10.0,0
30,Male,13.5,44.1,88.2,28.1,32.4,4.7,5.8,205.0,98.3,178.4,398.5,6.7,1
6,Female,11.0,40.2,88.5,28.4,32.0,4.2,5.0,243.6,98.5,157.5,398.4,6.8,1
83,Male,16.8,46.6,91.3,30.5,34.3,5.89,4.6,315.6,101.0,180.4,401.1,9.0,0
5,Male,13.1,47.4,90.8,30.3,34.6,6.1,9.0,314.6,101.3,181.3,401.4,8.6,0
6,Female,11.0,40.2,88.1,28.2,32.0,4.2,5.1,262.1,98.2,157.1,398.0,7.0,1
79,Female,12.1,40.2,88.4,28.2,32.1,4.2,6.2,248.0,98.1,157.2,398.4,6.7,1
86,Female,12.0,40.1,88.3,28.0,32.3,4.2,7.0,284.2,98.1,157.1,398.4,6.7,1
64,Male,15.8,46.2,90.1,31.4,34.3,5.92,6.0,169.3,101.1,181.3,400.3,9.5,0
46,Male,14.8,46.6,90.3,30.4,34.9,4.4,5.4,280.9,100.4,178.8,400.6,8.0,0
1,Male,12.3,46.2,90.1,30.9,34.1,6.1,11.0,318.0,100.8,180.3,400.3,9.0,0
60,Female,12.1,40.2,88.5,28.2,32.3,4.2,7.6,286.4,98.2,157.4,398.4,6.9,1
81,Male,13.7,44.3,88.2,28.5,32.3,4.7,4.5,250.7,98.1,178.1,398.2,6.6,1
1,Female,11.0,40.2,88.0,28.4,32.1,4.2,7.2,278.3,98.3,157.4,398.3,6.7,1
8,Male,11.0,44.4,88.1,28.5,32.4,4.7,7.2,313.2,98.4,178.3,398.2,6.8,1
37,Female,14.4,43.1,90.8,31.4,34.5,5.34,5.9,299.6,100.8,159.5,400.4,9.3,0
8,Female,12.3,42.7,90.3,30.0,34.7,5.11,4.5,231.5,100.9,160.5,400.8,9.5,0
11,Female,11.0,40.4,88.4,28.1,32.1,4.2,8.0,252.0,98.3,157.3,398.1,6.8,1
9,Female,13.5,42.7,90.6,31.4,34.9,5.24,7.3,251.1,101.3,159.4,401.4,10.0,0
77,Male,15.7,46.8,90.4,30.1,34.7,6.1,6.8,223.1,100.4,180.0,400.2,8.7,0
72,Male,16.5,45.2,90.3,30.8,35.5,6.62,7.7,257.7,101.3,178.6,400.5,9.0,0
9,Female,12.7,42.4,91.4,30.4,34.2,4.99,7.9,294.1,100.2,159.3,401.1,8.9,0
9,Female,13.2,43.0,90.7,31.0,35.4,5.4,6.9,277.1,100.8,159.4,401.5,8.6,0
43,Female,12.2,40.4,88.0,28.4,32.1,4.2,4.7,364.0,98.1,157.0,398.2,6.7,1
3,Male,11.0,44.2,88.1,28.2,32.4,4.7,6.8,205.3,98.0,178.4,398.5,6.6,1
18,Male,14.3,45.1,89.0,28.5,32.9,5.26,8.7,236.9,101.3,178.7,400.5,9.1,0
70,Male,15.8,47.1,90.8,31.1,34.7,5.59,6.5,389.2,100.8,181.3,401.3,9.2,0
17,Female,15.0,42.2,90.0,30.1,35.4,5.4,7.1,313.0,100.8,159.4,401.3,9.7,0
10,Male,10.8,46.3,90.8,28.9,34.8,4.68,8.7,311.1,100.2,179.2,399.3,8.4,0
13,Female,14.2,43.5,90.6,31.3,34.8,5.4,6.3,212.9,100.8,160.3,400.1,9.3,0
18,Male,16.7,47.1,91.2,30.0,34.8,6.1,7.6,201.0,100.1,180.3,400.7,9.5,0
17,Male,16.4,46.2,91.4,30.1,35.4,6.1,5.5,169.9,101.1,180.9,401.0,9.1,0
15,Female,12.0,40.2,88.4,28.3,32.4,4.2,6.1,176.8,98.4,157.5,398.0,7.0,1
53,Male,14.0,44.1,88.0,28.2,32.0,4.7,5.5,293.6,98.3,178.3,398.1,6.7,1
9,Male,11.0,44.2,88.0,28.4,32.2,4.7,7.0,151.0,98.2,178.3,398.2,6.7,1
6,Male,11.0,44.4,88.2,28.3,32.1,4.7,8.3,337.3,98.4,178.4,398.4,6.6,1
75,Female,12.0,40.3,88.2,28.3,32.2,4.2,6.4,233.3,98.1,157.3,398.4,6.9,1
19,Male,13.9,44.3,88.5,28.3,32.2,4.7,4.5,245.8,98.1,178.2,398.4,6.6,1
57,Male,13.7,44.1,88.2,28.4,32.4,4.7,8.3,320.2,98.1,178.1,398.1,6.7,1
63,Female,12.0,40.3,88.3,28.2,32.0,4.2,5.9,332.0,98.0,157.4,398.3,6.5,1
58,Male,13.9,44.4,88.1,28.5,32.3,4.7,8.0,208.0,98.5,178.0,398.3,6.9,1
86,Female,14.2,43.2,90.6,30.8,34.2,5.4,6.5,327.4,100.8,160.1,400.6,9.0,0
81,Female,12.0,40.4,88.3,28.2,32.5,4.2,7.8,178.7,98.1,157.3,398.1,6.8,1
1,Female,12.1,41.0,89.2,28.6,34.7,6.28,7.3,179.1,99.7,157.7,398.5,8.0,0
2,Female,11.0,40.2,88.2,28.4,32.2,4.2,7.6,236.3,98.3,157.4,398.2,6.8,1
19,Female,12.5,41.1,88.6,29.4,33.4,5.98,8.2,304.3,100.9,159.4,399.3,9.9,0
41,Female,12.0,40.2,88.3,28.1,32.5,4.2,5.7,319.2,98.1,157.1,398.1,6.8,1
39,Female,14.4,43.4,90.5,31.0,34.0,5.4,6.6,284.3,100.5,159.9,400.5,9.1,0
23,Female,12.0,40.3,88.1,28.1,32.4,4.2,8.4,178.5,98.0,157.5,398.1,7.0,1
25,Female,12.1,40.2,88.4,28.2,32.2,4.2,7.4,194.5,98.4,157.3,398.2,6.9,1
57,Female,13.3,40.9,91.4,29.2,35.3,4.51,8.5,276.5,99.7,157.9,398.8,7.7,0
2,Male,12.4,46.1,90.3,30.8,34.3,5.82,8.9,230.2,100.0,181.0,401.0,9.7,0
43,Female,15.1,43.0,90.2,31.1,34.3,5.4,5.6,245.7,100.5,159.5,401.2,9.0,0
61,Female,13.3,41.4,89.5,29.4,33.0,6.02,4.7,298.6,100.2,158.4,398.7,7.4,1
18,Female,14.3,42.4,90.8,29.1,32.5,4.8,9.9,227.8,100.1,157.6,399.1,8.3,1
3,Female,11.0,40.5,88.1,28.1,32.3,4.2,6.5,293.3,98.4,157.3,398.4,6.8,1
27,Male,13.8,44.1,88.5,28.4,32.2,4.7,5.6,257.1,98.2,178.1,398.2,7.0,1
19,Male,16.9,46.5,91.4,31.4,34.4,6.1,8.3,150.0,100.4,180.0,400.3,8.9,0
63,Male,14.0,44.2,88.0,28.3,32.1,4.7,9.5,221.2,98.1,178.0,398.4,6.8,1
19,Male,14.4,45.9,91.0,30.0,33.0,6.74,7.9,224.8,101.5,180.3,399.1,8.5,1
18,Male,13.9,44.4,88.2,28.5,32.1,4.7,6.0,245.3,98.4,178.4,398.1,6.9,1
30,Male,15.2,46.0,88.9,30.2,33.2,6.35,6.0,257.2,99.1,179.2,400.9,8.5,0
14,Female,15.0,42.1,90.4,31.3,34.4,5.4,8.3,205.9,100.6,159.2,400.4,9.5,0
58,Male,15.8,44.7,90.0,30.5,33.8,5.63,6.6,249.6,99.8,179.1,399.2,7.7,0
59,Female,12.0,40.1,88.2,28.2,32.2,4.2,8.6,262.4,98.0,157.1,398.1,6.8,1
2,Male,11.0,44.4,88.1,28.1,32.0,4.7,5.7,205.5,98.1,178.1,398.2,6.8,1
30,Male,17.0,47.4,90.0,31.2,34.5,5.5,5.5,191.1,100.8,181.0,401.1,8.9,0
45,Male,16.1,45.5,89.3,28.7,34.5,4.55,6.5,215.2,100.7,179.3,398.6,8.8,1
12,Male,16.8,47.2,90.9,31.3,34.3,5.57,6.9,248.1,100.8,181.4,400.1,8.7,0
54,Male,16.8,47.4,90.8,30.8,35.2,6.1,8.4,251.9,101.2,181.4,400.3,9.3,0
68,Male,13.8,44.1,88.4,28.5,32.2,4.7,5.2,206.2,98.3,178.1,398.3,6.8,1
7,Female,12.2,40.6,91.5,29.7,34.2,4.9,4.9,221.6,100.7,158.6,400.5,9.2,0
70,Female,12.0,40.0,88.4,28.2,32.1,4.2,5.3,157.6,98.3,157.2,398.4,6.7,1
45,Female,14.1,42.2,91.4,30.9,34.9,5.4,7.6,265.6,101.3,159.6,401.5,9.6,0
31,Female,12.2,40.4,88.1,28.3,32.2,4.2,8.7,249.2,98.5,157.1,398.0,6.6,1
19,Male,13.9,44.3,88.1,28.2,32.1,4.7,5.5,298.0,98.2,178.4,398.0,6.5,1
13,Male,15.7,46.2,90.1,30.9,34.3,5.94,6.7,303.8,101.4,180.7,400.6,9.6,0
4,Male,11.0,44.1,88.2,28.2,32.3,4.7,9.7,279.0,98.1,178.4,398.2,6.6,1
83,Female,12.7,41.2,90.8,29.7,34.9,5.54,8.6,230.2,100.4,157.6,399.1,7.6,1
27,Female,12.3,41.3,88.9,29.1,34.2,3.49,5.5,288.3,101.4,160.3,400.7,9.4,0
62,Female,15.0,41.7,90.7,29.5,33.1,6.14,7.8,186.3,99.5,160.3,400.9,7.8,1
44,Female,12.1,40.4,88.1,28.1,32.4,4.2,7.2,188.4,98.1,157.0,398.3,6.8,1
30,Male,13.9,44.4,88.5,28.0,32.2,4.7,8.5,219.6,98.3,178.5,398.2,6.7,1
16,Female,12.0,40.4,88.2,28.1,32.5,4.2,7.3,309.4,98.1,157.2,398.2,6.9,1
17,Male,13.6,44.5,88.2,28.2,32.0,4.7,8.1,297.2,98.2,178.4,398.2,6.9,1
51,Female,12.1,40.1,88.2,28.2,32.0,4.2,4.5,276.0,98.3,157.5,398.4,6.6,1
0,Female,12.6,42.2,91.3,31.3,34.4,5.4,5.7,213.1,100.0,159.9,400.2,8.5,0
24,Female,14.2,43.2,91.2,31.0,35.4,5.03,5.6,198.3,100.5,159.5,401.0,8.9,0
84,Female,12.5,42.3,88.8,30.7,32.9,4.7,5.7,278.7,98.8,159.8,400.7,8.0,0
18,Male,16.2,47.4,90.3,30.6,34.9,6.1,5.9,286.0,100.0,180.6,400.2,9.6,0
11,Female,13.1,43.4,91.3,28.8,34.7,5.57,7.0,201.8,101.1,158.5,399.0,8.8,1
49,Male,13.8,44.5,88.2,28.4,32.3,4.7,7.7,218.9,98.4,178.2,398.4,6.8,1
18,Male,13.7,44.4,88.4,28.1,32.3,4.7,8.4,187.6,98.3,178.2,398.2,6.7,1
10,Male,13.5,47.4,90.8,31.3,34.8,6.1,7.3,234.5,100.2,181.2,401.2,9.6,0
5,Male,11.0,44.4,88.2,28.0,32.2,4.7,6.4,202.0,98.5,178.4,398.2,6.9,1
46,Male,16.2,46.6,90.3,31.0,35.1,5.81,7.7,268.9,101.4,180.2,400.5,9.8,0
74,Female,15.2,43.2,89.4,31.5,34.9,5.33,7.3,238.5,98.8,159.0,400.8,7.4,1
39,Male,13.9,44.5,88.1,28.1,32.2,4.7,6.8,186.9,98.4,178.1,398.0,7.0,1
11,Female,13.0,43.3,90.2,30.3,34.8,5.4,8.2,256.9,101.4,159.3,400.5,8.7,0
64,Male,13.7,44.0,88.2,28.2,32.3,4.7,7.7,259.3,98.4,178.5,398.0,7.0,1
3,Female,13.4,43.1,91.0,30.5,34.3,5.14,6.1,290.4,100.1,159.5,400.4,9.2,0
77,Female,12.0,40.5,88.1,28.3,32.2,4.2,9.1,211.8,98.4,157.1,398.3,6.7,1
61,Female,12.0,40.3,88.0,28.2,32.2,4.2,8.1,269.5,98.2,157.2,398.0,6.8,1
9,Female,12.8,43.3,90.8,31.3,35.0,5.4,6.3,311.4,100.3,160.2,401.5,8.9,0
57,Male,15.6,47.3,90.4,30.4,34.4,6.1,6.1,402.0,101.1,180.5,401.2,8.8,0
57,Male,13.9,44.4,88.5,28.0,32.2,4.7,7.1,247.6,98.0,178.2,398.1,6.8,1
0,Male,11.2,45.7,90.1,31.5,35.1,3.94,9.1,315.8,100.2,178.6,399.3,7.6,1
15,Male,16.0,46.4,90.9,31.4,35.4,6.1,7.1,312.1,100.3,180.8,400.8,9.6,0
18,Female,12.2,40.5,88.5,28.4,32.2,4.2,6.1,274.6,98.4,157.5,398.4,6.8,1
81,Female,13.7,43.2,90.1,30.5,34.7,5.66,6.0,236.1,100.7,160.1,400.3,8.0,1
67,Male,13.7,44.1,88.3,28.5,32.2,4.7,8.0,268.6,98.5,178.1,398.2,7.0,1
13,Male,16.0,46.6,90.3,30.1,35.2,5.77,9.4,295.8,100.7,181.3,400.7,8.9,0
78,Female,14.1,42.1,90.6,30.2,34.2,5.4,8.2,261.1,101.1,160.3,400.6,9.0,0
27,Male,16.3,46.0,90.4,31.4,35.4,6.1,7.0,174.1,101.3,181.3,400.9,9.9,0
72,Female,12.0,40.3,88.0,28.2,32.3,4.2,7.3,197.3,98.5,157.2,398.5,7.0,1
6,Male,11.7,46.2,89.9,30.0,34.6,6.19,8.6,183.1,100.3,180.1,398.5,9.4,1
39,Female,14.3,42.2,90.2,30.5,34.3,5.4,7.4,357.8,100.0,159.2,401.2,9.1,0
0,Female,11.0,40.2,88.4,28.3,32.5,4.2,4.5,182.0,98.2,157.4,398.2,6.9,1
57,Male,13.9,44.2,88.3,28.4,32.1,4.7,9.5,218.1,98.2,178.4,398.0,7.0,1
14,Female,14.1,43.0,90.7,31.5,35.5,5.4,5.0,178.9,101.3,160.1,401.1,8.9,0
84,Female,12.0,40.2,88.1,28.3,32.4,4.2,7.5,241.9,98.3,157.3,398.0,6.7,1
83,Male,13.6,44.5,88.3,28.2,32.4,4.7,7.5,150.0,98.5,178.1,398.2,6.9,1
5,Female,11.0,40.3,88.3,28.3,32.4,4.2,4.9,229.8,98.1,157.3,398.1,6.7,1
17,Male,16.5,47.3,91.0,31.1,34.4,5.86,5.9,298.8,100.8,180.4,401.2,8.7,0
8,Female,13.2,43.5,90.8,30.8,34.1,5.4,5.1,257.4,100.7,160.5,400.5,8.9,0
22,Male,15.8,46.4,90.1,31.2,34.9,5.87,6.7,187.7,100.4,180.4,401.3,9.3,0
15,Male,13.9,44.3,88.2,28.3,32.1,4.7,8.7,203.9,98.3,178.4,398.3,6.8,1
13,Female,15.2,43.1,90.3,31.2,34.5,5.4,4.8,206.3,100.4,160.0,400.2,9.9,0
26,Male,16.6,47.5,91.2,30.7,34.8,6.1,4.6,267.2,100.7,180.8,400.1,9.6,0
3,Male,13.4,46.5,91.4,31.1,34.9,6.1,4.7,240.2,101.1,181.4,400.6,9.0,0
63,Female,14.5,43.3,91.1,29.9,33.0,4.27,9.3,277.3,99.3,158.8,399.6,8.4,0
10,Female,13.5,42.6,91.1,30.3,35.0,4.82,6.7,198.9,100.0,159.7,400.8,9.4,0
15,Female,13.6,42.7,88.9,29.5,33.1,4.48,6.3,214.6,98.9,158.7,399.9,8.8,0
13,Male,16.2,47.4,90.4,30.4,34.6,5.77,8.7,258.9,101.2,180.4,400.8,8.6,0
13,Male,13.8,44.1,88.0,28.3,32.2,4.7,7.3,254.3,98.2,178.3,398.3,6.8,1
19,Male,13.8,44.1,88.1,28.3,32.3,4.7,8.0,278.3,98.1,178.1,398.1,6.6,1
54,Female,14.1,42.9,90.5,30.8,33.8,5.08,9.2,210.5,99.4,158.5,401.0,7.5,0
82,Female,12.0,40.1,88.5,28.1,32.3,4.2,8.0,300.8,98.4,157.1,398.2,6.6,1
21,Male,14.0,44.5,88.2,28.4,32.2,4.7,6.8,284.9,98.0,178.1,398.5,6.7,1
25,Female,14.2,42.7,91.4,30.9,35.0,4.93,7.2,302.3,101.4,159.7,401.0,9.2,0
44,Female,12.0,40.2,88.5,28.3,32.4,4.2,6.7,239.2,98.5,157.0,398.2,6.5,1
72,Male,13.7,44.3,88.0,28.4,32.1,4.7,7.6,332.9,98.4,178.4,398.4,6.8,1
57,Female,13.1,42.2,89.2,31.3,35.1,5.58,8.1,313.5,100.7,157.6,400.2,7.8,1
68,Male,14.4,46.8,91.3,29.3,35.3,4.74,9.1,186.5,100.7,181.5,400.8,8.3,1
33,Male,16.2,47.0,90.4,30.5,35.4,6.1,6.2,288.9,100.8,181.5,400.5,8.7,0
14,Female,12.7,40.8,90.0,30.0,35.2,6.27,6.5,215.6,100.7,159.5,398.7,7.2,0
9,Male,11.0,44.3,88.1,28.1,32.3,4.7,10.8,230.6,98.2,178.3,398.1,6.9,1
4,Female,13.1,43.4,90.7,31.2,34.6,5.4,9.5,273.9,101.1,159.9,400.7,8.9,0
52,Female,15.1,41.7,89.5,30.3,35.4,4.03,7.0,305.4,100.9,158.6,399.9,8.2,1
64,Male,16.1,47.3,90.4,31.1,34.5,5.47,8.8,260.4,100.6,180.9,401.4,9.7,0
64,Female,12.1,40.2,88.4,28.5,32.1,4.2,4.6,216.6,98.3,157.5,398.2,6.6,1
17,Male,16.2,47.0,91.2,30.1,35.3,6.1,6.1,199.6,100.4,180.8,400.1,8.7,0
26,Female,12.1,40.4,88.4,28.5,32.5,4.2,8.1,292.6,98.1,157.4,398.4,6.5,1
10,Male,13.2,47.0,91.3,30.5,35.2,6.1,7.1,301.3,100.8,180.9,401.1,9.9,0
31,Female,14.1,42.5,90.1,31.3,35.3,5.4,5.9,157.8,100.5,159.2,400.2,9.8,0
39,Male,15.4,46.8,89.0,29.2,35.3,6.9,4.5,299.6,98.7,180.5,399.9,8.6,1
59,Female,14.1,42.6,90.6,30.6,34.0,5.21,9.4,249.6,100.9,159.6,401.0,9.5,0
19,Female,14.2,42.4,91.0,30.8,35.1,5.13,6.5,226.3,100.5,160.1,400.9,8.8,0
13,Female,14.0,41.5,88.6,28.9,34.7,4.04,6.9,161.4,99.0,160.4,399.6,8.3,1
14,Male,13.8,44.0,88.2,28.3,32.5,4.7,6.5,184.5,98.2,178.1,398.2,6.7,1
15,Male,16.6,46.7,90.5,30.6,35.4,6.1,7.9,267.3,100.5,180.6,400.9,9.4,0
18,Female,14.1,43.1,91.2,30.4,34.3,5.02,6.0,208.6,101.3,160.2,400.0,9.8,0
4,Female,13.5,42.2,90.5,30.6,35.3,5.4,8.5,193.3,100.1,159.6,400.7,9.6,0
80,Female,14.7,43.4,90.9,31.0,34.6,3.82,5.3,286.2,98.8,158.1,399.2,8.1,1
9,Female,11.0,40.3,88.3,28.4,32.4,4.2,6.1,306.3,98.1,157.1,398.0,7.0,1
6,Male,11.0,44.2,88.1,28.2,32.2,4.7,7.5,224.7,98.3,178.1,398.2,7.0,1
3,Male,12.5,47.4,90.7,30.4,34.7,6.1,4.5,245.5,101.0,180.4,400.1,8.7,0
16,Female,14.5,43.0,91.3,31.1,35.4,5.4,7.6,158.7,100.7,159.8,400.9,9.6,0
11,Male,13.3,47.0,90.9,31.1,34.2,6.1,6.7,257.3,100.5,181.1,400.2,9.7,0
13,Male,16.9,46.1,90.0,31.0,34.4,5.78,5.2,205.7,100.8,180.7,400.8,9.5,0
6,Male,12.7,47.1,88.5,30.7,34.5,6.63,7.9,247.1,99.9,178.7,400.8,7.1,0
39,Male,16.5,47.2,90.5,31.0,34.2,5.91,9.6,282.0,101.3,181.4,400.7,9.3,0
63,Female,14.5,42.7,90.5,31.1,34.7,5.1,10.3,304.6,100.0,159.3,400.4,8.9,0
45,Male,16.0,46.7,90.3,30.7,35.0,6.1,6.2,259.7,101.3,181.4,400.9,9.8,0
43,Female,13.8,42.4,90.6,30.8,35.1,5.4,6.5,344.8,100.4,159.6,400.4,9.4,0
17,Male,13.9,44.2,88.1,28.1,32.5,4.7,5.2,307.1,98.5,178.4,398.4,6.6,1
27,Female,12.2,40.4,88.2,28.3,32.3,4.2,6.7,187.1,98.3,157.0,398.1,6.8,1
88,Female,13.4,41.5,90.7,29.5,32.8,5.66,5.9,250.6,100.8,158.6,398.9,8.7,0
9,Female,11.1,43.1,90.2,28.9,34.0,5.34,4.5,206.9,99.4,159.1,399.8,9.2,0
55,Female,13.9,42.2,91.0,30.1,34.2,5.4,9.8,156.1,101.5,159.9,400.9,9.1,0
86,Male,16.1,45.2,90.3,30.3,33.2,4.14,8.1,186.9,99.3,179.1,401.3,9.9,0
18,Male,13.9,44.2,88.4,28.4,32.3,4.7,11.0,350.6,98.2,178.1,398.2,6.6,1
14,Female,14.7,43.5,90.0,30.7,35.5,5.4,8.6,262.2,100.5,160.4,400.5,9.4,0
68,Female,12.1,40.5,88.1,28.1,32.1,4.2,9.3,281.3,98.2,157.5,398.2,6.7,1
14,Male,16.0,46.9,90.2,31.3,35.2,6.1,6.3,280.6,100.0,180.9,400.7,9.4,0
6,Male,11.0,44.1,88.3,28.1,32.3,4.7,7.1,252.6,98.1,178.3,398.3,6.9,1
6,Female,13.5,43.2,90.8,30.8,34.5,5.18,11.0,271.3,100.4,160.4,400.8,9.3,0
59,Male,13.7,44.2,88.4,28.2,32.4,4.7,6.3,216.3,98.2,178.5,398.1,6.8,1
19,Female,12.0,40.4,88.4,28.2,32.2,4.2,6.2,260.8,98.3,157.3,398.0,6.5,1
10,Male,13.5,47.1,90.7,30.1,34.7,6.1,6.6,187.6,100.6,180.9,401.0,8.6,0
13,Male,13.5,44.0,88.3,28.1,32.1,4.7,6.5,240.9,98.1,178.4,398.4,6.9,1
0,Male,11.0,44.2,88.4,28.1,32.4,4.7,4.7,313.6,98.2,178.2,398.2,6.9,1
89,Male,14.3,44.6,88.5,28.6,34.3,3.96,6.8,213.4,99.7,179.3,400.5,7.2,1
5,Male,11.8,44.6,89.0,30.5,33.5,5.14,7.2,271.3,99.4,179.5,401.3,8.3,0
65,Female,12.5,42.6,90.1,31.0,34.5,3.3,8.5,277.2,100.7,159.7,401.1,8.8,0
61,Female,15.1,42.0,90.8,30.3,34.6,5.1,6.9,225.4,101.2,160.4,400.9,9.1,0
34,Male,13.5,44.3,88.1,28.2,32.1,4.7,7.4,295.0,98.1,178.4,398.4,6.6,1
16,Female,12.0,40.3,88.1,28.1,32.1,4.2,8.2,286.8,98.0,157.4,398.1,6.9,1
6,Female,12.6,42.4,91.0,30.2,34.3,5.4,5.1,185.0,101.4,159.0,400.9,9.4,0
63,Male,13.9,44.0,88.2,28.1,32.1,4.7,7.4,305.9,98.4,178.4,398.1,6.8,1
49,Male,16.4,46.7,90.1,31.5,34.8,6.1,8.7,150.0,101.4,180.2,400.4,8.7,0
61,Female,15.2,43.4,91.1,30.7,33.0,3.77,6.8,191.3,99.9,159.2,399.2,7.1,1
17,Female,15.0,43.1,90.3,30.5,34.6,5.4,7.1,229.6,100.5,159.8,400.0,9.0,0
18,Male,13.9,44.4,88.3,28.4,32.3,4.7,7.6,244.6,98.4,178.1,398.1,6.6,1
8,Male,11.0,44.3,88.2,28.1,32.2,4.7,7.8,287.8,98.3,178.5,398.1,6.8,1
12,Female,14.7,42.1,90.9,30.1,35.1,5.39,5.3,150.0,100.9,159.3,401.4,9.1,0
59,Female,12.2,40.1,88.4,28.1,32.1,4.2,7.0,271.6,98.2,157.3,398.1,7.0,1
78,Male,13.8,44.1,88.2,28.4,32.4,4.7,4.8,259.9,98.1,178.1,398.2,6.9,1
59,Male,13.8,44.3,88.3,28.2,32.1,4.7,8.5,156.8,98.3,178.3,398.4,6.8,1
62,Female,15.2,43.4,90.1,30.9,35.2,5.06,6.4,220.7,100.4,160.4,401.2,8.6,0
19,Female,12.1,40.1,88.3,28.2,32.2,4.2,7.4,234.3,98.2,157.4,398.4,6.9,1
44,Female,13.5,41.5,89.7,29.6,33.2,5.22,7.4,244.2,99.1,157.8,399.4,8.0,1
43,Male,15.6,45.4,90.0,29.2,35.1,4.23,6.7,174.9,99.8,180.5,400.6,9.0,1
19,Female,15.0,43.3,91.0,30.5,35.0,5.4,5.1,339.5,101.4,160.3,401.3,9.9,0
64,Female,15.0,42.1,91.4,30.5,34.5,5.31,7.3,150.0,100.9,159.6,400.6,9.6,0
12,Male,13.8,44.4,88.4,28.2,32.4,4.7,7.9,266.8,98.2,178.3,398.1,6.9,1
14,Female,13.9,43.5,91.2,30.9,34.2,5.4,5.7,207.6,101.2,159.6,400.7,9.8,0
75,Male,13.7,44.2,88.2,28.1,32.5,4.7,5.6,234.1,98.2,178.1,398.2,6.6,1
47,Male,13.7,44.4,88.2,28.4,32.3,4.7,7.3,297.6,98.4,178.4,398.3,6.7,1
16,Female,12.0,40.1,88.1,28.1,32.4,4.2,8.2,279.1,98.4,157.1,398.4,6.8,1
18,Male,13.8,44.4,88.0,28.0,32.5,4.7,6.8,301.2,98.4,178.5,398.2,6.9,1
65,Male,16.8,47.0,90.5,30.6,35.1,5.72,10.2,228.5,100.8,180.9,400.8,8.8,0
16,Female,13.8,42.7,90.1,30.5,35.2,5.4,8.9,229.4,100.3,159.2,400.6,9.1,0
51,Female,12.2,40.0,88.5,28.4,32.0,4.2,8.7,255.7,98.2,157.0,398.4,6.7,1
78,Female,12.0,40.5,88.0,28.1,32.1,4.2,8.9,259.1,98.2,157.3,398.0,6.9,1
38,Female,12.0,40.0,88.3,28.4,32.3,4.2,7.8,364.2,98.3,157.2,398.3,6.9,1
14,Male,16.9,46.7,91.1,30.6,34.0,5.55,10.0,248.0,100.5,181.0,401.0,9.6,0
4,Male,13.5,46.4,90.8,30.3,34.2,6.1,7.8,284.0,100.1,181.3,400.7,9.0,0
16,Female,14.5,42.0,90.5,30.2,34.5,5.4,4.7,291.5,100.5,159.7,400.4,8.5,0
64,Female,14.7,43.0,91.5,31.1,35.0,5.39,10.1,236.3,101.0,160.4,400.6,9.4,0
76,Male,15.7,47.2,90.9,30.1,35.0,6.04,9.3,282.9,100.1,180.8,401.1,9.2,0
81,Female,14.3,42.4,90.5,31.3,35.2,5.4,8.0,335.9,100.4,160.0,401.4,8.6,0
12,Male,16.6,46.2,90.7,30.6,34.9,6.1,6.2,319.4,101.2,180.3,400.0,8.8,0
33,Female,14.2,42.9,91.1,30.4,35.4,5.4,8.1,205.5,101.0,160.1,401.4,9.6,0
30,Female,14.4,42.3,90.5,30.4,34.4,5.4,7.0,221.7,100.9,160.0,401.1,9.6,0
18,Female,14.6,43.3,90.6,30.6,35.2,5.0,8.3,171.5,100.6,160.4,401.4,9.3,0
17,Male,13.7,44.4,88.2,28.2,32.1,4.7,4.8,234.8,98.2,178.1,398.5,6.8,1
16,Female,13.9,43.2,90.7,30.7,34.0,5.4,4.5,232.8,101.1,159.1,400.6,9.4,0
11,Female,11.0,40.5,88.2,28.1,32.1,4.2,8.2,233.4,98.1,157.2,398.3,7.0,1
32,Female,13.8,42.2,91.3,30.0,35.2,5.4,4.5,197.4,100.3,159.1,401.1,8.6,0
18,Male,14.4,46.0,90.8,29.7,35.1,6.72,8.3,280.7,100.2,180.2,398.6,8.6,0
83,Male,13.6,44.0,88.0,28.4,32.4,4.7,7.9,311.0,98.2,178.0,398.3,6.9,1
39,Male,16.2,46.4,91.2,31.3,34.6,6.1,7.1,215.0,100.1,180.0,400.9,9.0,0
18,Female,12.1,40.0,88.0,28.5,32.2,4.2,8.6,353.1,98.5,157.1,398.3,6.9,1
5,Female,11.0,40.0,88.5,28.3,32.5,4.2,5.4,278.3,98.4,157.3,398.3,7.0,1
4,Female,13.3,42.7,91.0,30.7,35.5,5.3,6.3,345.6,101.2,160.2,401.2,8.6,0
14,Male,15.7,45.1,90.1,31.2,34.3,6.26,6.2,316.6,100.9,181.0,399.8,9.4,0
11,Male,12.5,47.5,91.4,30.2,34.4,5.55,8.2,220.8,100.6,180.1,400.5,10.0,0
19,Male,13.6,44.1,88.3,28.1,32.2,4.7,7.0,333.1,98.4,178.1,398.4,6.8,1
83,Male,13.5,44.4,88.2,28.4,32.0,4.7,7.0,273.6,98.2,178.3,398.5,6.8,1
13,Female,12.2,40.5,88.5,28.5,32.0,4.2,8.5,255.6,98.3,157.1,398.4,6.7,1
23,Female,14.9,40.9,91.3,30.4,33.2,4.58,7.3,206.5,100.9,159.5,399.0,8.7,0
27,Female,14.2,43.4,90.3,30.1,35.4,5.05,6.8,209.1,100.1,159.5,400.5,9.4,0
46,Female,12.2,40.3,88.1,28.2,32.1,4.2,9.2,306.9,98.0,157.4,398.5,6.6,1
76,Female,12.0,40.2,88.0,28.3,32.0,4.2,8.1,186.9,98.3,157.3,398.2,6.7,1
17,Male,16.2,47.3,91.3,30.0,35.3,5.81,7.4,301.5,100.9,181.2,401.2,9.8,0
54,Female,12.1,40.3,88.4,28.2,32.5,4.2,9.0,281.9,98.1,157.4,398.2,6.6,1
40,Male,16.6,47.3,90.2,31.1,34.8,5.57,8.7,330.4,100.8,181.4,400.8,10.0,0
16,Male,16.7,46.0,91.5,30.3,34.7,6.1,6.8,173.2,100.2,180.6,400.3,9.0,0
16,Male,14.0,44.0,88.3,28.0,32.5,4.7,4.5,282.6,98.4,178.5,398.0,6.9,1
4,Male,12.9,46.8,90.0,30.6,35.1,6.06,5.7,288.6,101.2,180.9,400.3,8.9,0
15,Female,12.8,43.1,89.7,31.0,35.2,4.5,8.0,257.5,99.2,157.8,400.1,8.7,1
20,Male,14.0,44.2,88.5,28.3,32.1,4.7,7.9,303.6,98.2,178.1,398.4,6.7,1
15,Female,14.0,42.7,90.5,30.6,35.0,5.02,6.9,238.8,100.5,159.6,401.4,9.6,0
10,Female,12.7,42.6,90.6,31.2,34.2,5.04,8.6,346.7,100.2,160.3,400.5,9.1,0
4,Female,13.5,40.7,90.6,30.0,32.6,4.74,9.4,185.5,99.1,158.6,400.3,9.3,1
62,Male,13.7,44.2,88.4,28.4,32.2,4.7,7.5,275.8,98.3,178.4,398.1,6.8,1
76,Female,12.2,40.4,88.2,28.2,32.4,4.2,6.0,150.0,98.0,157.2,398.1,6.9,1
1,Female,13.0,43.4,88.9,28.7,32.6,3.94,5.1,255.6,99.2,158.0,401.1,9.6,1
30,Female,12.0,40.5,88.3,28.3,32.0,4.2,8.4,249.4,98.4,157.2,398.1,6.9,1
13,Female,12.0,40.1,88.2,28.1,32.3,4.2,5.8,302.4,98.3,157.5,398.0,6.8,1
59,Female,12.0,40.2,88.2,28.4,32.0,4.2,6.5,204.4,98.0,157.4,398.1,6.7,1
50,Male,16.8,46.1,90.3,30.4,34.6,6.1,5.1,225.7,100.1,180.1,401.1,9.2,0
2,Male,12.9,47.4,90.4,30.2,34.9,6.1,6.1,241.7,100.5,180.8,400.2,9.5,0
13,Female,13.3,41.2,89.7,29.0,34.0,6.09,7.7,265.2,101.4,158.7,399.0,9.0,1
65,Female,14.8,43.2,90.1,31.3,34.9,5.4,5.9,182.0,101.4,160.4,400.9,9.4,0
6,Female,13.5,43.0,90.5,31.3,34.9,5.4,7.1,150.0,100.4,159.6,400.9,9.9,0
1,Male,13.5,47.2,90.9,30.7,34.1,6.1,5.4,232.3,101.0,180.4,400.9,9.4,0
18,Female,14.2,42.4,90.9,31.3,35.4,5.2,9.3,286.2,100.3,159.6,400.3,9.5,0
38,Male,14.0,44.3,88.2,28.1,32.1,4.7,7.5,250.7,98.5,178.1,398.5,7.0,1
10,Male,11.0,44.4,88.3,28.2,32.1,4.7,6.9,258.6,98.3,178.5,398.4,6.6,1
18,Female,14.6,43.1,90.2,31.3,34.1,5.4,5.1,275.1,100.1,159.2,400.4,9.8,0
1,Male,11.0,44.3,88.4,28.3,32.0,4.7,8.5,277.6,98.2,178.3,398.1,6.6,1
16,Female,12.0,40.0,88.3,28.4,32.4,4.2,5.1,234.6,98.3,157.3,398.2,6.8,1
72,Male,16.4,46.1,91.1,31.4,34.8,6.1,7.4,284.4,101.0,181.1,400.4,9.4,0
16,Male,16.0,46.4,90.7,30.8,34.9,5.79,4.5,238.2,100.7,180.9,400.7,9.1,0
43,Female,14.2,43.4,90.9,31.1,35.3,5.4,7.6,300.4,101.0,159.2,401.4,9.7,0
85,Male,13.5,44.3,88.4,28.3,32.3,4.7,8.5,258.5,98.1,178.3,398.0,6.9,1
61,Female,14.5,42.5,90.2,30.9,35.1,5.4,7.4,289.6,101.4,159.6,400.6,9.0,0
14,Female,14.1,43.2,89.4,30.6,33.7,5.97,4.5,318.6,100.9,159.1,400.5,9.1,1
88,Male,15.9,46.6,90.3,30.8,34.7,5.72,5.9,267.3,100.1,180.6,400.6,9.0,0
17,Male,16.6,47.1,90.4,30.1,34.0,5.93,6.7,242.7,101.4,180.2,400.8,9.4,0
17,Male,13.9,44.2,88.1,28.3,32.4,4.7,6.3,214.6,98.1,178.4,398.3,6.8,1
47,Female,12.0,40.2,88.3,28.2,32.3,4.2,5.7,278.1,98.3,157.1,398.2,7.0,1
67,Female,14.1,42.9,90.4,31.0,34.5,5.4,6.8,150.0,100.5,159.1,400.7,9.7,0
13,Female,12.0,40.4,88.2,28.5,32.2,4.2,8.3,252.0,98.0,157.2,398.3,6.5,1
69,Male,15.5,46.5,90.8,30.6,34.5,6.1,8.5,253.0,101.4,180.6,400.4,8.6,0
25,Female,12.1,40.2,88.2,28.1,32.5,4.2,6.9,178.2,98.1,157.5,398.2,6.5,1
42,Female,12.2,40.3,88.3,28.0,32.2,4.2,4.8,336.9,98.4,157.4,398.2,6.6,1
14,Female,12.0,40.2,88.3,28.3,32.2,4.2,9.1,230.5,98.0,157.2,398.4,6.7,1
75,Female,12.2,40.4,88.1,28.2,32.4,4.2,5.2,310.4,98.1,157.3,398.0,6.8,1
72,Female,12.0,40.4,88.2,28.5,32.2,4.2,9.5,200.1,98.2,157.1,398.3,6.7,1
68,Male,13.9,44.3,88.2,28.2,32.1,4.7,8.0,163.6,98.4,178.3,398.3,7.0,1
6,Male,11.0,44.1,88.4,28.3,32.0,4.7,6.6,292.9,98.5,178.3,398.1,6.8,1
0,Male,11.0,44.4,88.1,28.0,32.1,4.7,5.0,398.5,98.4,178.1,398.3,6.8,1
0,Male,10.8,45.7,90.6,28.5,34.7,5.19,4.7,246.4,99.7,180.0,401.4,8.9,0
20,Male,16.8,46.8,91.0,31.3,35.2,6.1,6.8,194.2,100.6,181.2,400.2,10.0,0
64,Male,16.7,47.0,91.0,30.6,35.4,5.81,4.5,285.5,101.1,180.1,400.1,9.7,0
71,Male,16.8,47.2,91.1,31.3,34.9,6.1,5.1,220.7,100.8,181.3,400.9,9.9,0
21,Female,12.2,40.1,88.0,28.1,32.0,4.2,8.6,179.6,98.1,157.4,398.2,6.9,1
70,Male,14.1,46.2,89.2,29.8,35.5,6.88,5.3,268.2,100.0,181.0,400.2,9.2,1
17,Female,14.3,42.8,90.1,31.2,34.2,5.0,7.5,183.4,100.4,159.6,401.4,9.8,0
66,Male,13.7,44.3,88.3,28.2,32.5,4.7,7.0,259.8,98.0,178.2,398.3,7.0,1
82,Female,14.7,42.7,91.1,31.3,34.1,4.96,5.5,325.2,100.4,159.3,400.9,9.0,0
82,Female,12.2,40.0,88.3,28.4,32.4,4.2,5.9,253.1,98.1,157.2,398.0,6.6,1
89,Female,12.1,40.1,88.2,28.4,32.3,4.2,5.2,327.4,98.0,157.0,398.1,6.8,1
80,Male,16.2,47.4,90.6,30.9,34.1,5.52,5.2,216.8,101.1,180.3,400.4,9.1,0
49,Male,16.5,47.1,90.4,31.0,34.1,6.1,7.8,206.1,100.3,180.1,400.7,8.8,0
7,Male,11.0,44.4,88.1,28.5,32.5,4.7,9.4,243.4,98.5,178.1,398.2,6.7,1
17,Female,14.1,43.1,91.2,30.2,34.3,5.4,8.7,150.0,100.9,160.2,401.2,8.9,0
89,Male,14.0,46.3,91.4,29.4,33.6,6.36,8.0,150.0,98.6,180.5,398.6,8.1,1
71,Male,15.8,47.4,91.4,31.1,34.4,5.77,6.4,300.0,100.6,181.2,400.1,9.0,0
83,Male,13.5,44.2,88.2,28.3,32.4,4.7,7.3,216.5,98.1,178.1,398.4,7.0,1
17,Male,16.7,47.4,90.2,30.2,35.4,5.46,6.4,287.0,101.4,180.5,401.0,8.6,0
7,Male,11.0,44.2,88.3,28.0,32.4,4.7,5.6,311.3,98.5,178.2,398.4,6.7,1
4,Female,12.8,43.3,91.4,30.7,34.1,5.19,5.9,211.4,100.7,159.9,400.2,9.8,0
14,Female,12.0,40.4,88.0,28.0,32.4,4.2,8.2,255.8,98.2,157.2,398.2,6.8,1
49,Female,13.9,43.1,91.1,30.4,34.3,5.4,8.4,227.7,100.1,159.7,400.3,9.5,0
59,Male,15.0,46.5,88.7,30.8,33.1,4.19,7.2,295.5,100.0,180.4,401.5,7.6,1
18,Male,15.9,46.2,91.2,31.3,35.2,6.1,4.9,201.3,100.0,181.3,400.1,9.4,0
61,Female,12.0,40.3,88.2,28.1,32.3,4.2,7.5,325.5,98.4,157.4,398.4,6.9,1
80,Female,12.2,40.4,88.2,28.5,32.1,4.2,6.0,229.9,98.2,157.3,398.2,6.5,1
2,Male,11.0,44.4,88.1,28.0,32.4,4.7,5.9,238.3,98.0,178.3,398.3,6.6,1
33,Female,12.2,40.4,88.3,28.1,32.3,4.2,7.5,261.3,98.3,157.2,398.2,6.9,1
11,Female,13.4,42.5,90.8,30.2,34.0,5.4,5.4,201.8,101.5,160.1,400.9,9.5,0
67,Male,13.9,44.3,88.4,28.3,32.1,4.7,9.7,312.7,98.0,178.1,398.4,6.7,1
13,Male,15.5,46.3,88.6,29.4,34.9,4.91,7.4,251.5,100.6,180.6,399.9,7.8,1
18,Male,13.8,44.4,88.1,28.3,32.2,4.7,6.7,208.3,98.1,178.2,398.2,6.7,1
27,Male,16.6,46.2,90.4,30.3,34.6,6.1,8.4,312.8,100.0,180.2,400.3,8.9,0
64,Male,13.8,44.4,88.5,28.0,32.5,4.7,7.6,303.6,98.2,178.3,398.3,7.0,1
48,Female,14.2,42.1,91.4,30.2,35.5,4.99,6.2,204.9,100.8,160.2,401.5,9.0,0
10,Male,11.0,44.1,88.2,28.3,32.1,4.7,8.5,223.9,98.0,178.1,398.4,6.7,1
7,Female,11.0,40.0,88.4,28.4,32.2,4.2,4.5,234.7,98.1,157.2,398.4,6.8,1
41,Female,12.0,40.2,88.3,28.5,32.3,4.2,7.3,257.4,98.4,157.3,398.0,6.7,1
17,Female,14.3,42.3,90.4,31.2,34.1,5.4,5.4,205.2,100.8,160.3,400.9,9.7,0
13,Female,14.3,42.4,91.0,29.8,35.2,6.27,5.5,227.7,99.0,158.7,399.7,9.9,0
49,Male,16.9,47.2,91.4,30.4,34.3,5.41,7.5,257.7,100.3,181.0,401.1,9.9,0
17,Male,13.6,44.4,88.5,28.4,32.4,4.7,6.1,322.0,98.2,178.1,398.2,6.9,1
2,Male,12.5,46.4,91.2,31.4,35.5,5.75,6.5,288.5,100.2,181.3,401.0,8.7,0
61,Female,12.7,43.5,89.1,31.2,34.9,4.37,9.0,181.8,99.7,157.9,401.4,8.2,1
6,Female,12.9,42.9,90.2,30.3,34.1,5.4,8.4,267.7,100.9,159.6,400.3,9.5,0
78,Male,16.2,47.2,90.4,30.4,35.3,5.62,7.7,256.2,101.3,180.1,400.5,8.7,0
10,Male,11.0,44.2,88.3,28.3,32.4,4.7,8.2,294.9,98.4,178.3,398.4,6.8,1
15,Female,12.2,40.3,88.4,28.3,32.1,4.2,7.6,248.7,98.4,157.2,398.5,6.6,1
15,Female,14.0,43.2,91.4,30.5,35.2,5.21,7.2,269.1,100.9,160.2,401.2,9.8,0
26,Female,15.0,42.8,90.4,29.2,33.9,5.88,5.8,228.0,99.0,159.8,399.0,7.1,0
10,Male,11.0,44.1,88.2,28.3,32.4,4.7,8.5,298.0,98.2,178.3,398.5,6.8,1
14,Male,15.1,45.9,89.1,30.0,34.7,4.6,6.7,306.6,100.7,180.5,399.7,9.4,1
43,Male,13.6,44.2,88.1,28.3,32.1,4.7,6.6,282.1,98.3,178.1,398.2,6.6,1
10,Male,11.0,44.0,88.4,28.1,32.4,4.7,6.9,200.0,98.0,178.4,398.4,6.7,1
84,Female,14.8,42.5,91.4,30.8,34.1,4.9,8.0,273.0,101.0,159.4,400.3,9.3,0
47,Female,12.1,40.1,88.5,28.0,32.4,4.2,8.3,220.2,98.5,157.5,398.4,6.8,1
4,Female,12.5,43.0,90.3,30.4,35.2,5.37,8.1,196.2,100.3,160.3,400.4,9.1,0
71,Male,16.4,47.3,90.3,30.1,35.0,6.1,7.6,299.0,101.2,181.1,400.1,9.6,0
0,Female,11.0,40.3,88.1,28.1,32.3,4.2,7.3,267.1,98.5,157.1,398.3,6.9,1
16,Male,15.8,47.2,90.8,30.0,34.6,6.01,7.5,213.1,101.1,181.1,401.1,8.5,0
8,Female,11.0,40.3,88.3,28.2,32.4,4.2,7.9,192.1,98.4,157.5,398.1,7.0,1
37,Male,13.8,44.3,88.4,28.0,32.1,4.7,7.8,231.8,98.3,178.2,398.0,6.9,1
13,Female,12.5,40.5,88.7,30.0,33.2,4.76,4.9,396.5,99.8,158.7,399.5,8.0,0
87,Female,14.2,42.9,91.5,30.1,34.7,5.4,7.8,296.3,101.2,159.8,400.7,9.4,0
4,Female,13.5,42.3,90.0,30.8,34.5,4.87,4.8,218.2,100.3,159.8,400.9,9.2,0
62,Female,12.1,40.4,88.3,28.4,32.1,4.2,6.8,243.7,98.1,157.4,398.4,6.6,1
82,Female,14.6,43.0,90.5,30.3,34.4,4.93,4.5,212.3,100.0,160.3,401.0,9.2,0
15,Female,14.1,43.3,90.1,30.6,35.1,4.81,7.6,283.9,100.1,160.3,400.7,9.5,0
76,Female,12.0,40.3,88.3,28.3,32.4,4.2,7.9,298.8,98.1,157.5,398.0,6.8,1
77,Male,16.0,46.6,91.3,30.5,34.6,6.1,8.1,281.8,101.4,181.2,400.6,9.7,0
86,Female,14.9,42.7,90.4,30.7,35.4,5.4,7.4,188.6,101.2,159.8,400.6,9.0,0
12,Male,13.6,44.4,88.0,28.4,32.1,4.7,5.6,312.5,98.4,178.3,398.2,6.7,1
13,Male,13.9,44.4,88.2,28.4,32.5,4.7,7.5,229.0,98.2,178.3,398.5,6.7,1
19,Female,12.1,40.2,88.4,28.4,32.2,4.2,9.5,396.3,98.3,157.4,398.0,6.6,1
87,Female,12.0,40.1,88.2,28.4,32.1,4.2,9.1,192.3,98.1,157.1,398.1,6.9,1
79,Male,16.3,46.3,90.0,31.0,34.7,6.1,4.5,269.4,100.4,180.7,401.3,8.6,0
3,Female,12.4,42.6,90.2,29.4,33.7,5.79,4.7,343.7,98.8,157.8,399.0,9.8,0
37,Female,12.5,40.7,89.9,29.4,34.2,5.43,8.2,266.3,100.7,158.7,399.6,7.2,0
32,Male,13.6,44.1,88.3,28.0,32.3,4.7,6.9,182.4,98.5,178.4,398.5,7.0,1
30,Male,15.7,47.2,90.4,30.1,34.6,6.1,7.6,209.8,100.0,180.2,400.5,8.6,0
86,Male,15.2,46.8,89.7,29.8,33.5,5.31,7.6,328.7,101.1,178.9,398.9,9.3,1
58,Female,14.7,42.3,91.3,31.1,34.9,4.99,6.1,297.7,100.2,159.2,401.4,9.7,0
63,Female,14.6,42.0,90.9,30.5,35.2,5.4,6.0,267.3,100.4,160.5,400.7,9.0,0
0,Female,11.0,40.2,88.1,28.4,32.4,4.2,9.2,202.1,98.0,157.0,398.3,6.8,1
79,Female,14.2,42.3,91.5,30.4,34.6,5.4,9.9,284.5,100.5,159.9,400.5,9.6,0
58,Male,13.6,44.2,88.1,28.5,32.0,4.7,7.8,150.0,98.2,178.4,398.1,6.7,1
56,Female,12.0,40.4,88.2,28.3,32.3,4.2,4.8,295.8,98.3,157.0,398.2,6.6,1
16,Male,16.5,47.2,90.8,30.0,34.9,5.48,9.3,298.4,100.3,181.2,401.4,9.7,0
31,Female,12.2,40.0,88.4,28.3,32.1,4.2,8.4,297.6,98.3,157.1,398.4,6.6,1
18,Female,14.8,43.4,90.3,30.1,35.5,5.4,7.8,276.0,100.2,159.2,400.4,8.8,0
31,Female,12.1,40.5,88.1,28.5,32.0,4.2,7.1,308.3,98.1,157.0,398.0,6.8,1
17,Male,13.6,44.2,88.4,28.1,32.4,4.7,7.3,272.6,98.1,178.4,398.0,6.7,1
58,Female,12.1,40.3,88.3,28.3,32.2,4.2,4.5,210.3,98.3,157.1,398.2,6.8,1
4,Male,11.0,44.5,88.4,28.3,32.5,4.7,5.7,276.6,98.4,178.1,398.5,6.5,1
58,Female,12.4,43.5,89.4,30.5,33.5,5.59,6.9,294.5,101.2,158.4,400.5,7.5,1
2,Male,11.0,44.5,88.1,28.1,32.2,4.7,9.1,242.7,98.4,178.2,398.0,6.6,1
15,Male,16.2,47.2,91.2,31.4,34.8,5.55,9.1,272.2,100.1,180.3,400.0,9.4,0
10,Female,12.9,43.4,90.7,30.1,34.8,4.93,8.5,191.3,100.8,159.3,400.8,8.6,0
53,Male,13.7,44.5,88.2,28.1,32.1,4.7,5.6,177.7,98.4,178.4,398.2,6.8,1
5,Female,12.7,42.9,90.7,31.4,34.8,5.4,6.1,194.3,101.2,160.2,401.1,9.8,0
17,Female,15.2,43.4,91.1,30.6,35.3,5.4,7.4,285.8,100.3,159.1,401.4,8.6,0
11,Female,11.6,43.2,90.7,31.3,34.2,5.59,7.8,200.9,100.1,158.9,399.2,9.1,1
77,Male,13.5,44.3,88.1,28.4,32.3,4.7,6.7,299.0,98.1,178.5,398.5,6.6,1
29,Female,12.0,40.3,88.2,28.0,32.4,4.2,8.2,275.9,98.1,157.4,398.5,6.8,1
73,Male,16.4,46.9,90.7,31.0,35.4,6.1,7.0,212.7,101.5,180.6,400.9,8.7,0
85,Male,13.5,44.2,88.2,28.0,32.0,4.7,7.9,241.4,98.3,178.2,398.4,6.8,1
26,Male,16.0,47.3,91.0,30.2,34.9,6.1,5.8,272.8,101.3,180.5,400.7,9.3,0
67,Male,13.9,44.1,88.4,28.0,32.0,4.7,7.5,226.8,98.3,178.2,398.0,6.7,1
18,Male,16.2,46.4,91.0,30.4,34.4,6.1,5.9,226.9,100.4,181.4,400.8,9.0,0
6,Female,13.1,43.1,90.3,31.2,34.7,5.4,5.9,285.3,100.1,159.9,400.8,9.4,0
45,Female,14.8,42.1,91.1,30.2,34.1,5.4,10.6,199.6,100.9,160.5,401.4,9.8,0
6,Male,11.4,45.9,89.6,29.5,32.8,6.42,5.5,183.2,100.3,181.3,400.7,8.9,0
80,Male,16.7,46.5,90.9,30.4,35.1,6.1,4.7,265.7,100.4,180.6,400.2,9.0,0
18,Male,13.5,44.2,88.4,28.0,32.2,4.7,9.0,208.8,98.0,178.4,398.4,6.7,1
11,Female,11.0,40.2,88.4,28.0,32.2,4.2,9.1,218.1,98.3,157.2,398.4,6.8,1
15,Female,12.0,40.2,88.2,28.1,32.0,4.2,8.0,231.7,98.1,157.2,398.1,6.5,1
6,Male,12.5,47.0,90.5,31.1,34.8,5.78,5.8,266.1,100.8,180.7,400.4,9.4,0
10,Female,12.3,42.9,90.9,30.0,34.5,5.4,8.1,254.7,101.0,159.0,400.1,9.6,0
12,Female,13.9,42.7,91.4,30.2,34.7,4.83,8.0,312.2,101.0,159.7,401.4,9.1,0
2,Male,11.0,44.1,88.2,28.4,32.1,4.7,5.3,210.0,98.2,178.2,398.1,6.7,1
14,Female,14.8,42.3,90.8,30.5,34.4,5.4,4.8,210.2,101.4,159.3,401.1,9.5,0
11,Female,11.0,40.2,88.4,28.0,32.1,4.2,7.3,204.2,98.0,157.3,398.2,6.5,1
72,Female,14.7,42.0,91.3,30.6,34.2,5.4,6.2,249.3,101.2,159.7,401.1,9.6,0
10,Male,11.1,44.7,89.1,28.7,33.7,4.67,7.3,256.5,100.1,179.6,400.2,7.4,1
43,Male,13.8,44.2,88.2,28.1,32.0,4.7,8.3,351.6,98.3,178.4,398.1,6.8,1
77,Female,14.3,42.8,90.2,30.9,35.4,5.4,6.5,171.6,100.6,159.1,401.3,9.1,0
1,Female,13.0,43.3,90.7,30.3,35.2,5.24,7.0,186.1,100.1,159.1,400.7,8.8,0
80,Female,12.0,40.0,88.1,28.5,32.2,4.2,5.7,250.5,98.4,157.1,398.1,6.9,1
14,Female,14.2,42.2,91.3,31.3,34.3,4.89,8.5,298.1,100.3,160.0,400.4,8.9,0
17,Female,13.1,41.7,89.0,30.3,33.0,4.26,7.1,272.9,99.5,160.3,399.6,9.2,1
57,Male,16.4,46.5,91.5,31.1,34.9,6.03,4.7,307.6,100.0,180.6,401.4,9.4,0
40,Female,12.0,40.3,88.1,28.0,32.5,4.2,9.3,308.5,98.0,157.3,398.1,6.5,1
13,Male,13.9,44.4,88.0,28.1,32.5,4.7,7.1,313.3,98.2,178.3,398.2,6.7,1
67,Male,13.9,44.5,88.1,28.0,32.3,4.7,7.3,226.7,98.1,178.5,398.4,6.5,1
78,Female,12.0,40.2,88.5,28.2,32.2,4.2,7.6,226.4,98.0,157.0,398.0,6.9,1
72,Male,13.7,44.4,88.1,28.0,32.2,4.7,6.6,260.8,98.5,178.1,398.4,6.6,1
7,Male,11.0,44.3,88.1,28.3,32.4,4.7,5.6,242.8,98.4,178.3,398.4,6.7,1
69,Male,16.0,47.1,90.9,31.4,34.6,6.1,7.7,305.1,101.0,180.1,401.4,8.7,0
77,Male,13.7,44.4,88.5,28.4,32.2,4.7,5.7,258.7,98.5,178.5,398.5,6.8,1
35,Female,14.2,43.0,91.2,30.3,35.5,5.4,7.4,281.5,101.0,159.5,401.2,8.5,0
48,Female,14.9,42.4,90.3,31.4,35.4,4.96,7.7,360.9,100.3,159.2,400.9,9.7,0
11,Male,13.5,47.2,91.3,30.1,35.0,5.61,8.9,150.0,100.6,180.8,401.5,8.7,0
74,Female,13.8,41.1,89.9,30.8,34.8,5.62,6.5,181.5,100.6,157.8,399.5,8.8,1
67,Male,13.6,44.5,88.2,28.3,32.2,4.7,6.9,208.2,98.3,178.2,398.2,6.9,1
11,Female,11.0,40.2,88.2,28.5,32.5,4.2,8.6,233.2,98.4,157.2,398.4,7.0,1
68,Female,12.1,40.3,88.2,28.1,32.1,4.2,8.3,164.3,98.3,157.1,398.4,6.5,1
64,Female,12.0,40.4,88.3,28.1,32.0,4.2,6.4,226.8,98.3,157.5,398.3,6.7,1
71,Male,16.3,46.9,90.4,30.6,34.7,6.1,8.1,292.8,100.5,181.5,401.3,8.9,0
5,Female,11.0,40.0,88.3,28.2,32.3,4.2,7.5,177.8,98.4,157.1,398.1,6.5,1
17,Female,12.2,40.4,88.4,28.2,32.3,4.2,5.6,199.0,98.4,157.1,398.3,7.0,1
17,Male,16.6,46.7,91.4,31.1,34.7,6.1,8.2,333.2,101.3,180.5,400.4,8.8,0
15,Male,15.7,46.7,91.3,30.9,35.3,5.69,7.4,189.8,100.7,181.0,401.2,9.6,0
65,Female,14.4,43.1,91.1,30.4,34.3,5.4,7.0,231.1,101.1,159.9,401.1,8.7,0
23,Female,12.1,40.2,88.1,28.2,32.1,4.2,8.6,294.8,98.4,157.1,398.5,6.7,1
47,Female,14.4,42.0,91.0,30.9,34.2,5.4,5.1,376.0,100.6,159.3,401.4,9.6,0
28,Female,15.1,42.7,91.0,30.2,34.1,5.04,8.3,208.5,100.3,159.2,401.4,9.5,0
26,Female,14.7,42.6,90.5,30.5,35.1,5.4,7.8,283.8,101.1,159.4,400.2,9.6,0
88,Male,15.6,47.4,91.5,30.6,34.9,6.08,6.2,238.6,100.7,181.2,400.0,9.4,0
3,Female,11.0,40.3,88.2,28.2,32.3,4.2,6.1,183.4,98.4,157.2,398.2,6.8,1
28,Male,13.6,44.1,88.4,28.3,32.2,4.7,8.3,216.7,98.1,178.4,398.1,6.9,1
6,Female,12.3,41.2,90.1,30.5,34.8,5.81,5.0,202.3,99.4,157.8,400.5,7.0,0
5,Male,13.2,46.6,91.1,30.6,34.8,5.41,8.6,313.6,100.1,180.6,401.5,9.1,0
0,Female,11.0,40.1,88.2,28.1,32.4,4.2,6.1,294.3,98.1,157.4,398.4,6.8,1
9,Female,12.5,42.4,91.4,30.3,34.3,5.4,7.4,209.0,100.5,160.2,400.9,9.1,0
18,Female,15.1,42.9,91.5,30.2,34.7,5.4,5.0,184.9,100.3,159.4,400.9,9.1,0
50,Female,14.3,42.7,91.5,30.8,35.4,4.86,7.6,219.9,100.7,159.6,401.0,9.6,0
4,Female,11.0,40.2,88.5,28.0,32.4,4.2,6.3,258.0,98.0,157.0,398.2,6.7,1
43,Male,13.7,44.3,88.1,28.0,32.0,4.7,7.2,267.0,98.4,178.5,398.2,6.7,1
83,Male,13.6,44.3,88.5,28.1,32.5,4.7,7.5,233.0,98.4,178.3,398.4,6.6,1
60,Female,12.0,40.2,88.5,28.2,32.4,4.2,5.1,264.9,98.3,157.4,398.1,6.7,1
12,Female,14.2,42.4,91.5,30.6,35.4,5.39,6.5,238.3,101.3,159.0,401.4,9.1,0
56,Female,12.1,40.1,88.2,28.1,32.3,4.2,6.9,232.5,98.0,157.0,398.1,6.9,1
72,Female,12.0,40.1,88.0,28.5,32.4,4.2,8.4,165.9,98.2,157.0,398.4,6.5,1
59,Male,15.7,46.5,91.1,30.9,34.2,5.64,8.7,275.1,100.5,180.9,400.3,9.0,0
48,Male,15.9,47.3,90.5,30.2,35.0,6.1,5.8,203.3,101.5,180.3,400.8,8.9,0
43,Female,14.5,42.0,91.3,30.0,34.7,4.83,8.9,180.0,100.6,160.4,401.0,9.5,0
4,Female,11.0,40.3,88.3,28.2,32.0,4.2,7.1,250.9,98.1,157.3,398.1,6.8,1
63,Male,17.0,47.1,90.4,31.0,35.1,6.1,7.4,209.7,101.4,180.7,401.4,9.9,0
6,Female,11.0,40.2,88.1,28.5,32.4,4.2,5.7,240.0,98.2,157.4,398.2,6.7,1
68,Male,15.1,46.2,89.8,28.9,33.8,4.61,8.3,208.6,99.5,180.7,401.4,8.0,1
42,Female,15.2,42.5,91.4,30.2,34.5,5.4,5.0,298.7,101.4,160.4,401.2,8.7,0
31,Male,15.4,44.5,88.5,31.5,33.1,6.47,6.6,174.1,101.5,178.9,400.2,8.1,1
19,Male,16.0,46.2,90.9,30.8,34.3,6.08,7.6,316.0,100.1,180.8,401.1,9.7,0
57,Female,12.0,40.5,88.1,28.1,32.2,4.2,9.5,158.6,98.4,157.0,398.3,6.6,1
17,Male,13.9,44.1,88.3,28.5,32.3,4.7,4.9,176.7,98.2,178.0,398.5,6.7,1
68,Male,15.6,47.0,91.0,29.5,35.5,6.42,5.9,322.7,99.0,179.5,398.8,9.6,0
8,Female,12.9,42.0,91.3,30.9,34.3,4.85,7.6,240.3,101.4,159.5,401.3,9.2,0
7,Female,12.7,42.9,90.5,31.0,34.8,5.4,5.1,276.4,101.1,159.5,400.4,9.1,0
12,Male,13.6,44.3,88.1,28.1,32.1,4.7,6.1,320.4,98.3,178.0,398.4,6.6,1
7,Male,11.0,44.9,89.0,30.4,33.5,5.57,7.8,317.3,101.2,178.8,401.3,8.5,1
20,Male,13.8,44.1,88.0,28.1,32.4,4.7,6.7,282.7,98.1,178.4,398.2,6.7,1
7,Male,12.0,45.2,90.4,31.0,34.5,4.66,6.4,218.7,98.9,181.4,399.6,9.9,0
67,Female,12.0,40.0,88.1,28.4,32.1,4.2,5.0,277.6,98.4,157.2,398.4,6.5,1
88,Female,14.3,42.9,90.6,30.1,35.1,5.4,4.9,234.9,100.9,159.4,400.6,8.6,0
9,Male,13.2,45.1,89.9,30.6,34.1,4.79,7.4,215.1,100.6,178.7,400.7,9.5,1
50,Male,13.6,44.3,88.3,28.2,32.5,4.7,6.9,299.1,98.0,178.3,398.4,6.8,1
7,Female,11.0,40.0,88.5,28.0,32.5,4.2,7.8,271.6,98.2,157.0,398.1,7.0,1
56,Male,13.9,44.0,88.1,28.1,32.4,4.7,4.6,264.0,98.1,178.3,398.1,7.0,1
17,Male,14.0,44.2,88.4,28.3,32.2,4.7,8.0,303.4,98.4,178.5,398.4,6.5,1
9,Female,11.0,40.3,88.3,28.1,32.0,4.2,5.6,305.4,98.2,157.2,398.3,6.9,1
73,Female,13.9,42.7,90.7,30.5,35.5,5.17,6.6,321.3,100.5,159.3,401.0,9.0,0
8,Male,12.5,47.0,90.9,30.9,34.7,6.1,7.4,150.0,100.3,181.2,400.3,8.6,0
18,Female,13.0,41.0,88.7,31.2,34.1,4.47,7.2,328.1,99.4,158.7,400.8,7.8,1
19,Female,12.0,40.4,88.2,28.4,32.4,4.2,9.3,157.7,98.1,157.4,398.0,6.7,1
18,Male,16.8,46.9,90.0,30.3,34.1,5.94,6.1,250.1,100.5,180.3,401.0,9.2,0
13,Male,16.2,46.5,90.0,30.8,34.5,5.4,5.3,202.1,100.6,180.2,400.8,9.5,0
67,Female,14.9,42.1,91.3,31.3,35.5,5.4,6.8,201.4,100.1,159.8,400.8,9.9,0
39,Male,16.6,46.0,90.6,30.9,34.7,6.1,5.3,237.6,101.5,180.4,401.1,8.7,0
55,Male,16.1,46.1,91.3,30.9,34.2,6.1,5.9,249.8,100.9,181.2,401.1,8.8,0
4,Male,11.0,44.5,88.3,28.2,32.5,4.7,9.0,150.0,98.5,178.2,398.2,6.9,1
89,Female,14.6,42.3,90.5,31.1,34.5,5.4,8.3,289.8,100.3,159.7,400.0,9.0,0
64,Female,14.4,42.5,91.2,31.5,34.3,5.4,9.4,310.3,100.4,159.1,400.8,9.4,0
32,Female,13.9,42.5,90.0,30.4,34.9,5.4,6.2,254.7,100.4,159.9,401.1,9.8,0
58,Female,12.0,40.4,88.0,28.0,32.1,4.2,9.8,200.7,98.2,157.1,398.3,6.8,1
12,Female,12.0,40.2,88.3,28.3,32.2,4.2,6.2,305.2,98.2,157.1,398.1,6.5,1
12,Male,14.3,46.6,90.3,28.8,34.1,6.74,6.7,240.8,100.5,179.2,400.8,9.8,1
3,Male,13.5,46.0,90.2,31.3,34.7,6.1,8.9,307.3,101.4,181.5,401.1,8.9,0
15,Female,15.0,42.3,90.0,30.8,34.2,5.4,7.6,229.0,100.7,159.8,400.3,8.7,0
28,Male,16.9,47.3,90.6,30.6,34.7,6.1,6.7,194.4,100.4,181.1,400.2,9.9,0
78,Female,14.4,42.4,90.6,31.4,35.3,5.29,8.7,216.1,100.6,159.9,400.6,8.9,0
22,Female,12.1,40.1,88.5,28.3,32.2,4.2,6.7,193.8,98.4,157.5,398.2,6.8,1
18,Male,14.9,44.6,91.1,30.0,35.0,5.66,7.2,260.7,99.4,179.6,400.2,9.6,1
39,Male,15.0,47.1,88.8,28.7,34.2,6.09,9.5,301.7,99.3,181.1,401.4,8.2,0
11,Female,11.0,40.5,88.3,28.3,32.3,4.2,4.8,211.3,98.3,157.4,398.3,6.7,1
17,Male,16.5,47.5,91.1,31.1,35.4,5.57,8.2,273.0,101.4,180.3,400.8,9.5,0
0,Female,11.0,40.2,88.3,28.2,32.3,4.2,4.5,181.5,98.1,157.4,398.5,6.6,1
13,Female,12.0,40.0,88.3,28.2,32.4,4.2,8.4,255.6,98.3,157.1,398.2,6.8,1
4,Male,11.0,44.1,88.3,28.3,32.5,4.7,5.9,354.4,98.3,178.4,398.5,6.7,1
18,Female,14.2,42.9,90.3,31.2,34.9,4.73,5.9,275.2,99.5,157.6,400.7,9.8,1
58,Female,13.3,41.8,91.4,30.0,34.8,3.35,6.5,261.0,100.9,160.3,399.2,7.8,0
19,Male,13.8,44.1,88.4,28.3,32.5,4.7,6.4,203.9,98.3,178.1,398.2,6.8,1
17,Male,16.2,46.6,91.2,31.1,34.2,5.53,7.1,294.5,101.3,180.1,400.8,9.3,0
11,Female,13.5,42.1,90.7,31.0,34.9,5.2,9.6,276.5,100.9,160.0,400.4,9.7,0
79,Male,16.2,46.0,90.4,30.7,34.2,5.59,9.6,236.3,101.3,180.8,400.7,9.1,0
74,Male,16.2,47.1,90.8,30.6,34.1,6.1,7.6,289.3,100.6,180.2,401.2,9.9,0
1,Female,12.9,42.2,90.6,31.1,35.0,5.4,8.6,186.6,100.6,160.4,400.5,9.4,0
69,Female,12.0,40.4,88.3,28.4,32.5,4.2,7.0,204.2,98.3,157.2,398.1,7.0,1
16,Female,14.7,42.9,91.0,31.2,35.1,4.96,5.0,210.9,100.8,159.1,401.1,8.7,0
4,Female,12.4,43.3,90.9,30.4,35.3,5.4,7.4,211.9,101.1,160.1,401.1,8.8,0
0,Female,12.8,41.9,91.5,28.8,34.0,5.99,10.1,195.0,99.7,160.4,401.4,7.6,0
16,Male,15.8,45.1,90.1,31.2,32.9,4.61,5.9,244.7,99.6,179.8,401.0,10.0,0
16,Female,15.1,42.4,91.4,30.7,34.2,4.88,5.2,209.0,101.3,160.1,401.3,9.4,0
88,Female,13.9,43.3,90.8,31.0,34.7,5.4,7.8,161.1,100.2,160.1,400.8,9.8,0
72,Male,15.7,46.7,90.6,31.0,35.4,6.1,6.2,213.5,101.2,180.8,400.7,9.6,0
35,Female,14.1,42.9,90.4,30.5,34.1,5.4,6.4,204.5,100.6,160.2,400.7,9.1,0
27,Male,15.6,45.6,90.8,31.4,34.8,6.72,9.0,279.4,100.4,180.3,399.6,8.6,0
64,Male,16.6,46.8,90.0,30.9,35.4,5.57,9.3,281.0,100.1,180.0,400.7,9.7,0
8,Female,12.6,43.3,90.9,30.3,34.5,5.4,7.8,329.1,100.2,160.2,400.5,9.7,0
15,Male,16.1,46.4,90.2,30.5,35.1,6.1,5.3,286.3,100.9,180.9,400.7,9.3,0
20,Female,15.2,42.0,91.5,30.4,34.7,5.4,5.8,213.6,101.0,160.1,400.0,9.2,0
19,Male,16.8,47.0,90.4,30.8,35.1,6.1,8.2,268.6,101.3,180.9,400.6,9.5,0
17,Female,14.2,42.7,90.6,31.2,35.4,4.95,8.5,225.4,101.0,159.5,401.1,9.3,0
5,Male,11.0,44.1,88.4,28.0,32.2,4.7,8.5,192.5,98.4,178.0,398.3,6.5,1
11,Male,11.0,44.2,88.3,28.2,32.1,4.7,9.4,293.8,98.0,178.4,398.4,6.9,1
18,Male,15.9,45.5,89.8,28.7,35.0,6.1,7.0,198.5,100.9,180.7,400.4,9.4,0
14,Male,16.4,45.9,91.1,30.8,33.3,5.5,7.7,280.9,101.0,179.3,400.8,8.2,0
19,Female,14.8,42.1,89.6,28.7,33.3,5.47,8.7,199.2,98.9,158.4,400.0,9.3,0
2,Female,13.4,42.7,90.7,31.2,34.3,5.03,5.6,336.7,101.1,159.4,400.5,9.8,0
31,Female,12.0,40.2,88.3,28.5,32.5,4.2,7.1,161.2,98.3,157.0,398.1,6.5,1
2,Female,11.0,40.1,88.2,28.0,32.4,4.2,7.8,241.3,98.1,157.1,398.3,7.0,1
25,Male,13.9,44.4,88.3,28.5,32.3,4.7,8.0,263.1,98.2,178.1,398.5,6.9,1
51,Female,15.2,42.2,90.1,30.5,34.1,4.98,8.6,290.7,100.2,159.9,400.2,9.1,0
66,Male,15.5,47.1,90.3,31.0,34.8,6.1,6.5,308.6,100.9,180.2,400.6,9.6,0
16,Male,13.8,44.5,88.0,28.1,32.2,4.7,6.4,273.0,98.1,178.4,398.1,6.6,1
69,Female,12.0,40.0,88.1,28.2,32.4,4.2,4.8,241.0,98.4,157.3,398.2,6.9,1
14,Female,13.6,40.7,89.5,31.1,32.8,5.0,5.9,181.1,99.4,157.7,398.7,8.4,0
17,Female,13.0,41.6,90.5,30.2,34.4,4.98,6.3,249.9,99.6,159.3,400.9,9.6,0
8,Male,11.0,44.2,88.1,28.2,32.3,4.7,6.1,223.0,98.4,178.1,398.3,6.6,1
13,Female,12.0,40.2,88.1,28.1,32.5,4.2,6.8,150.0,98.2,157.2,398.0,6.9,1
71,Female,13.2,43.5,88.8,30.3,34.7,3.73,7.2,295.4,101.4,158.9,401.3,8.7,1
35,Female,12.0,40.2,88.2,28.4,32.3,4.2,8.1,253.3,98.1,157.2,398.1,6.8,1
14,Female,12.2,40.4,88.3,28.1,32.4,4.2,7.4,225.7,98.2,157.4,398.3,6.9,1
75,Female,12.0,40.5,88.3,28.2,32.2,4.2,7.7,199.4,98.2,157.1,398.0,6.9,1
51,Male,13.9,44.1,88.2,28.2,32.3,4.7,7.3,223.4,98.5,178.3,398.3,6.6,1
29,Male,16.4,47.0,90.0,30.4,34.6,5.9,7.4,266.2,100.9,180.5,401.1,9.8,0
33,Female,12.1,40.2,88.0,28.0,32.4,4.2,8.4,289.0,98.2,157.4,398.3,6.9,1
10,Female,13.2,43.0,90.7,31.2,34.7,5.4,5.7,306.2,100.6,160.0,401.3,8.8,0
12,Male,16.7,46.3,91.0,30.3,34.3,6.1,5.7,205.7,100.0,181.3,401.2,9.4,0
41,Female,15.1,42.9,91.3,30.2,34.1,5.4,8.6,188.5,100.1,159.7,400.4,8.6,0
7,Female,12.4,42.3,91.2,31.1,35.2,5.4,7.1,306.0,100.5,159.9,401.0,9.0,0
16,Female,14.7,41.9,89.0,28.9,33.6,5.0,7.9,283.8,98.6,159.4,398.5,8.7,1
14,Male,13.9,44.4,88.1,28.1,32.0,4.7,8.2,244.9,98.2,178.4,398.5,6.7,1
30,Male,13.5,44.2,88.4,28.2,32.5,4.7,7.1,331.6,98.2,178.0,398.1,6.8,1
14,Male,13.6,44.4,88.3,28.4,32.2,4.7,8.4,211.4,98.1,178.4,398.0,6.7,1
1,Male,12.3,46.9,91.0,30.0,34.8,5.74,5.4,273.7,101.0,180.6,401.4,8.7,0
0,Female,12.0,41.5,88.9,31.3,33.2,4.83,6.2,251.6,100.9,159.6,399.4,9.8,0
7,Female,11.0,40.2,88.5,28.5,32.2,4.2,7.0,199.5,98.4,157.2,398.0,6.5,1
33,Male,13.6,44.0,88.5,28.1,32.1,4.7,7.0,256.0,98.1,178.4,398.2,6.6,1
33,Male,16.8,46.4,90.5,30.6,34.6,5.55,6.0,314.7,101.3,181.4,400.0,10.0,0
16,Female,13.8,42.2,89.3,30.1,35.2,5.89,7.2,179.2,100.7,160.4,400.8,9.0,0
9,Male,13.5,46.6,90.7,31.3,34.8,6.1,6.5,169.4,100.2,180.3,400.0,8.6,0
49,Female,13.9,42.4,90.6,30.5,35.3,5.4,6.7,244.3,101.1,159.5,401.1,9.6,0
50,Female,12.2,40.1,88.1,28.1,32.3,4.2,6.5,295.9,98.3,157.1,398.0,7.0,1
33,Female,14.4,42.4,90.8,30.9,34.6,5.39,7.3,255.0,101.3,159.2,401.0,8.5,0
19,Male,16.4,46.1,90.2,30.9,34.4,5.52,9.4,150.0,100.5,181.1,401.0,9.0,0
32,Female,12.1,40.4,88.2,28.4,32.1,4.2,5.6,252.7,98.3,157.0,398.0,6.9,1
73,Female,14.4,43.3,90.9,30.8,34.5,4.9,7.6,324.6,101.4,159.6,400.6,10.0,0
57,Male,14.3,46.5,89.9,29.6,35.1,6.74,8.8,248.3,101.2,179.4,398.6,9.2,1
4,Male,12.7,46.9,90.4,30.4,35.1,5.47,8.4,335.5,101.3,180.3,400.1,8.9,0
7,Female,13.1,41.3,89.4,30.3,34.3,5.91,7.0,305.2,98.8,159.4,400.4,7.3,0
34,Male,13.7,44.0,88.5,28.1,32.2,4.7,6.2,332.8,98.3,178.3,398.4,6.5,1
40,Female,12.0,40.3,88.4,28.0,32.1,4.2,5.5,174.7,98.3,157.2,398.1,7.0,1
90,Male,13.8,44.3,88.2,28.4,32.0,4.7,5.5,190.2,98.5,178.0,398.1,6.9,1
2,Female,11.0,40.3,88.1,28.2,32.3,4.2,7.4,309.8,98.5,157.3,398.5,6.9,1
19,Male,14.4,45.5,89.4,29.1,33.0,5.92,7.9,248.3,101.0,180.8,398.8,9.7,1
15,Female,12.0,40.3,88.1,28.4,32.1,4.2,6.6,253.0,98.0,157.0,398.4,6.5,1
39,Female,12.2,40.4,88.1,28.0,32.4,4.2,5.3,203.6,98.5,157.4,398.2,6.9,1
13,Female,12.1,40.4,88.3,28.2,32.3,4.2,6.5,265.9,98.4,157.5,398.5,7.0,1
77,Female,14.0,43.4,90.1,30.3,34.4,5.03,5.4,150.0,100.8,159.1,400.3,9.7,0
25,Male,13.8,44.1,88.3,28.5,32.1,4.7,4.5,216.3,98.0,178.3,398.1,7.0,1
19,Male,15.9,47.3,90.7,29.4,35.0,4.19,6.9,267.8,100.7,180.7,399.3,7.3,1
10,Male,13.1,46.1,91.1,30.9,34.3,5.68,8.7,264.8,100.0,180.1,400.9,9.7,0
19,Male,15.4,47.3,88.7,28.8,34.5,4.07,4.5,155.9,99.2,180.2,400.3,7.3,1
17,Male,13.7,44.1,88.3,28.5,32.4,4.7,5.3,196.8,98.2,178.2,398.5,6.6,1
69,Female,12.1,40.2,88.1,28.3,32.3,4.2,7.9,310.2,98.5,157.3,398.4,7.0,1
19,Male,16.0,46.9,90.5,31.4,35.3,6.1,5.2,199.4,100.1,181.2,400.7,9.0,0
4,Male,12.7,47.2,90.7,31.2,35.2,6.1,6.8,290.5,100.5,180.9,400.6,9.4,0
18,Male,16.7,46.5,90.9,31.2,35.0,5.43,5.6,229.3,100.3,181.4,400.1,8.8,0
30,Male,13.6,44.0,88.4,28.3,32.3,4.7,4.5,247.7,98.0,178.4,398.2,6.9,1
17,Male,13.8,44.5,88.4,28.3,32.4,4.7,6.7,255.5,98.1,178.2,398.5,6.7,1
14,Female,14.4,42.4,90.2,31.0,35.3,5.08,7.1,302.3,100.2,160.0,400.8,8.5,0
76,Female,14.2,43.1,90.7,30.4,34.9,4.91,5.6,271.0,100.4,159.4,400.7,9.9,0
18,Male,13.9,44.3,88.5,28.2,32.4,4.7,9.1,251.9,98.0,178.4,398.4,6.5,1
46,Female,13.6,41.5,89.9,30.9,34.3,3.5,6.1,216.6,98.7,159.6,400.6,8.6,1
11,Male,11.0,44.2,88.2,28.4,32.1,4.7,7.8,292.3,98.5,178.0,398.4,6.8,1
46,Male,14.4,46.2,89.8,31.4,32.8,5.1,6.3,198.8,101.1,179.2,400.0,7.6,1
1,Female,11.0,40.2,88.1,28.2,32.1,4.2,6.5,229.1,98.1,157.4,398.3,6.6,1
3,Male,13.5,46.2,91.0,30.6,34.6,6.1,7.9,331.4,100.4,180.1,400.1,9.8,0
13,Female,12.0,40.5,88.0,28.2,32.3,4.2,5.7,322.6,98.3,157.2,398.1,6.8,1
13,Male,13.7,44.5,88.5,28.4,32.4,4.7,9.0,168.8,98.4,178.1,398.2,6.6,1
19,Female,12.1,40.4,88.2,28.0,32.5,4.2,4.5,245.5,98.1,157.3,398.1,6.7,1
48,Female,13.4,41.1,89.3,30.6,35.1,4.43,8.8,293.4,100.0,158.7,400.3,8.7,0
5,Female,13.5,42.1,91.0,31.1,35.3,5.4,5.6,303.9,101.1,159.5,401.4,8.7,0
18,Female,12.2,40.3,88.3,28.1,32.1,4.2,8.2,318.6,98.3,157.4,398.0,6.5,1
48,Female,12.0,40.2,88.2,28.2,32.2,4.2,8.1,248.7,98.3,157.2,398.0,6.6,1
15,Female,12.2,40.2,88.2,28.1,32.3,4.2,8.5,332.5,98.4,157.1,398.5,6.6,1
14,Male,13.7,44.0,88.2,28.2,32.1,4.7,7.4,238.0,98.3,178.5,398.2,6.7,1
1,Male,11.0,44.3,88.3,28.4,32.1,4.7,4.8,309.1,98.2,178.1,398.2,6.9,1
78,Female,13.8,42.7,90.6,30.6,35.2,5.07,7.1,184.4,101.0,159.0,400.8,8.9,0
4,Female,11.0,40.0,88.2,28.1,32.1,4.2,9.8,270.7,98.2,157.4,398.1,6.8,1
50,Male,16.6,47.0,88.7,29.4,34.2,6.4,6.6,298.3,100.8,180.4,401.3,9.6,1
86,Male,14.0,44.0,88.1,28.0,32.4,4.7,4.7,219.5,98.5,178.3,398.4,6.8,1
19,Female,15.2,42.7,91.3,31.3,34.2,5.4,6.3,236.5,101.3,159.4,400.5,9.0,0
71,Female,14.9,42.3,90.5,30.5,34.4,5.26,5.8,294.8,101.2,159.1,400.9,9.8,0
54,Male,15.2,47.1,89.9,28.7,33.2,4.95,6.7,263.9,100.6,181.0,400.0,8.8,1
82,Female,12.0,40.3,88.3,28.4,32.2,4.2,7.4,242.7,98.3,157.2,398.4,6.9,1
13,Male,14.3,45.4,89.6,31.2,34.3,4.07,6.6,243.0,100.7,179.1,399.2,7.4,0
86,Male,13.8,44.2,88.3,28.1,32.2,4.7,8.3,173.0,98.5,178.5,398.4,6.6,1
22,Female,12.2,40.1,88.4,28.5,32.2,4.2,7.4,311.2,98.2,157.1,398.3,6.7,1
50,Male,16.9,45.0,88.8,31.3,34.0,5.74,4.5,251.8,100.9,180.3,401.4,9.1,0
12,Female,14.0,43.0,91.4,30.2,34.6,5.14,6.4,235.8,101.0,160.1,401.0,9.9,0
83,Female,14.3,42.1,91.3,30.5,33.3,5.83,8.3,230.2,99.0,158.1,400.1,8.1,0
30,Male,13.6,44.3,88.1,28.2,32.5,4.7,8.0,152.1,98.2,178.5,398.3,6.9,1
80,Male,13.8,44.3,88.4,28.5,32.4,4.7,4.5,271.1,98.3,178.5,398.4,7.0,1
12,Female,14.5,42.4,90.6,30.1,34.1,4.94,8.6,261.2,100.4,159.1,401.1,9.8,0
15,Male,13.8,44.4,88.4,28.1,32.2,4.7,6.1,254.0,98.3,178.0,398.4,7.0,1
66,Male,16.6,47.0,91.4,30.4,34.1,6.1,7.1,210.8,100.4,181.4,400.7,9.8,0
15,Female,12.0,40.2,88.3,28.0,32.3,4.2,6.0,304.0,98.1,157.4,398.4,6.7,1
27,Female,12.1,40.1,88.3,28.2,32.2,4.2,4.8,223.2,98.2,157.4,398.3,7.0,1
64,Female,15.0,42.5,91.1,30.1,34.8,5.4,5.1,228.7,100.1,160.3,400.4,10.0,0
44,Male,16.7,46.8,90.8,31.1,34.7,6.1,6.7,293.3,100.6,180.0,400.9,8.5,0
16,Male,15.7,46.3,90.7,31.5,35.2,6.1,8.7,283.8,101.2,180.8,401.2,9.4,0
83,Female,15.2,42.7,90.3,31.4,34.7,5.32,6.0,207.1,101.5,159.5,401.5,9.0,0
12,Male,16.7,46.1,90.9,31.5,35.3,6.1,5.6,261.9,100.1,181.4,401.0,9.7,0
28,Female,12.2,40.5,88.5,28.3,32.2,4.2,5.6,302.9,98.1,157.0,398.2,6.5,1
73,Male,13.9,44.0,88.1,28.3,32.2,4.7,4.8,219.4,98.4,178.4,398.4,7.0,1
18,Male,16.8,46.9,91.2,30.6,34.2,6.05,10.3,158.8,100.2,181.5,400.4,8.8,0
83,Female,14.8,42.5,88.7,30.9,34.7,5.84,7.9,267.3,100.2,157.7,400.9,7.6,1
88,Female,12.1,40.4,88.4,28.1,32.2,4.2,7.6,262.8,98.3,157.1,398.4,6.7,1
24,Male,13.8,44.5,88.3,28.4,32.4,4.7,6.3,270.9,98.1,178.3,398.4,6.8,1
8,Female,11.0,40.3,88.2,28.4,32.0,4.2,4.6,224.4,98.2,157.5,398.2,6.6,1
65,Male,16.6,46.9,90.1,31.3,34.9,5.87,7.2,227.5,100.6,181.4,400.1,8.6,0
67,Male,13.7,44.3,88.1,28.2,32.4,4.7,5.4,250.5,98.0,178.0,398.4,6.9,1
71,Female,12.0,40.2,88.2,28.5,32.0,4.2,9.5,230.8,98.2,157.0,398.4,6.6,1
16,Female,12.1,40.2,88.3,28.4,32.2,4.2,4.5,203.9,98.4,157.2,398.2,6.6,1
53,Male,13.6,44.3,88.2,28.2,32.0,4.7,5.1,310.9,98.1,178.4,398.1,6.9,1
89,Female,13.8,42.6,90.5,30.9,35.4,5.26,7.4,225.6,101.1,159.6,400.4,9.7,0
70,Female,12.2,40.1,88.1,28.4,32.1,4.2,9.4,256.9,98.1,157.4,398.2,7.0,1
16,Female,12.1,40.4,88.2,28.3,32.2,4.2,10.0,199.9,98.1,157.4,398.1,6.6,1
74,Male,13.8,44.2,88.1,28.1,32.4,4.7,4.8,256.8,98.2,178.1,398.2,6.9,1
37,Male,15.8,46.0,91.3,30.5,34.6,6.07,6.4,296.5,101.3,180.9,400.8,9.0,0
36,Male,15.8,46.6,91.5,30.9,35.2,6.07,4.5,306.0,101.1,181.3,400.8,9.2,0
29,Female,12.0,40.4,88.3,28.2,32.2,4.2,5.3,282.4,98.1,157.0,398.3,6.9,1
16,Female,14.0,42.5,91.2,30.8,32.8,5.15,5.6,282.4,100.5,157.8,398.9,8.1,1
81,Female,12.1,40.4,88.3,28.3,32.3,4.2,7.0,223.0,98.2,157.1,398.3,6.9,1
19,Male,16.4,46.7,91.3,31.4,34.7,6.1,8.6,368.3,100.7,180.3,400.0,8.9,0
34,Female,12.0,40.5,88.5,28.5,32.2,4.2,7.0,304.2,98.2,157.4,398.3,6.8,1
5,Female,11.0,40.3,88.0,28.2,32.0,4.2,8.3,253.5,98.2,157.5,398.4,6.9,1
81,Female,13.8,42.9,90.8,31.4,35.3,5.4,4.9,338.5,100.2,160.3,400.8,9.1,0
2,Male,13.7,47.5,90.0,30.8,34.4,3.92,7.2,259.8,99.2,181.4,399.6,8.2,1
54,Male,16.6,47.2,90.5,30.3,34.1,6.1,9.1,150.0,100.4,180.2,400.7,9.2,0
7,Male,13.0,47.2,90.5,31.3,34.6,5.42,7.5,243.5,101.4,180.9,400.9,9.2,0
9,Male,12.0,45.7,89.3,28.8,35.1,6.85,4.5,217.4,99.5,179.5,401.3,9.8,0
90,Female,14.7,40.8,90.6,29.8,33.1,4.51,6.4,275.6,100.4,159.8,399.5,7.8,1
84,Female,12.0,40.2,88.3,28.2,32.0,4.2,4.5,239.6,98.4,157.2,398.2,6.9,1
18,Female,12.0,40.3,88.4,28.3,32.2,4.2,8.4,274.5,98.5,157.3,398.3,6.8,1
15,Male,14.0,44.4,88.3,28.0,32.4,4.7,7.0,225.9,98.4,178.5,398.2,6.5,1
16,Male,13.9,44.4,88.2,28.4,32.0,4.7,4.5,208.3,98.5,178.1,398.2,6.7,1
13,Female,14.8,43.4,91.2,30.3,34.4,5.4,10.8,173.4,100.9,159.2,401.3,9.8,0
10,Male,12.8,47.2,91.2,30.7,34.5,5.94,6.1,301.9,100.3,180.1,400.7,9.2,0
45,Male,14.0,44.5,88.1,28.5,32.1,4.7,7.3,222.8,98.3,178.4,398.5,6.7,1
14,Male,14.4,47.4,89.9,30.2,32.6,6.45,7.6,277.8,98.9,179.7,401.4,8.3,0
17,Male,13.9,44.4,88.5,28.0,32.3,4.7,7.3,362.4,98.3,178.5,398.3,6.9,1
85,Female,12.1,40.0,88.2,28.2,32.1,4.2,8.0,270.7,98.4,157.2,398.2,6.5,1
19,Female,14.1,42.4,90.5,30.9,34.0,5.4,8.6,261.6,100.3,160.2,400.6,8.8,0
20,Female,12.0,40.5,88.1,28.2,32.2,4.2,8.0,265.3,98.5,157.4,398.1,6.7,1
3,Female,13.5,43.2,91.2,31.3,34.4,5.4,4.9,369.1,101.3,159.0,400.3,9.8,0
51,Male,15.6,46.7,91.3,30.8,34.1,6.1,6.7,257.5,101.4,180.7,400.6,9.2,0
15,Male,15.7,46.6,88.9,30.6,33.0,6.78,6.7,184.4,100.9,179.5,400.1,7.2,1
52,Female,13.8,42.8,91.1,30.3,35.0,5.4,9.1,190.3,100.3,159.7,400.8,9.2,0
0,Female,13.0,43.5,91.0,31.3,34.0,5.4,5.7,276.4,100.0,159.4,401.4,9.5,0
50,Male,13.7,44.0,88.0,28.4,32.4,4.7,7.4,295.5,98.4,178.3,398.1,6.7,1
80,Female,13.0,40.7,88.8,31.0,34.8,3.43,8.4,294.7,101.0,159.5,400.1,7.9,0
14,Male,13.7,44.4,88.2,28.1,32.1,4.7,5.8,276.6,98.2,178.0,398.4,6.9,1
75,Male,16.4,45.3,90.8,29.4,34.2,6.46,6.3,199.6,100.7,179.1,398.7,9.9,0
14,Male,13.8,44.2,88.3,28.5,32.1,4.7,5.1,288.6,98.2,178.4,398.3,6.5,1
81,Male,13.9,44.4,88.1,28.2,32.1,4.7,6.2,246.1,98.3,178.4,398.0,6.7,1
9,Male,13.1,46.4,91.2,30.3,34.5,6.04,4.6,252.4,100.2,180.9,400.4,9.4,0
46,Female,14.7,42.1,90.9,30.6,35.3,5.4,8.4,214.9,100.5,159.4,400.3,9.5,0
68,Female,12.8,42.0,88.6,30.4,34.3,5.81,6.5,269.7,101.1,160.4,401.2,9.6,1
36,Male,16.7,47.1,91.3,30.0,35.4,5.91,4.5,228.9,100.5,181.3,401.1,10.0,0
14,Male,16.2,46.3,91.3,31.1,34.1,6.1,7.6,256.2,100.0,180.4,401.4,9.9,0
57,Male,16.3,47.4,90.1,31.1,34.9,6.04,6.2,229.9,101.4,181.0,400.7,9.4,0
76,Female,14.5,43.5,91.3,31.4,34.9,5.4,8.4,277.8,101.1,160.2,401.0,9.6,0
14,Male,13.7,44.1,88.4,28.5,32.4,4.7,8.0,287.0,98.0,178.1,398.0,6.9,1
86,Female,15.2,43.0,91.4,30.4,34.5,5.34,6.3,276.1,101.4,159.1,401.3,9.2,0
4,Male,13.5,47.3,90.9,30.9,34.9,5.7,6.3,244.7,100.7,180.8,400.3,9.9,0
13,Male,15.5,46.2,90.3,30.1,35.0,6.1,8.4,234.5,100.3,180.5,400.2,9.4,0
17,Female,14.2,43.3,90.8,31.0,34.2,5.4,8.8,199.3,101.4,159.8,400.8,8.7,0
1,Male,12.3,46.6,90.8,30.5,32.8,4.9,7.3,211.3,99.5,179.9,399.4,9.2,0
84,Female,14.1,42.3,90.8,31.1,34.4,5.3,8.4,294.9,100.3,159.6,401.3,9.6,0
10,Male,11.0,44.1,88.5,28.0,32.3,4.7,7.9,314.9,98.1,178.3,398.5,6.9,1
19,Female,12.0,40.5,88.5,28.1,32.1,4.2,7.2,230.4,98.1,157.3,398.1,6.8,1
0,Female,11.0,40.5,88.2,28.1,32.4,4.2,7.1,195.6,98.3,157.1,398.1,6.6,1
13,Female,13.9,42.8,90.6,30.4,35.2,4.99,6.5,214.1,100.8,159.3,401.1,9.0,0
13,Female,12.7,41.6,91.3,30.2,33.6,4.59,7.5,288.0,100.3,158.5,399.4,7.3,1
1,Male,11.0,44.8,91.1,30.3,35.4,5.0,8.5,231.2,100.2,180.2,400.2,9.4,1
90,Male,16.5,47.0,91.2,30.2,35.2,6.1,7.7,281.1,101.0,180.6,401.1,9.6,0
14,Female,12.0,40.1,88.2,28.2,32.2,4.2,4.5,208.6,98.2,157.4,398.1,6.9,1
13,Female,12.0,40.4,88.3,28.3,32.5,4.2,7.9,252.8,98.2,157.2,398.0,6.9,1
49,Female,12.2,40.2,88.2,28.2,32.3,4.2,8.0,319.8,98.5,157.2,398.0,6.6,1
13,Female,12.1,40.4,88.4,28.2,32.1,4.2,7.5,288.7,98.4,157.4,398.3,6.7,1
72,Female,14.6,43.2,91.0,30.6,34.5,5.4,4.5,178.7,101.3,159.5,401.0,9.8,0
86,Female,15.1,42.9,91.1,30.9,34.8,5.4,8.0,271.2,100.1,159.9,400.5,9.3,0
81,Male,15.7,47.1,91.2,31.2,34.4,5.8,7.8,251.2,101.4,180.5,401.2,9.9,0
57,Female,12.1,40.1,88.5,28.4,32.4,4.2,9.7,173.3,98.2,157.1,398.4,6.6,1
1,Male,11.0,44.0,88.3,28.3,32.2,4.7,6.8,232.8,98.4,178.3,398.2,6.6,1
5,Male,11.6,45.7,88.7,29.7,33.1,5.73,4.5,298.7,99.7,180.1,399.2,7.4,0
14,Female,15.0,43.2,91.5,30.3,35.3,5.4,8.3,260.2,101.4,160.1,400.5,9.2,0
59,Female,15.2,41.1,90.0,29.4,33.8,3.5,6.5,284.6,101.5,158.8,399.6,8.5,0
79,Male,15.4,46.6,88.6,29.8,33.3,5.58,8.6,184.2,98.9,180.8,400.1,9.3,0
10,Female,11.0,40.2,88.1,28.1,32.5,4.2,7.7,150.0,98.2,157.3,398.0,6.6,1
85,Male,13.7,44.2,88.3,28.2,32.4,4.7,6.1,249.3,98.1,178.1,398.2,6.6,1
16,Female,14.6,43.2,90.8,31.2,34.9,5.4,8.4,289.5,100.8,159.9,400.9,8.7,0
3,Male,11.0,44.2,88.5,28.4,32.1,4.7,6.7,293.7,98.2,178.4,398.0,6.7,1
0,Male,13.1,47.3,90.2,31.2,34.3,5.65,7.6,229.0,101.0,180.8,400.5,9.8,0
70,Female,14.3,42.5,91.1,31.0,34.8,5.4,6.7,253.7,100.1,159.9,400.3,9.7,0
16,Female,12.1,40.2,88.1,28.1,32.3,4.2,8.7,281.7,98.3,157.4,398.0,6.7,1
14,Female,12.0,40.1,88.0,28.5,32.2,4.2,6.6,155.6,98.1,157.5,398.1,7.0,1
79,Female,14.9,43.2,90.3,31.3,34.7,5.4,7.0,266.8,100.2,159.4,400.5,9.9,0
8,Male,11.0,44.0,88.1,28.4,32.2,4.7,6.2,250.1,98.4,178.5,398.0,6.6,1
19,Female,12.1,40.4,88.3,28.5,32.4,4.2,10.4,212.0,98.3,157.0,398.3,7.0,1
16,Female,12.0,40.1,88.5,28.2,32.1,4.2,5.4,291.8,98.1,157.1,398.3,6.9,1
37,Male,13.9,44.2,88.5,28.5,32.2,4.7,5.0,266.9,98.2,178.4,398.2,6.9,1
66,Female,14.8,43.0,90.2,31.5,34.8,5.4,9.1,259.9,100.6,160.1,401.3,8.9,0
18,Female,13.0,42.9,90.0,31.1,34.9,5.3,7.4,203.9,100.3,159.9,399.1,8.8,0
52,Male,13.8,44.3,88.2,28.4,32.3,4.7,4.5,174.8,98.5,178.4,398.3,6.9,1
17,Male,16.9,47.2,91.3,30.3,34.4,5.83,8.0,227.8,100.0,180.1,400.4,8.8,0
5,Male,13.3,46.2,90.7,31.1,35.3,6.1,5.8,268.3,101.4,180.2,401.2,8.9,0
0,Male,11.0,44.5,88.5,28.0,32.4,4.7,4.5,316.2,98.5,178.0,398.4,6.6,1
55,Male,13.6,44.4,88.5,28.4,32.1,4.7,9.5,166.2,98.3,178.4,398.4,6.5,1
73,Female,12.3,42.2,90.2,29.1,33.3,5.64,6.5,285.7,99.8,157.7,401.0,9.0,0
15,Male,16.2,47.1,90.8,31.3,34.4,5.53,6.7,280.2,100.9,181.2,400.5,9.6,0
24,Male,15.8,47.5,90.8,31.3,34.5,6.1,6.6,285.7,101.2,181.1,401.4,9.0,0
56,Male,13.8,44.0,88.2,28.3,32.4,4.7,8.4,241.1,98.0,178.3,398.1,6.7,1
17,Female,14.6,42.1,91.1,31.4,34.2,5.4,5.7,299.8,101.4,160.3,400.2,8.5,0
16,Male,16.0,46.7,90.6,30.6,35.5,5.53,6.9,290.9,100.9,181.2,400.5,9.1,0
18,Female,12.1,40.3,88.2,28.3,32.1,4.2,7.7,229.3,98.1,157.4,398.0,6.8,1
3,Male,11.0,44.5,88.2,28.3,32.0,4.7,9.8,181.5,98.2,178.1,398.4,6.6,1
62,Male,13.9,44.4,88.1,28.3,32.0,4.7,5.4,212.6,98.3,178.5,398.0,6.6,1
13,Male,13.7,44.2,88.4,28.4,32.1,4.7,6.6,150.0,98.1,178.3,398.1,6.8,1
10,Male,12.6,47.5,91.5,31.0,34.3,6.1,6.6,166.6,101.3,181.1,401.1,9.1,0
18,Female,12.0,40.4,88.5,28.2,32.5,4.2,5.6,262.8,98.4,157.2,398.2,6.6,1
18,Female,13.3,43.1,91.2,28.6,34.3,5.86,6.0,245.1,99.6,158.3,401.2,9.0,0
82,Male,13.9,44.3,88.2,28.0,32.4,4.7,8.2,268.6,98.3,178.3,398.2,6.9,1
6,Male,11.0,44.2,88.5,28.1,32.4,4.7,4.9,396.3,98.4,178.4,398.2,6.9,1
14,Female,12.2,40.4,88.3,28.3,32.0,4.2,7.3,332.9,98.3,157.4,398.3,6.7,1
16,Male,13.6,44.2,88.5,28.1,32.5,4.7,7.4,233.0,98.4,178.0,398.1,7.0,1
74,Female,12.0,40.1,88.4,28.5,32.4,4.2,7.3,216.9,98.4,157.2,398.2,6.6,1
0,Male,11.0,44.4,88.1,28.1,32.3,4.7,6.1,282.7,98.3,178.5,398.4,6.7,1
46,Male,16.8,46.0,91.4,30.8,35.1,6.1,8.9,243.9,100.3,180.2,401.0,9.8,0
19,Male,16.0,46.5,91.1,30.8,35.3,5.86,8.6,290.7,100.2,180.6,400.7,9.0,0
8,Female,11.0,40.3,88.0,28.4,32.3,4.2,7.8,150.0,98.4,157.1,398.1,6.6,1
15,Male,13.7,44.2,88.1,28.4,32.3,4.7,7.0,299.9,98.3,178.2,398.2,6.6,1
79,Male,15.7,46.6,91.2,31.3,35.1,5.49,5.3,288.0,100.5,180.3,401.2,9.5,0
6,Male,13.0,47.1,90.1,30.3,34.3,6.1,7.5,184.9,100.3,181.3,401.4,9.3,0
4,Female,11.0,40.4,88.0,28.0,32.3,4.2,7.4,291.6,98.0,157.3,398.4,6.9,1
38,Female,14.5,43.4,90.9,30.7,35.3,4.91,5.8,265.9,101.2,160.2,400.8,9.5,0
61,Male,16.0,44.5,90.5,29.0,35.4,4.97,5.9,248.4,101.1,179.2,399.4,8.9,0
68,Female,12.1,40.1,88.1,28.4,32.4,4.2,5.2,241.6,98.1,157.4,398.0,6.8,1
8,Male,13.2,47.2,90.6,30.4,35.3,6.1,6.0,150.0,100.3,180.9,400.5,10.0,0
82,Male,13.7,44.3,88.3,28.1,32.1,4.7,6.8,267.2,98.2,178.4,398.1,6.8,1
76,Female,13.7,41.1,89.0,29.2,35.2,4.0,7.3,266.5,100.0,158.7,399.1,8.9,1
46,Male,15.6,47.1,90.5,31.1,35.1,6.1,7.6,321.1,100.4,181.1,400.9,8.5,0
33,Female,12.2,40.2,88.4,28.3,32.1,4.2,6.7,229.6,98.1,157.1,398.4,6.5,1
83,Male,13.7,44.2,88.2,28.1,32.3,4.7,4.7,248.0,98.4,178.4,398.4,6.8,1
43,Female,14.6,43.0,89.3,31.4,33.5,3.61,6.6,230.4,100.9,157.5,401.1,7.9,1
15,Male,13.8,44.4,88.0,28.5,32.0,4.7,7.7,228.7,98.4,178.3,398.2,6.9,1
3,Female,12.3,42.8,90.9,30.2,34.9,5.4,6.2,279.7,100.2,159.7,400.9,9.8,0
16,Male,13.8,44.4,88.1,28.4,32.4,4.7,8.7,240.0,98.2,178.1,398.4,6.7,1
19,Male,16.3,46.2,90.0,30.2,34.9,5.51,6.2,197.1,100.1,180.3,401.4,8.5,0
35,Male,13.6,44.5,88.4,28.3,32.4,4.7,5.0,242.1,98.4,178.5,398.5,6.8,1
53,Female,12.2,40.4,88.2,28.1,32.0,4.2,5.5,150.0,98.2,157.3,398.2,6.8,1
50,Male,13.7,44.5,88.3,28.4,32.4,4.7,6.0,300.9,98.1,178.3,398.5,6.5,1
15,Male,13.8,44.5,88.1,28.4,32.1,4.7,6.6,218.1,98.4,178.0,398.2,6.8,1
90,Male,15.9,46.2,90.5,30.8,35.5,6.0,6.1,226.0,100.3,180.3,401.1,8.6,0
39,Female,12.9,42.1,89.4,30.1,34.4,5.69,7.7,355.2,100.5,158.2,401.3,8.9,1
26,Female,13.5,43.2,91.0,30.5,33.4,4.42,6.2,210.7,101.5,159.2,401.0,7.8,1
6,Female,13.3,42.6,91.2,31.1,34.8,5.4,7.2,314.1,100.1,159.8,400.5,9.3,0
15,Male,16.5,46.1,90.7,30.4,34.5,6.1,6.2,202.7,100.8,181.3,400.6,9.6,0
1,Male,13.3,47.3,90.4,30.7,34.3,6.1,7.6,260.4,100.3,180.9,401.4,8.6,0
26,Male,13.6,44.5,88.2,28.1,32.1,4.7,5.2,210.0,98.3,178.3,398.5,6.9,1
24,Female,14.0,43.5,90.8,31.1,34.5,5.4,8.1,392.6,100.6,160.2,400.8,9.5,0
14,Male,16.9,47.4,91.3,30.5,34.1,6.1,8.7,259.7,101.5,180.8,400.5,8.8,0
45,Male,16.6,47.2,91.0,30.0,34.3,5.91,5.0,299.3,101.4,181.1,400.4,9.1,0
88,Female,15.1,42.2,91.2,30.8,34.5,5.4,6.6,320.8,100.3,160.4,400.5,10.0,0
34,Male,13.8,44.2,88.3,28.3,32.4,4.7,5.8,216.2,98.3,178.3,398.1,6.8,1
18,Male,13.8,44.1,88.1,28.3,32.1,4.7,6.6,260.7,98.4,178.1,398.4,6.9,1
18,Male,16.9,47.2,90.9,31.0,35.4,6.1,9.1,206.3,100.1,180.6,400.6,8.8,0
12,Female,12.2,40.5,88.4,28.0,32.4,4.2,6.7,219.7,98.2,157.3,398.1,6.6,1
22,Female,12.0,40.4,88.4,28.3,32.2,4.2,7.4,187.9,98.3,157.3,398.1,6.6,1
17,Female,14.1,42.1,90.0,30.2,35.1,5.32,7.0,226.3,100.8,159.6,400.2,9.6,0
86,Female,14.8,41.2,88.7,29.6,34.7,6.27,7.2,359.2,98.7,158.5,398.7,8.3,0
41,Male,13.5,44.1,88.1,28.2,32.5,4.7,4.8,236.6,98.3,178.2,398.4,6.8,1
20,Female,14.3,43.0,90.8,30.4,34.3,5.4,6.5,235.8,100.5,160.3,400.1,9.7,0
79,Female,12.5,41.9,91.1,29.5,34.0,4.28,5.4,235.9,100.6,157.6,401.4,8.2,1
61,Male,13.7,44.1,88.1,28.4,32.4,4.7,6.3,259.4,98.2,178.2,398.1,6.8,1
19,Female,13.8,42.4,91.1,30.8,34.7,5.27,7.6,254.7,101.4,159.0,400.7,9.0,0
18,Male,13.6,44.4,88.0,28.5,32.0,4.7,7.4,293.6,98.3,178.0,398.1,6.9,1
17,Male,13.5,44.4,88.4,28.1,32.1,4.7,5.5,273.6,98.2,178.5,398.3,6.7,1
16,Female,12.0,40.5,88.3,28.5,32.1,4.2,8.3,231.2,98.0,157.4,398.1,6.9,1
29,Male,16.2,46.0,91.5,31.1,34.2,5.91,7.7,219.8,100.1,181.3,401.4,9.5,0
40,Male,13.7,44.4,88.4,28.4,32.2,4.7,7.8,210.9,98.1,178.1,398.4,6.9,1
89,Male,13.7,44.0,88.4,28.1,32.4,4.7,5.0,285.1,98.2,178.2,398.1,6.9,1
18,Female,14.4,43.5,91.3,30.7,34.6,4.94,8.6,209.4,101.1,159.3,400.9,8.9,0
15,Male,13.7,44.1,88.3,28.1,32.4,4.7,6.7,212.6,98.2,178.2,398.1,6.7,1
74,Female,12.0,40.5,88.1,28.1,32.1,4.2,5.7,276.9,98.0,157.4,398.5,6.8,1
47,Female,14.8,43.3,91.5,29.6,35.2,3.76,8.9,210.6,100.3,158.7,398.7,9.9,0
24,Female,14.2,43.3,91.4,31.0,35.3,4.89,7.2,204.3,101.3,159.5,400.8,8.5,0
19,Male,15.6,46.1,90.2,31.1,35.1,6.1,8.5,245.9,101.2,181.2,401.2,9.5,0
10,Female,11.7,40.7,88.8,30.2,33.5,3.43,7.2,308.2,100.6,159.6,398.7,7.0,1
76,Male,16.1,47.3,90.8,30.1,34.3,6.08,5.5,285.4,101.5,180.5,400.8,8.5,0
71,Female,12.1,40.0,88.3,28.2,32.5,4.2,8.3,212.2,98.0,157.2,398.3,6.6,1
80,Male,15.6,46.1,90.5,30.2,34.7,6.0,5.9,277.9,101.4,180.6,400.7,9.1,0
56,Male,14.7,45.5,89.3,30.1,32.7,4.98,6.0,154.2,100.6,181.3,400.8,9.9,1
4,Male,12.4,46.2,91.1,31.3,34.4,5.43,6.8,204.1,100.3,180.8,400.4,9.9,0
18,Female,12.4,40.7,89.0,29.0,34.9,3.62,6.5,326.0,101.4,159.3,400.2,8.9,1
14,Female,13.5,42.1,91.0,30.7,33.1,4.6,7.1,226.9,100.6,159.7,398.9,8.5,0
15,Female,15.1,42.5,90.5,31.0,35.0,5.33,7.2,193.4,100.9,160.3,400.7,9.5,0
69,Male,15.9,47.0,89.1,28.9,32.7,6.09,7.0,150.0,98.8,178.8,400.5,8.2,0
69,Male,13.6,44.4,88.1,28.2,32.1,4.7,11.0,209.8,98.2,178.4,398.3,7.0,1
30,Male,13.5,44.1,88.1,28.5,32.1,4.7,5.3,232.4,98.1,178.2,398.5,6.5,1
20,Female,14.4,42.9,90.3,30.8,34.3,5.14,6.6,190.6,100.2,159.2,401.5,9.1,0
7,Female,11.0,40.1,88.1,28.4,32.3,4.2,7.9,158.2,98.0,157.4,398.1,6.6,1
3,Male,12.4,47.3,90.4,30.2,35.3,6.1,7.4,266.7,101.0,180.8,400.1,9.1,0
88,Male,13.7,44.3,88.2,28.4,32.2,4.7,10.3,236.5,98.3,178.1,398.4,6.9,1
25,Male,16.2,47.5,90.8,30.7,34.5,6.1,6.5,238.2,100.0,180.4,400.6,9.3,0
63,Female,12.0,40.4,88.2,28.1,32.4,4.2,9.2,194.1,98.4,157.1,398.0,6.7,1
24,Female,14.3,42.1,90.8,30.0,34.4,5.4,8.0,223.3,100.9,159.9,400.0,9.2,0
30,Male,16.6,45.0,89.5,29.3,32.9,5.53,8.3,265.1,100.4,178.7,398.6,7.2,1
13,Female,14.8,42.6,91.5,31.4,35.2,5.4,8.0,211.5,100.5,160.1,400.6,8.9,0
67,Male,17.0,46.6,91.3,31.4,34.3,6.1,7.2,220.8,100.9,180.3,401.2,8.6,0
17,Female,14.5,43.3,91.2,30.0,35.3,5.4,7.9,213.2,100.5,159.4,400.2,9.2,0
62,Female,15.1,42.7,91.0,30.6,35.2,5.4,5.8,243.4,100.2,160.1,400.5,9.7,0
10,Female,12.6,42.5,91.4,30.5,35.2,5.4,8.6,223.6,100.9,159.0,400.1,9.6,0
9,Male,12.4,47.0,90.7,30.6,34.9,6.1,8.4,311.8,101.4,181.1,401.4,9.6,0
87,Male,15.8,46.6,90.6,30.4,35.3,6.1,5.6,209.5,100.0,180.5,400.8,8.9,0
80,Male,16.0,44.9,91.4,29.5,34.4,5.56,4.5,221.9,98.8,180.9,399.4,8.3,1
15,Male,16.7,46.3,90.5,30.2,34.1,6.1,7.8,352.7,101.1,181.3,401.2,8.5,0
77,Female,14.8,42.8,90.5,30.0,34.3,5.04,9.2,272.2,100.4,160.0,401.3,9.4,0
36,Male,14.0,44.5,88.3,28.5,32.3,4.7,7.4,315.8,98.2,178.1,398.3,6.8,1
1,Male,11.0,44.2,88.4,28.5,32.3,4.7,4.9,269.8,98.5,178.4,398.1,6.6,1
15,Female,13.3,42.4,90.8,28.6,34.4,5.78,8.3,274.1,100.6,160.0,401.1,9.4,1
16,Female,13.9,42.9,91.4,30.2,35.1,5.4,8.2,227.4,100.7,159.9,400.7,8.6,0
53,Female,12.0,40.2,88.3,28.2,32.2,4.2,7.6,213.9,98.1,157.2,398.5,7.0,1
15,Female,12.0,40.2,88.3,28.3,32.3,4.2,7.9,280.5,98.1,157.1,398.0,6.6,1
21,Male,14.8,46.5,90.9,29.3,33.2,6.31,6.7,224.4,100.1,179.3,398.8,9.7,1
5,Female,12.8,43.0,91.3,30.8,35.0,5.4,4.5,275.2,100.6,159.5,401.4,9.7,0
13,Male,15.5,47.0,90.3,31.3,35.3,5.52,7.0,201.1,100.9,180.4,401.1,9.4,0
79,Male,13.9,44.1,88.2,28.1,32.1,4.7,5.7,248.0,98.2,178.5,398.1,6.7,1
19,Female,14.9,41.3,91.5,29.8,35.2,5.23,5.6,188.5,100.4,159.5,400.2,9.8,0
63,Female,15.2,43.0,90.7,31.5,34.6,5.04,4.8,286.2,101.4,159.6,400.2,8.7,0
82,Male,13.8,44.2,88.4,28.4,32.0,4.7,9.1,193.8,98.1,178.2,398.2,6.8,1
60,Male,13.6,44.4,88.2,28.2,32.3,4.7,6.5,240.6,98.3,178.5,398.3,6.8,1
60,Female,14.1,42.3,91.2,30.3,34.7,5.4,6.9,372.0,100.5,159.8,401.1,9.7,0
51,Female,13.9,42.9,91.1,31.4,34.2,5.4,4.6,244.6,101.4,159.4,401.1,9.7,0
49,Male,15.6,46.5,90.6,29.7,32.8,4.93,7.5,308.5,99.8,180.5,401.0,9.6,0
16,Female,13.3,42.0,88.6,29.2,32.7,6.03,6.4,285.1,100.0,158.5,400.8,7.7,0
90,Male,13.6,44.5,88.1,28.0,32.1,4.7,5.4,269.8,98.3,178.1,398.1,6.9,1
14,Male,13.6,44.1,88.3,28.3,32.2,4.7,5.1,278.7,98.4,178.1,398.1,6.9,1
8,Female,11.0,40.2,88.0,28.0,32.1,4.2,7.3,206.0,98.1,157.0,398.1,6.5,1
64,Female,12.2,40.0,88.2,28.2,32.2,4.2,8.7,239.5,98.1,157.0,398.3,6.9,1
44,Male,16.0,47.0,90.8,31.1,35.3,6.1,6.1,297.7,100.3,180.6,401.0,8.8,0
3,Female,13.1,43.2,91.5,30.8,34.6,5.4,9.1,268.3,100.8,159.6,401.0,8.9,0
20,Female,14.6,40.5,91.1,28.9,32.7,5.72,7.2,169.2,101.1,160.3,399.9,8.8,0
19,Female,12.0,40.1,88.2,28.0,32.4,4.2,5.0,272.2,98.4,157.1,398.3,6.6,1
31,Male,15.6,45.4,89.0,30.1,33.3,4.62,7.7,334.8,100.7,179.8,398.7,8.5,1
75,Male,16.7,46.4,89.9,29.3,33.4,5.99,9.2,150.4,101.5,179.4,399.7,8.0,0
44,Female,14.4,43.5,90.2,30.7,34.3,5.4,9.4,191.0,100.5,159.8,400.7,9.1,0
69,Male,16.5,46.1,90.7,31.0,34.4,5.87,6.7,199.8,101.5,180.4,400.8,9.6,0
26,Male,16.5,46.1,91.5,31.3,34.9,6.1,6.5,275.7,101.3,180.3,400.6,9.3,0
27,Male,13.6,44.4,88.2,28.5,32.4,4.7,8.2,294.0,98.4,178.0,398.4,6.6,1
19,Male,13.6,44.1,88.2,28.1,32.5,4.7,5.3,207.9,98.4,178.2,398.4,6.9,1
44,Male,13.5,44.1,88.2,28.5,32.1,4.7,5.3,270.3,98.2,178.3,398.2,6.6,1
20,Female,14.0,42.4,91.0,30.4,34.5,5.4,4.5,273.6,101.2,159.1,400.8,8.6,0
89,Female,15.0,42.7,90.8,31.4,35.1,4.88,6.7,223.0,101.1,159.4,400.6,9.1,0
31,Female,14.9,43.4,91.4,30.8,34.0,4.83,6.7,274.1,100.6,159.7,400.4,9.4,0
37,Female,12.0,40.3,88.1,28.2,32.3,4.2,5.0,188.4,98.3,157.3,398.2,6.9,1
90,Male,16.4,46.6,90.4,30.4,35.2,6.1,6.5,244.6,100.1,181.1,400.8,9.7,0
13,Female,12.0,40.3,88.4,28.2,32.2,4.2,7.8,314.9,98.0,157.5,398.0,6.9,1
22,Female,14.2,42.2,90.0,30.4,34.8,5.4,8.4,212.0,100.7,159.3,400.6,8.9,0
61,Male,16.7,47.2,90.5,30.0,35.1,6.1,7.3,248.0,100.2,180.4,400.3,9.2,0
7,Male,12.9,46.7,90.4,31.1,34.8,5.88,8.2,243.9,100.5,180.1,400.3,9.1,0
42,Male,13.9,44.3,88.3,28.1,32.1,4.7,7.8,292.4,98.1,178.4,398.4,6.6,1
7,Female,11.0,40.5,88.3,28.3,32.0,4.2,10.7,336.2,98.1,157.3,398.0,6.5,1
18,Male,13.6,44.3,88.0,28.0,32.5,4.7,8.5,218.0,98.5,178.0,398.0,6.9,1
16,Male,16.3,47.2,90.5,30.1,34.7,6.1,6.0,215.8,101.4,181.4,401.5,9.7,0
14,Female,12.0,40.1,88.5,28.3,32.1,4.2,6.7,302.2,98.4,157.4,398.3,6.5,1
13,Male,15.6,46.8,91.5,31.0,34.1,5.68,7.9,273.0,100.9,181.0,400.0,9.7,0
13,Female,12.0,40.2,88.0,28.4,32.1,4.2,7.4,215.4,98.1,157.3,398.1,6.9,1
14,Male,13.9,44.2,88.2,28.4,32.2,4.7,6.2,256.3,98.1,178.3,398.3,6.8,1
5,Female,13.2,41.5,88.5,31.4,32.8,4.29,5.2,205.1,99.9,160.5,400.1,7.1,1
84,Male,13.7,44.5,88.4,28.4,32.1,4.7,9.1,310.6,98.1,178.4,398.4,6.7,1
17,Female,12.0,40.2,88.0,28.3,32.3,4.2,4.6,257.0,98.3,157.3,398.1,6.5,1
67,Male,13.6,44.5,88.2,28.1,32.1,4.7,5.6,223.6,98.2,178.1,398.2,6.9,1
15,Female,12.0,40.4,88.1,28.4,32.4,4.2,7.1,159.8,98.1,157.4,398.1,6.6,1
19,Male,17.0,46.4,91.4,30.1,35.1,6.1,4.7,243.9,101.1,180.3,400.8,8.9,0
68,Male,16.0,46.1,90.0,31.2,35.5,6.05,8.1,235.3,101.0,180.7,399.7,8.8,0
17,Female,12.1,40.0,88.4,28.1,32.2,4.2,5.9,283.3,98.2,157.1,398.3,6.8,1
55,Female,12.2,40.3,88.3,28.0,32.4,4.2,9.1,245.9,98.1,157.2,398.3,6.8,1
4,Male,11.0,44.4,88.5,28.4,32.4,4.7,7.5,214.2,98.2,178.0,398.4,6.7,1
27,Female,12.1,40.0,88.2,28.1,32.4,4.2,7.0,197.4,98.4,157.1,398.3,6.9,1
61,Male,16.5,46.4,90.1,30.6,35.3,6.1,7.0,277.0,100.4,180.3,401.0,9.3,0
89,Male,15.8,47.1,91.2,31.2,35.3,6.03,7.1,305.1,100.7,181.1,400.3,9.7,0
81,Female,12.0,40.4,88.3,28.2,32.0,4.2,8.9,265.5,98.1,157.4,398.2,6.8,1
15,Male,13.7,44.0,88.3,28.1,32.4,4.7,7.5,336.8,98.3,178.3,398.3,6.9,1
14,Male,15.9,46.6,90.0,31.2,34.3,5.47,8.8,283.4,101.2,180.7,400.3,9.6,0
16,Female,15.0,43.3,90.8,30.5,34.8,5.34,7.6,163.8,101.0,159.9,401.4,8.9,0
15,Female,14.3,43.2,90.8,30.4,35.4,5.16,5.9,185.7,101.3,159.8,401.0,10.0,0
19,Male,13.7,44.2,88.4,28.1,32.3,4.7,9.5,165.5,98.5,178.2,398.4,6.9,1
58,Male,16.9,46.2,90.8,30.9,35.4,6.1,6.7,193.6,101.0,181.1,401.3,8.8,0
19,Male,15.8,46.6,90.5,31.4,34.7,6.1,5.7,294.8,100.9,181.3,400.7,9.9,0
71,Female,12.1,40.2,88.2,28.5,32.3,4.2,7.3,269.5,98.3,157.4,398.3,6.8,1
67,Male,13.6,44.4,88.1,28.0,32.2,4.7,5.3,150.0,98.0,178.4,398.2,6.9,1
88,Female,12.0,40.2,88.4,28.4,32.3,4.2,6.1,257.8,98.4,157.2,398.1,6.5,1
83,Male,13.5,44.3,88.1,28.5,32.0,4.7,10.7,294.3,98.3,178.4,398.0,6.8,1
15,Female,14.3,43.3,89.8,30.0,33.2,6.3,8.1,214.0,99.1,158.1,401.1,8.8,1
30,Female,12.2,40.3,88.1,28.4,32.2,4.2,4.5,304.5,98.3,157.5,398.4,6.8,1
13,Female,15.1,43.4,90.8,30.9,35.0,5.19,5.6,232.5,101.4,160.1,400.1,9.3,0
21,Female,12.1,40.5,88.2,28.4,32.5,4.2,10.0,215.6,98.2,157.1,398.3,6.9,1
15,Female,12.0,40.5,88.2,28.2,32.3,4.2,5.9,195.1,98.0,157.2,398.3,6.5,1
34,Male,16.8,47.1,90.6,31.1,35.3,6.1,6.8,266.3,100.6,180.2,400.4,9.8,0
9,Male,11.0,44.5,88.4,28.4,32.1,4.7,6.5,250.4,98.4,178.4,398.0,6.9,1
20,Male,13.5,44.2,88.1,28.1,32.3,4.7,10.6,269.6,98.3,178.1,398.1,6.5,1
11,Female,11.0,40.1,88.0,28.1,32.2,4.2,4.5,271.2,98.2,157.1,398.4,6.7,1
32,Female,12.0,40.5,88.4,28.2,32.3,4.2,6.8,263.7,98.3,157.0,398.4,6.8,1
10,Female,11.0,40.3,88.3,28.0,32.1,4.2,6.8,212.5,98.3,157.2,398.1,6.6,1
33,Male,13.9,44.3,88.1,28.5,32.3,4.7,7.5,301.1,98.0,178.4,398.2,6.7,1
59,Male,16.8,46.1,91.3,30.4,35.0,5.46,9.3,288.2,100.6,180.3,400.8,9.7,0
5,Male,11.0,44.4,88.2,28.3,32.4,4.7,4.6,258.1,98.4,178.1,398.2,6.6,1
65,Female,12.0,40.4,88.4,28.0,32.0,4.2,7.1,207.3,98.0,157.4,398.3,6.6,1
15,Male,16.6,47.3,90.5,29.0,32.8,6.41,5.2,281.6,99.1,178.7,400.0,7.4,1
3,Male,11.0,44.0,88.1,28.5,32.2,4.7,7.0,243.1,98.2,178.3,398.3,7.0,1
6,Female,11.0,40.4,88.2,28.4,32.1,4.2,9.0,273.4,98.1,157.3,398.3,6.5,1
15,Female,12.0,40.1,88.5,28.2,32.5,4.2,5.9,357.5,98.0,157.2,398.2,6.6,1
1,Male,13.5,47.0,90.2,30.6,35.1,6.1,5.6,317.8,100.4,180.0,400.8,9.8,0
89,Female,12.1,40.1,88.3,28.3,32.3,4.2,6.9,220.0,98.0,157.4,398.1,6.7,1
82,Female,12.2,40.2,88.2,28.1,32.0,4.2,10.0,280.8,98.4,157.3,398.2,6.9,1
19,Male,16.3,46.9,91.4,30.1,34.9,6.1,7.7,232.9,100.0,181.1,401.4,9.5,0
9,Female,13.5,42.1,90.9,30.7,35.4,5.24,7.3,243.5,100.2,160.0,400.5,9.4,0
32,Female,12.8,41.6,89.8,30.5,34.4,3.86,7.1,196.2,98.7,159.3,400.3,7.6,0
4,Female,12.0,42.6,91.0,31.2,34.2,5.92,8.6,225.2,100.3,159.8,398.8,9.7,1
19,Male,16.6,46.8,90.6,30.8,34.5,6.1,7.2,230.1,101.3,181.2,400.3,8.9,0
86,Female,14.1,42.1,90.5,30.7,34.1,5.01,9.3,201.2,100.3,159.8,400.3,8.7,0
7,Male,11.0,45.8,89.4,31.1,34.9,6.68,8.3,220.5,101.0,178.8,400.0,9.9,1
78,Male,13.7,44.3,88.2,28.3,32.1,4.7,6.4,330.6,98.5,178.1,398.2,6.6,1
19,Female,12.2,40.1,88.0,28.3,32.5,4.2,4.5,305.3,98.3,157.2,398.5,6.9,1
35,Female,14.4,42.5,91.3,31.0,34.6,4.89,5.7,316.2,100.1,159.9,400.5,9.0,0
41,Female,13.0,43.0,91.3,30.7,33.0,3.37,6.6,220.3,99.5,157.6,401.5,8.7,1
68,Male,13.9,44.0,88.0,28.0,32.3,4.7,11.0,313.5,98.1,178.2,398.1,6.6,1
17,Female,14.7,40.8,91.0,28.9,34.8,5.9,8.3,258.3,99.4,158.5,399.6,9.9,0
5,Male,11.0,44.2,88.2,28.4,32.3,4.7,8.9,295.5,98.5,178.3,398.3,6.9,1
24,Male,13.6,44.5,88.2,28.4,32.4,4.7,7.1,272.4,98.4,178.4,398.0,7.0,1
13,Male,14.7,46.2,90.1,28.8,35.4,4.82,8.3,285.0,100.6,178.9,399.6,9.5,1
0,Female,13.1,42.8,91.1,31.2,34.5,5.4,6.1,283.7,101.1,159.3,400.1,9.4,0
0,Male,12.4,46.7,90.0,30.7,34.1,5.58,7.5,208.6,101.1,180.9,401.4,9.1,0
67,Male,15.9,46.5,91.1,31.2,34.9,5.88,5.9,231.3,101.4,181.0,400.0,9.5,0
17,Male,13.5,44.0,88.1,28.4,32.5,4.7,6.7,255.2,98.1,178.5,398.3,6.7,1
77,Female,12.9,42.8,88.6,29.6,32.8,5.0,8.3,177.3,100.3,159.0,401.0,8.3,1
75,Male,16.0,46.5,90.4,30.7,35.0,5.87,7.3,227.4,100.7,180.8,400.7,9.8,0
2,Male,11.0,44.3,88.2,28.1,32.2,4.7,6.6,244.2,98.1,178.1,398.4,6.9,1
6,Female,11.0,40.2,88.4,28.4,32.4,4.2,4.5,249.4,98.3,157.3,398.2,6.7,1
24,Female,14.3,43.0,90.1,30.9,35.2,4.82,6.2,268.9,101.0,159.7,400.8,9.0,0
8,Female,12.4,42.2,91.1,30.5,34.8,5.4,6.0,275.6,100.1,159.9,401.1,8.7,0
17,Female,12.0,40.3,88.1,28.1,32.2,4.2,5.4,189.2,98.4,157.5,398.4,6.6,1
14,Male,17.0,46.3,89.7,28.5,33.8,5.25,7.8,229.6,99.6,178.8,401.0,9.0,1
18,Female,14.1,40.7,91.4,30.3,34.2,4.92,5.9,286.3,98.9,160.5,399.7,9.2,1
81,Male,16.6,46.7,91.2,31.0,35.1,5.86,8.0,175.0,100.3,181.2,400.8,8.8,0
74,Female,14.9,43.0,91.4,30.7,34.8,4.86,6.6,273.0,101.5,159.3,400.4,9.2,0
83,Male,13.5,44.5,88.2,28.3,32.1,4.7,9.9,229.6,98.4,178.4,398.2,6.5,1
27,Female,12.0,40.1,88.1,28.1,32.5,4.2,6.1,240.9,98.3,157.1,398.1,7.0,1
13,Male,15.6,44.9,90.9,30.9,34.5,4.9,6.2,256.2,99.2,179.5,400.4,7.7,0
65,Female,12.1,40.5,88.2,28.4,32.0,4.2,9.8,304.3,98.2,157.4,398.3,6.9,1
19,Female,12.1,40.3,88.1,28.4,32.1,4.2,7.6,216.5,98.4,157.4,398.2,6.9,1
2,Female,11.0,40.4,88.5,28.1,32.0,4.2,7.1,276.2,98.2,157.3,398.1,6.9,1
16,Male,14.2,45.9,91.2,30.1,34.5,6.54,7.2,195.4,99.6,180.3,398.9,8.1,1
24,Male,13.8,44.4,88.4,28.3,32.3,4.7,7.3,273.1,98.3,178.1,398.4,6.7,1
57,Male,13.6,44.1,88.3,28.3,32.4,4.7,7.7,265.8,98.4,178.1,398.5,7.0,1
82,Female,13.8,42.6,91.2,30.6,35.3,5.15,5.5,352.0,101.3,160.2,400.5,9.8,0
80,Female,12.0,40.2,88.2,28.3,32.4,4.2,5.4,235.3,98.0,157.5,398.3,6.7,1
24,Male,16.4,46.7,91.2,30.4,35.1,6.1,7.4,268.8,100.6,181.5,400.6,9.5,0
64,Female,12.0,40.0,88.0,28.5,32.4,4.2,7.2,278.1,98.3,157.4,398.5,6.8,1
54,Male,15.7,46.3,90.1,31.4,34.8,6.1,7.7,277.0,101.3,181.5,400.7,9.9,0
65,Female,12.2,40.1,88.4,28.2,32.4,4.2,7.3,323.1,98.0,157.1,398.4,6.5,1
81,Female,12.0,40.1,88.4,28.3,32.4,4.2,5.8,304.6,98.3,157.4,398.3,6.6,1
22,Female,14.3,43.4,90.0,30.6,34.4,5.4,8.0,230.2,101.4,160.3,400.6,10.0,0
15,Female,12.2,40.2,88.3,28.5,32.3,4.2,5.9,227.9,98.1,157.1,398.1,6.8,1
1,Female,13.5,43.2,90.9,31.0,35.5,5.4,8.8,314.1,101.1,159.2,401.4,9.3,0
79,Female,12.0,40.4,88.3,28.1,32.2,4.2,5.1,279.3,98.4,157.5,398.5,6.8,1
17,Female,14.0,42.5,90.6,30.1,34.2,4.94,7.0,219.0,100.5,160.4,400.2,9.9,0
42,Female,12.0,40.2,88.2,28.2,32.5,4.2,4.8,236.3,98.3,157.4,398.1,6.6,1
16,Male,16.7,46.7,90.9,31.3,35.3,6.1,5.7,202.0,101.4,181.0,400.1,8.7,0
62,Male,15.5,46.7,91.5,31.0,35.1,5.58,4.5,238.5,101.3,180.3,400.7,9.4,0
14,Male,16.1,46.2,90.7,29.8,33.0,4.59,6.0,311.1,99.7,181.0,399.2,9.4,1
54,Male,13.5,44.4,88.2,28.2,32.2,4.7,10.0,225.6,98.5,178.4,398.0,6.6,1
18,Male,13.9,44.1,88.3,28.3,32.1,4.7,7.0,308.1,98.2,178.4,398.0,6.9,1
8,Female,12.9,41.0,91.0,29.3,33.7,4.2,8.5,221.7,100.7,158.7,399.6,9.0,1
82,Male,16.3,47.3,91.3,30.2,34.1,5.84,8.5,330.2,101.0,180.3,400.3,9.1,0
6,Male,12.8,46.9,91.3,30.1,34.4,6.1,7.2,272.9,100.4,180.1,400.0,8.9,0
7,Male,13.1,47.0,91.2,30.3,34.3,5.56,9.1,296.2,100.0,181.4,400.1,9.3,0
13,Female,14.4,43.5,91.2,31.1,32.7,4.44,6.2,239.9,98.8,159.6,400.9,8.8,1
18,Male,13.5,44.3,88.2,28.1,32.2,4.7,6.6,234.6,98.3,178.3,398.2,6.6,1
50,Male,13.8,44.3,88.2,28.1,32.4,4.7,7.7,255.3,98.2,178.4,398.3,6.8,1
15,Female,12.1,40.2,88.4,28.4,32.3,4.2,6.3,210.0,98.5,157.1,398.5,7.0,1
35,Female,13.9,42.5,91.0,30.4,35.3,5.4,6.6,299.3,100.1,159.9,400.5,9.2,0
6,Male,12.3,45.8,89.9,30.2,33.8,5.18,8.5,191.1,101.1,178.6,401.4,9.2,1
50,Female,14.4,42.1,90.2,30.4,35.4,5.4,7.4,244.9,101.1,160.4,401.4,9.6,0
13,Female,13.8,42.8,91.3,30.6,34.7,5.37,9.6,150.0,100.4,160.2,401.2,9.3,0
0,Male,13.5,47.1,91.4,31.1,34.9,6.1,7.3,297.1,100.9,180.2,400.7,9.6,0
16,Male,13.9,44.5,88.2,28.4,32.2,4.7,5.1,290.1,98.5,178.2,398.1,6.7,1
72,Male,15.8,46.6,91.3,30.1,34.3,6.1,7.5,205.3,100.3,180.9,400.6,8.7,0
26,Female,14.4,42.8,91.4,30.4,35.1,5.4,7.7,230.6,101.0,159.1,400.8,9.8,0
19,Female,15.1,41.8,89.5,29.6,33.6,3.83,7.9,195.6,98.5,159.7,399.0,9.4,1
7,Female,13.5,42.9,90.9,30.7,34.4,5.4,5.7,321.0,100.8,160.3,400.2,9.3,0
65,Female,14.2,41.0,90.8,30.3,34.7,5.88,6.2,309.2,100.0,159.3,399.2,7.6,1
14,Male,16.4,46.2,91.2,30.5,34.4,6.1,6.8,222.4,100.6,180.4,401.4,9.6,0
55,Female,12.0,40.1,88.4,28.2,32.3,4.2,7.3,197.2,98.1,157.3,398.5,6.7,1
11,Female,13.1,42.3,90.6,30.4,34.9,5.4,8.0,357.5,101.0,159.0,400.2,8.6,0
80,Male,13.8,44.1,88.1,28.5,32.0,4.7,5.6,256.7,98.0,178.3,398.1,6.6,1
70,Female,14.9,43.5,89.5,30.3,32.9,4.56,7.7,285.2,100.0,160.0,401.0,9.7,1
82,Male,13.6,44.4,88.5,28.5,32.5,4.7,7.8,288.5,98.1,178.2,398.2,6.9,1
16,Female,14.4,42.9,91.2,30.5,35.0,5.33,5.2,280.5,101.5,159.1,400.8,8.9,0
88,Female,14.0,43.3,91.1,31.3,34.1,5.4,6.4,181.6,100.0,160.3,400.4,9.3,0
43,Female,14.1,43.4,91.4,30.7,34.3,5.4,5.8,242.0,100.2,160.3,400.7,8.7,0
74,Female,14.5,43.1,90.6,30.6,34.1,5.09,7.2,256.7,100.5,159.6,400.7,9.0,0
17,Male,15.9,46.5,91.3,31.1,34.5,6.1,5.7,248.5,101.3,181.1,401.4,9.5,0
16,Female,12.0,40.2,88.1,28.4,32.2,4.2,7.9,290.3,98.2,157.2,398.3,7.0,1
26,Female,12.0,40.5,88.1,28.1,32.3,4.2,8.7,150.0,98.4,157.3,398.5,6.8,1
18,Female,14.5,41.1,89.0,28.6,33.9,5.37,7.8,296.1,99.6,158.7,401.2,7.8,1
41,Male,15.5,47.3,90.9,29.3,34.5,6.2,8.1,264.4,99.2,180.7,400.3,9.9,1
9,Female,11.0,40.2,88.1,28.0,32.0,4.2,4.5,280.9,98.1,157.3,398.0,6.6,1
17,Female,13.6,41.9,90.3,30.8,32.7,5.1,6.4,293.3,100.6,158.3,398.8,7.5,0
15,Male,16.9,46.3,90.2,30.0,34.8,6.1,5.4,305.4,101.3,181.2,400.0,9.7,0
13,Female,12.1,40.3,88.2,28.0,32.1,4.2,8.1,258.0,98.2,157.4,398.2,7.0,1
86,Female,12.0,40.4,88.4,28.4,32.5,4.2,6.3,282.2,98.5,157.5,398.2,6.7,1
85,Female,12.0,40.4,88.4,28.4,32.4,4.2,7.6,266.0,98.3,157.4,398.4,6.6,1
0,Male,13.2,46.4,90.2,31.0,35.1,5.87,5.2,332.1,101.1,180.3,401.3,8.9,0
63,Female,14.8,42.8,90.9,30.3,35.4,4.97,8.0,267.1,100.1,159.0,400.5,9.7,0
89,Female,12.0,40.5,88.1,28.1,32.2,4.2,7.7,232.6,98.3,157.1,398.3,6.6,1
42,Female,12.0,40.1,88.2,28.4,32.3,4.2,10.9,253.8,98.1,157.0,398.2,6.9,1
25,Male,16.2,47.4,90.8,31.0,35.3,5.62,6.5,237.6,100.2,180.8,400.5,9.1,0
11,Female,13.2,41.9,90.6,31.0,34.4,5.25,6.7,242.2,100.7,159.2,400.7,8.7,1
1,Female,11.0,40.5,88.3,28.5,32.2,4.2,6.3,280.8,98.0,157.1,398.3,6.7,1
10,Female,13.1,43.2,90.4,30.8,34.6,5.09,8.2,150.0,100.5,160.3,401.3,8.8,0
1,Female,13.3,42.3,91.4,30.8,34.4,5.4,6.5,366.3,100.9,160.1,400.2,9.8,0
36,Male,13.7,44.3,88.3,28.2,32.5,4.7,8.1,243.0,98.5,178.4,398.3,6.8,1
16,Female,12.0,40.5,88.5,28.4,32.2,4.2,9.9,346.9,98.4,157.1,398.3,6.8,1
37,Female,12.2,40.3,88.3,28.5,32.1,4.2,6.0,261.0,98.1,157.4,398.0,6.6,1
4,Female,11.0,40.3,88.2,28.3,32.0,4.2,8.6,234.3,98.3,157.2,398.0,6.9,1
18,Male,15.6,47.0,90.4,31.0,34.9,5.63,7.8,187.7,100.2,180.4,401.3,9.0,0
1,Male,13.4,47.4,91.4,31.2,35.3,5.7,5.5,199.2,100.6,180.6,400.8,8.7,0
34,Male,13.8,44.4,88.1,28.4,32.1,4.7,6.3,234.6,98.3,178.3,398.2,6.5,1
11,Male,12.9,46.0,90.9,30.4,34.7,6.1,8.7,233.3,100.3,181.0,401.5,8.7,0
71,Female,12.2,40.4,88.4,28.4,32.1,4.2,8.8,240.1,98.2,157.3,398.0,7.0,1
19,Female,14.8,42.5,90.5,30.7,35.3,4.95,9.2,303.8,100.8,160.4,400.9,9.5,0
89,Female,12.0,40.5,88.2,28.3,32.4,4.2,7.4,243.8,98.3,157.5,398.4,6.6,1
14,Male,15.6,47.1,90.7,30.2,35.1,5.45,6.8,241.7,101.4,181.0,401.2,9.1,0
29,Male,13.7,44.1,88.1,28.5,32.3,4.7,8.1,176.6,98.4,178.2,398.3,6.9,1
66,Female,12.2,40.4,88.2,28.5,32.2,4.2,7.5,278.1,98.0,157.3,398.0,6.5,1
72,Female,14.3,42.0,90.7,30.1,35.3,5.4,8.4,277.5,100.1,159.5,400.0,8.6,0
17,Male,16.9,46.6,90.6,30.5,34.7,5.78,8.8,224.7,101.3,180.5,400.7,9.8,0
22,Female,13.8,42.7,90.5,31.2,35.2,5.4,6.5,158.5,101.1,159.1,400.5,9.7,0
11,Female,11.9,40.5,89.1,31.3,34.2,5.38,7.4,192.8,99.7,158.6,400.5,7.6,1
50,Male,16.9,46.1,90.5,30.0,34.4,6.1,6.9,224.4,100.2,180.6,401.3,9.4,0
15,Male,13.7,44.1,88.1,28.1,32.3,4.7,6.3,274.1,98.3,178.4,398.3,7.0,1
88,Female,14.7,42.2,89.4,29.9,34.1,4.39,6.2,158.8,101.0,159.6,398.7,9.3,0
67,Male,16.7,46.4,90.2,30.6,35.4,6.1,9.0,323.7,100.2,180.6,401.1,10.0,0
35,Female,12.1,40.3,88.3,28.1,32.1,4.2,4.5,218.2,98.1,157.1,398.5,7.0,1
14,Male,14.7,47.3,89.1,30.6,33.2,4.09,6.7,264.3,100.2,179.2,400.6,9.3,1
7,Female,13.1,42.2,90.8,31.4,34.8,5.4,7.0,283.5,100.5,160.0,401.4,8.8,0
12,Male,16.8,46.6,91.2,30.7,34.7,5.71,5.1,268.2,100.5,181.3,400.3,8.6,0
17,Female,12.0,40.1,88.5,28.1,32.1,4.2,5.0,253.7,98.2,157.1,398.4,6.7,1
20,Male,13.7,44.3,88.3,28.3,32.5,4.7,5.5,296.0,98.3,178.5,398.5,6.9,1
14,Male,13.8,44.2,88.4,28.0,32.3,4.7,7.1,308.7,98.4,178.2,398.5,6.8,1
7,Male,11.0,44.3,88.0,28.2,32.2,4.7,8.0,222.1,98.4,178.4,398.2,6.6,1
16,Female,12.2,40.1,88.4,28.4,32.1,4.2,6.4,352.5,98.4,157.0,398.2,6.9,1
17,Female,12.2,40.0,88.5,28.4,32.3,4.2,9.4,191.7,98.1,157.0,398.5,6.9,1
73,Male,16.1,46.6,91.1,30.4,34.2,5.79,6.2,243.1,100.7,181.1,400.8,8.6,0
0,Female,11.0,40.0,88.1,28.2,32.4,4.2,5.5,234.3,98.1,157.5,398.3,6.8,1
16,Female,12.0,40.2,88.4,28.5,32.5,4.2,6.5,242.6,98.5,157.2,398.1,6.6,1
34,Male,13.5,44.2,88.3,28.1,32.2,4.7,6.6,239.8,98.1,178.4,398.4,6.9,1
1,Male,13.4,46.1,90.9,30.7,35.0,5.5,9.3,350.3,100.8,180.9,401.0,9.7,0
73,Male,13.6,44.3,88.5,28.5,32.1,4.7,9.2,229.0,98.4,178.3,398.3,6.6,1
38,Male,16.7,46.6,90.8,30.5,34.3,5.77,7.4,175.5,101.4,181.4,400.1,8.6,0
14,Male,13.9,44.2,88.2,28.2,32.3,4.7,6.9,185.8,98.1,178.2,398.2,6.6,1
0,Male,13.5,45.2,91.4,30.0,34.4,4.69,8.9,166.2,101.1,179.5,398.9,9.7,1
17,Female,12.2,40.1,88.4,28.4,32.2,4.2,6.9,186.7,98.2,157.1,398.1,6.7,1
50,Male,16.6,47.2,91.1,30.2,34.9,5.52,5.6,325.8,100.2,181.3,400.9,9.0,0
69,Female,15.0,43.0,90.7,30.3,34.4,5.4,8.7,172.0,100.7,159.0,401.4,8.6,0
1,Male,12.3,47.3,91.5,31.2,35.3,5.76,4.6,273.1,100.7,180.9,400.1,9.4,0
83,Female,14.7,43.2,91.1,31.2,35.1,5.4,6.0,150.0,100.7,159.4,400.2,8.9,0
6,Female,11.0,40.1,88.5,28.3,32.4,4.2,7.2,197.6,98.3,157.1,398.3,6.8,1
83,Female,12.0,40.0,88.3,28.4,32.4,4.2,7.2,259.1,98.2,157.1,398.4,6.7,1
17,Female,12.0,40.4,88.1,28.4,32.1,4.2,5.9,247.4,98.3,157.3,398.1,7.0,1
85,Male,13.5,44.5,88.1,28.1,32.1,4.7,7.2,231.6,98.3,178.1,398.1,6.6,1
17,Male,16.3,46.8,90.7,31.2,34.8,6.1,8.5,259.0,100.0,180.6,401.4,9.0,0
28,Female,12.0,40.4,88.4,28.1,32.2,4.2,9.3,269.9,98.2,157.5,398.1,6.9,1
2,Female,13.5,42.8,90.4,30.2,34.2,5.4,6.8,246.8,100.7,160.1,401.3,9.4,0
45,Female,14.3,43.2,91.3,31.1,34.6,5.4,7.7,202.7,100.6,160.0,401.1,9.3,0
73,Female,14.2,43.4,90.6,31.2,35.0,5.27,7.4,234.1,101.1,159.3,400.4,9.6,0
76,Female,13.7,41.1,88.8,30.0,33.1,4.01,8.9,228.5,100.9,159.8,400.9,7.1,1
28,Male,15.7,46.9,90.6,30.5,35.2,5.41,7.5,318.1,101.5,180.9,400.1,8.6,0
18,Male,15.0,45.7,89.3,31.3,34.4,6.17,6.5,182.5,100.4,180.7,400.5,9.1,0
78,Female,12.0,40.3,88.1,28.1,32.1,4.2,7.4,183.9,98.0,157.3,398.4,6.8,1
47,Male,16.1,46.7,90.1,30.5,35.1,5.95,5.7,320.8,100.6,180.8,401.4,8.7,0
5,Male,13.1,46.8,90.4,31.1,34.3,5.68,4.5,233.5,100.4,181.0,401.0,9.7,0
63,Male,13.8,44.2,88.0,28.1,32.0,4.7,6.5,267.0,98.2,178.2,398.1,6.7,1
1,Male,13.0,47.4,90.5,30.7,34.0,5.52,5.4,345.6,100.8,180.3,400.4,9.5,0
87,Female,14.5,42.1,90.1,30.1,34.7,5.4,4.7,247.1,100.0,159.2,400.9,9.5,0
15,Male,16.8,46.2,90.5,30.5,34.1,6.1,6.5,301.1,101.1,180.9,400.6,8.7,0
38,Female,12.0,40.3,88.4,28.4,32.1,4.2,7.5,274.1,98.4,157.2,398.5,6.9,1
4,Female,11.0,40.3,88.3,28.2,32.1,4.2,8.1,248.1,98.1,157.1,398.3,6.9,1
16,Female,14.8,42.5,90.2,31.4,34.7,5.39,5.6,259.1,100.5,160.0,400.2,8.7,0
0,Male,11.0,44.0,88.4,28.3,32.0,4.7,8.4,306.2,98.1,178.5,398.4,7.0,1
36,Male,13.8,44.3,88.4,28.2,32.2,4.7,7.7,335.7,98.1,178.1,398.4,6.5,1
63,Female,14.7,42.1,90.8,30.8,35.1,5.28,7.5,299.4,100.1,160.1,401.4,9.5,0
63,Female,12.2,40.4,88.2,28.0,32.2,4.2,6.1,268.6,98.1,157.3,398.1,6.6,1
44,Female,14.6,42.6,90.9,31.0,34.4,5.4,5.4,309.7,101.0,160.3,401.3,8.5,0
80,Female,12.1,40.5,88.5,28.5,32.2,4.2,8.3,311.7,98.5,157.2,398.5,6.5,1
19,Female,12.0,40.3,88.0,28.2,32.4,4.2,4.5,271.3,98.4,157.3,398.3,6.7,1
10,Female,11.0,40.3,88.1,28.2,32.1,4.2,8.9,285.8,98.2,157.5,398.1,6.6,1
41,Female,14.7,43.5,90.0,31.4,34.6,5.4,7.4,306.4,100.1,159.2,401.2,8.8,0
12,Male,16.2,47.2,89.1,30.0,34.4,5.45,8.4,268.8,98.8,179.6,400.0,8.6,0
11,Male,11.0,44.4,88.0,28.2,32.0,4.7,11.0,204.9,98.2,178.4,398.2,6.8,1
63,Female,14.3,42.9,90.3,30.9,34.3,5.05,8.9,224.9,100.3,159.2,400.0,9.1,0
34,Male,13.6,44.2,88.1,28.5,32.1,4.7,5.4,273.3,98.3,178.4,398.3,6.6,1
45,Female,12.2,40.4,88.4,28.4,32.4,4.2,7.2,210.8,98.4,157.0,398.4,6.6,1
40,Female,14.2,42.4,90.8,30.4,34.8,5.23,9.0,276.5,100.0,159.4,401.5,8.9,0
57,Male,13.9,44.4,88.3,28.4,32.1,4.7,8.5,223.8,98.3,178.2,398.5,6.7,1
7,Male,11.8,46.0,90.4,29.3,35.3,4.99,8.2,309.5,100.4,179.7,401.1,9.4,0
25,Male,15.9,46.9,91.4,30.5,34.3,6.1,7.3,255.4,100.2,180.2,400.8,9.4,0
10,Male,11.0,44.4,88.5,28.1,32.3,4.7,9.0,267.6,98.5,178.4,398.2,6.6,1
35,Female,12.0,40.2,88.2,28.1,32.4,4.2,4.5,229.3,98.2,157.3,398.5,6.9,1
4,Female,11.0,40.3,88.4,28.4,32.4,4.2,7.1,286.6,98.3,157.4,398.2,6.8,1
22,Female,12.1,40.1,88.4,28.3,32.1,4.2,8.8,238.7,98.2,157.1,398.2,6.6,1
49,Female,12.0,40.4,88.2,28.3,32.4,4.2,7.1,257.0,98.0,157.3,398.4,6.9,1
79,Male,13.7,44.3,88.1,28.0,32.1,4.7,10.0,275.4,98.1,178.1,398.0,7.0,1
63,Female,12.0,40.2,88.5,28.0,32.4,4.2,9.9,226.1,98.3,157.3,398.0,7.0,1
40,Female,12.1,40.0,88.4,28.3,32.5,4.2,7.1,259.1,98.1,157.3,398.0,6.7,1
14,Female,15.2,43.0,90.4,30.2,35.3,5.4,8.2,346.5,100.2,159.1,400.6,9.0,0
62,Male,13.8,44.2,88.4,28.3,32.3,4.7,9.3,248.7,98.4,178.4,398.2,6.6,1
18,Male,15.6,47.1,91.1,31.0,35.0,5.77,4.5,245.5,100.2,180.1,400.5,9.7,0
6,Male,13.5,47.2,90.3,30.6,34.6,6.1,7.8,223.3,100.5,181.1,400.6,9.4,0
16,Male,13.6,44.0,88.1,28.4,32.3,4.7,8.5,174.7,98.4,178.2,398.4,6.8,1
40,Female,14.5,42.7,91.3,30.9,35.2,5.4,4.5,276.3,100.7,160.3,400.9,9.8,0
0,Female,12.6,42.9,91.3,30.7,33.2,4.73,8.2,279.1,99.2,159.2,401.3,9.0,0
21,Male,13.8,44.1,88.3,28.4,32.1,4.7,9.3,226.3,98.3,178.1,398.5,7.0,1
15,Female,14.2,42.9,91.1,31.1,34.0,5.4,4.5,272.5,101.3,160.0,400.3,8.6,0
0,Male,11.0,44.2,88.0,28.4,32.4,4.7,8.0,202.3,98.2,178.4,398.1,6.6,1
54,Female,12.0,40.0,88.1,28.4,32.4,4.2,7.2,180.0,98.3,157.2,398.3,6.9,1
6,Female,12.4,42.9,90.5,31.2,35.2,5.4,5.8,244.4,100.3,159.9,400.9,8.6,0
50,Male,13.8,44.3,88.3,28.4,32.4,4.7,5.3,204.3,98.1,178.4,398.3,6.7,1
30,Female,12.0,40.1,88.2,28.3,32.4,4.2,5.1,253.9,98.3,157.5,398.4,6.7,1
67,Female,14.2,43.2,90.7,31.3,34.0,5.33,9.4,227.3,100.3,159.4,401.1,8.6,0
1,Male,13.0,46.7,90.5,30.9,35.1,6.02,9.2,296.9,101.1,180.1,401.3,9.2,0
14,Male,16.3,46.0,90.7,31.2,35.0,6.1,9.2,264.2,100.8,180.5,400.2,9.8,0
18,Male,13.7,44.1,88.2,28.4,32.5,4.7,6.3,211.1,98.1,178.3,398.2,6.6,1
40,Male,16.9,46.5,91.4,30.4,34.5,6.1,7.0,330.5,101.3,180.1,401.4,8.8,0
13,Male,13.7,44.4,88.4,28.2,32.2,4.7,5.4,264.7,98.4,178.4,398.3,6.9,1
9,Male,12.5,47.5,90.4,30.1,35.0,6.1,4.5,160.7,101.2,180.3,401.2,9.5,0
11,Female,13.5,42.1,90.7,30.8,35.2,5.2,6.7,226.8,101.5,160.3,400.6,9.8,0
47,Male,16.0,46.5,90.2,30.8,35.1,6.1,6.8,256.5,100.7,180.9,401.0,9.5,0
15,Female,14.0,42.3,90.9,30.0,35.3,5.33,4.7,223.3,101.3,160.0,400.7,9.4,0
11,Male,11.0,44.0,88.0,28.1,32.5,4.7,7.3,233.7,98.4,178.4,398.1,6.9,1
16,Female,14.3,42.4,89.2,30.3,33.7,4.66,8.6,314.9,99.1,157.5,401.1,9.1,0
11,Male,11.0,44.4,88.4,28.4,32.4,4.7,7.7,270.2,98.2,178.4,398.5,6.6,1
31,Male,13.7,44.5,88.0,28.1,32.2,4.7,10.7,285.0,98.1,178.3,398.0,6.8,1
73,Female,13.1,42.3,91.2,31.2,35.3,3.58,6.5,210.6,99.7,158.5,399.7,9.6,1
37,Female,12.0,40.3,88.3,28.1,32.0,4.2,7.2,336.1,98.3,157.4,398.3,7.0,1
24,Female,12.1,40.2,88.3,28.4,32.0,4.2,10.8,296.9,98.1,157.2,398.5,6.5,1
18,Male,16.0,46.9,90.1,31.4,34.5,6.1,8.1,288.8,100.9,180.9,401.0,9.4,0
66,Male,15.1,46.7,89.7,28.5,33.4,6.62,6.4,244.1,100.7,179.3,398.7,9.4,1
13,Male,15.8,47.0,91.1,31.0,34.5,5.78,8.8,242.7,100.7,180.6,400.2,9.1,0
52,Male,16.1,47.4,91.5,30.8,34.4,6.1,6.3,216.6,101.2,180.7,400.3,9.5,0
11,Female,11.4,41.5,91.3,30.0,32.9,3.86,7.6,237.5,99.6,160.3,398.7,9.6,1
6,Male,11.0,44.2,88.1,28.5,32.4,4.7,7.9,209.7,98.1,178.3,398.5,6.8,1
38,Male,16.1,46.6,90.1,30.3,34.2,6.1,8.0,252.1,100.1,180.9,400.8,9.3,0
11,Female,12.6,43.0,90.6,30.0,34.6,5.4,6.5,231.7,100.7,159.5,400.7,9.2,0
6,Female,13.4,42.2,90.3,31.1,35.2,5.4,8.1,229.6,101.1,160.3,401.1,9.4,0
3,Male,11.0,44.4,88.0,28.1,32.4,4.7,7.6,237.5,98.4,178.5,398.0,6.7,1
72,Male,16.2,46.8,89.0,29.6,33.4,5.75,5.1,237.8,99.0,179.8,399.2,7.2,1
2,Female,13.5,43.1,91.1,30.1,34.1,5.4,7.3,312.8,100.5,160.0,401.1,9.5,0
71,Male,16.0,46.1,90.2,30.2,34.6,6.1,6.4,182.5,100.5,181.2,400.1,8.8,0
69,Male,16.4,47.3,90.9,31.5,34.2,6.06,6.9,262.1,101.1,180.0,401.0,9.9,0
19,Female,12.0,40.2,88.3,28.1,32.4,4.2,9.4,210.3,98.3,157.3,398.2,6.5,1
24,Female,12.1,40.4,88.4,28.5,32.1,4.2,7.4,171.9,98.1,157.1,398.0,6.7,1
20,Female,14.4,42.0,90.5,30.8,34.1,5.4,7.3,275.3,101.2,159.9,401.3,8.7,0
69,Female,12.2,40.3,88.3,28.1,32.3,4.2,8.5,236.2,98.2,157.4,398.0,6.6,1
80,Male,13.9,44.3,88.2,28.2,32.5,4.7,5.6,326.4,98.4,178.3,398.3,6.6,1
15,Male,16.7,46.3,91.2,31.0,35.0,6.1,5.3,372.4,101.0,180.4,400.3,9.4,0
19,Male,13.9,44.4,88.3,28.1,32.2,4.7,7.0,260.4,98.2,178.1,398.1,6.9,1
41,Male,16.5,46.1,90.3,30.9,35.0,6.1,9.3,216.0,101.0,181.4,400.3,9.3,0
71,Male,16.2,47.2,90.5,30.9,34.3,5.98,6.4,273.6,101.2,180.4,400.1,8.7,0
4,Male,12.8,46.2,90.2,31.1,34.9,5.55,7.4,224.7,100.1,181.2,401.1,8.6,0
56,Male,15.7,47.0,91.5,30.2,34.7,5.67,6.2,266.8,100.4,180.3,400.8,9.8,0
8,Male,13.7,45.9,89.0,30.0,34.5,6.12,7.9,214.2,101.4,179.0,399.9,9.6,1
86,Female,12.0,40.3,88.4,28.1,32.2,4.2,6.5,219.2,98.4,157.1,398.5,6.8,1
27,Female,14.5,42.5,91.4,30.5,35.4,5.4,10.0,266.2,101.1,160.0,400.2,9.5,0
90,Male,15.9,46.5,91.3,30.8,34.4,5.98,7.4,247.2,100.5,181.3,400.4,8.6,0
84,Male,15.7,46.9,90.9,30.4,35.1,6.1,7.2,288.4,101.2,181.1,400.4,9.0,0
39,Female,12.1,40.4,88.1,28.4,32.3,4.2,6.5,234.0,98.2,157.4,398.2,6.8,1
32,Female,14.3,42.6,89.1,28.9,34.8,4.02,4.5,236.7,98.8,158.3,398.7,8.6,0
72,Male,16.0,46.3,90.8,31.0,34.7,6.1,6.6,246.3,101.5,181.2,400.1,9.2,0
84,Female,12.0,40.2,88.3,28.2,32.3,4.2,6.0,188.9,98.2,157.2,398.0,7.0,1
33,Female,14.4,42.1,88.6,31.4,35.4,5.97,5.8,229.9,99.4,159.7,399.9,9.8,0
76,Female,12.1,40.2,88.3,28.1,32.2,4.2,7.8,324.7,98.2,157.4,398.4,6.6,1
9,Male,13.4,47.4,90.9,31.1,35.2,6.1,6.2,243.5,100.6,181.0,400.7,9.6,0
65,Female,12.0,40.2,88.4,28.0,32.4,4.2,6.8,239.0,98.0,157.2,398.0,6.8,1
33,Male,16.5,47.5,90.5,30.3,34.6,6.1,7.2,296.7,100.4,181.1,400.8,8.7,0
21,Female,14.1,42.7,91.2,31.2,35.3,5.04,8.2,258.3,100.1,160.2,400.4,9.5,0
36,Male,13.5,44.3,88.1,28.1,32.4,4.7,6.3,193.4,98.0,178.1,398.1,6.6,1
15,Male,13.7,44.4,88.4,28.3,32.5,4.7,5.5,280.7,98.3,178.1,398.2,6.8,1
5,Female,13.0,42.0,90.3,31.4,34.0,5.39,7.8,272.2,100.7,159.3,400.9,8.9,0
18,Female,15.2,42.1,90.2,30.2,34.1,5.25,7.4,173.9,100.5,159.6,401.4,8.7,0
70,Female,14.9,43.2,90.3,30.1,35.2,5.4,8.6,341.2,101.3,159.0,401.3,9.8,0
5,Female,13.4,40.5,90.0,31.4,32.5,5.37,7.7,226.7,101.2,157.9,398.8,9.5,0
65,Male,13.7,44.3,88.3,28.1,32.1,4.7,5.8,252.3,98.5,178.2,398.1,7.0,1
1,Female,12.3,42.3,90.9,30.8,34.5,4.93,6.0,221.8,101.1,160.2,401.2,10.0,0
18,Male,13.7,44.3,88.1,28.3,32.4,4.7,4.9,209.2,98.2,178.3,398.1,6.6,1
64,Male,16.0,47.5,90.4,30.3,34.8,6.1,8.4,291.2,100.1,180.6,401.2,9.9,0
1,Male,13.4,46.5,90.7,30.6,35.5,5.84,5.6,182.4,100.8,180.4,401.4,8.9,0
27,Male,17.0,46.8,90.3,30.1,33.9,6.47,4.5,212.7,99.2,180.4,398.6,7.8,1
6,Male,13.0,46.7,90.0,30.5,34.6,6.0,8.5,372.0,100.9,181.1,401.2,9.6,0
14,Male,16.5,47.3,89.1,30.0,35.4,6.36,9.0,320.8,101.0,179.4,400.0,9.6,1
20,Male,13.9,44.3,88.4,28.4,32.5,4.7,9.3,315.8,98.1,178.1,398.2,6.8,1
61,Female,13.8,43.5,91.2,30.4,34.6,5.39,6.4,296.3,100.1,159.3,400.3,9.9,0
4,Female,12.4,42.2,90.9,30.2,34.3,5.15,6.1,246.4,100.7,160.4,400.0,9.4,0
49,Male,15.8,46.8,90.3,30.2,34.8,5.52,6.4,254.0,100.2,180.8,400.9,8.5,0
5,Male,13.1,47.1,90.4,30.8,34.2,5.98,10.3,241.2,101.4,180.9,401.1,9.3,0
1,Female,11.0,40.1,88.4,28.5,32.0,4.2,9.5,229.4,98.2,157.3,398.0,6.9,1
84,Female,12.0,40.3,88.2,28.4,32.5,4.2,6.9,240.5,98.4,157.4,398.3,6.7,1
15,Male,16.4,46.7,91.1,30.7,34.5,5.84,6.0,207.7,100.1,180.5,400.1,8.8,0
25,Male,13.9,44.3,88.3,28.5,32.0,4.7,7.0,285.9,98.5,178.4,398.0,6.9,1
85,Female,14.1,42.7,90.1,30.3,34.3,5.4,6.3,303.9,100.6,159.5,400.5,9.1,0
36,Female,12.1,40.4,88.2,28.2,32.2,4.2,4.5,225.6,98.4,157.2,398.2,6.5,1
27,Male,14.3,45.4,89.7,31.4,34.9,5.84,7.4,246.4,100.6,180.1,400.0,7.2,1
17,Female,12.9,43.3,89.7,31.1,35.2,4.56,9.0,150.0,100.4,157.7,398.7,7.8,0
62,Male,15.4,46.9,89.9,29.0,32.7,5.09,8.5,304.6,100.1,179.8,400.5,9.9,0
16,Female,12.0,40.4,88.3,28.1,32.0,4.2,7.6,161.6,98.1,157.3,398.0,6.9,1
2,Male,11.0,44.2,88.1,28.2,32.0,4.7,6.0,197.0,98.1,178.0,398.1,7.0,1
76,Female,12.2,40.4,88.3,28.5,32.1,4.2,6.9,228.0,98.4,157.1,398.4,6.9,1
3,Male,11.0,44.3,88.2,28.2,32.1,4.7,9.2,176.5,98.2,178.2,398.1,6.6,1
33,Female,12.0,40.3,88.3,28.1,32.5,4.2,8.2,229.1,98.2,157.5,398.5,6.7,1
51,Female,12.2,40.3,88.1,28.3,32.0,4.2,7.2,246.1,98.5,157.2,398.1,6.7,1
62,Female,12.1,40.1,88.3,28.5,32.1,4.2,5.3,273.2,98.4,157.0,398.3,6.6,1
14,Male,13.9,44.4,88.2,28.2,32.0,4.7,6.7,199.1,98.5,178.5,398.2,6.6,1
15,Male,15.9,46.9,90.2,31.0,34.4,5.4,6.5,275.2,101.2,180.9,401.5,9.1,0
65,Male,15.9,46.3,90.4,30.0,33.1,5.72,6.2,169.8,100.2,181.0,398.7,7.7,0
20,Female,13.8,42.7,91.1,30.0,34.6,5.03,7.6,256.2,100.9,160.0,400.6,9.3,0
2,Male,12.4,46.8,90.8,30.1,34.6,6.1,6.6,229.7,101.3,180.2,401.1,8.7,0
7,Female,11.0,40.0,88.3,28.5,32.3,4.2,9.4,154.9,98.3,157.1,398.5,6.7,1
4,Female,12.5,42.3,91.5,29.4,33.4,4.39,7.2,295.3,101.3,159.8,399.3,8.7,0
6,Male,12.9,46.1,91.2,31.2,34.9,5.93,7.4,319.2,101.2,180.9,401.2,9.4,0
15,Female,12.0,40.4,88.1,28.0,32.4,4.2,6.4,260.0,98.3,157.4,398.0,6.7,1
89,Male,13.6,44.2,88.2,28.5,32.4,4.7,6.1,227.3,98.0,178.2,398.2,6.6,1
80,Male,13.7,44.0,88.4,28.1,32.1,4.7,8.0,222.8,98.4,178.5,398.3,6.6,1
3,Male,12.3,46.6,90.8,30.7,35.1,6.1,7.2,180.9,101.4,181.3,401.3,9.0,0
40,Female,15.0,42.8,90.1,31.4,34.4,5.4,6.5,313.3,100.1,160.4,401.0,8.9,0
43,Female,12.0,40.4,88.1,28.5,32.3,4.2,4.8,237.8,98.1,157.3,398.4,6.6,1
6,Female,11.0,40.1,88.0,28.3,32.3,4.2,9.1,150.0,98.1,157.0,398.4,7.0,1
10,Male,12.6,47.5,90.6,31.1,35.0,5.72,5.8,202.5,100.6,180.4,400.0,9.8,0
87,Male,13.8,44.2,88.1,28.5,32.1,4.7,6.0,311.5,98.3,178.4,398.3,6.7,1
5,Male,11.0,44.0,88.1,28.5,32.5,4.7,8.3,257.2,98.4,178.5,398.2,7.0,1
7,Male,10.8,45.3,89.3,29.9,33.2,6.38,7.2,253.5,100.0,179.0,401.1,9.0,0
26,Female,14.4,43.1,91.3,30.9,34.3,5.4,5.6,258.9,100.7,160.0,400.7,9.8,0
56,Female,12.1,40.1,88.1,28.4,32.1,4.2,8.3,359.5,98.2,157.5,398.3,6.5,1
77,Female,12.0,40.3,88.4,28.3,32.4,4.2,7.8,258.4,98.2,157.1,398.2,6.9,1
6,Female,11.0,40.1,88.0,28.4,32.3,4.2,6.9,311.8,98.2,157.3,398.3,6.6,1
6,Male,12.8,47.2,91.3,30.8,34.7,5.45,7.0,284.2,100.5,181.4,400.0,9.4,0
13,Female,15.1,42.9,90.7,30.5,34.2,5.4,5.6,312.5,100.1,159.5,400.3,9.7,0
18,Female,12.0,40.2,88.4,28.2,32.4,4.2,8.0,216.1,98.4,157.0,398.4,6.8,1
19,Male,13.6,44.1,88.3,28.1,32.1,4.7,5.8,213.6,98.3,178.5,398.2,6.8,1
4,Male,11.0,44.4,88.3,28.3,32.1,4.7,7.3,285.2,98.0,178.2,398.3,6.6,1
12,Male,16.9,46.0,89.8,31.3,34.7,6.43,7.3,215.2,100.5,178.9,399.4,9.7,1
52,Female,15.0,43.0,91.1,30.7,34.8,5.4,6.3,263.4,100.3,160.4,400.5,8.9,0
16,Male,14.0,46.8,90.8,30.0,34.9,6.25,6.8,150.0,99.9,178.6,398.5,9.5,0
47,Female,15.2,43.0,90.2,31.3,34.7,5.03,7.8,312.1,101.3,160.2,400.5,8.9,0
77,Male,13.8,44.1,88.5,28.3,32.1,4.7,9.8,195.8,98.4,178.2,398.3,6.5,1
11,Female,11.0,40.3,88.0,28.3,32.0,4.2,7.1,304.5,98.4,157.2,398.1,6.7,1
10,Male,13.5,46.4,90.7,30.5,34.7,6.1,8.1,267.6,100.3,181.3,400.1,9.8,0
4,Male,11.0,44.5,88.1,28.2,32.5,4.7,9.3,308.4,98.1,178.4,398.2,6.8,1
11,Male,11.0,44.4,88.1,28.3,32.3,4.7,9.3,306.3,98.4,178.2,398.3,6.8,1
13,Male,13.8,44.2,88.1,28.1,32.2,4.7,7.7,264.4,98.4,178.2,398.3,6.6,1
83,Male,13.9,44.5,88.3,28.0,32.4,4.7,6.2,329.4,98.0,178.2,398.4,6.5,1
35,Male,13.8,44.2,88.3,28.4,32.4,4.7,8.3,244.7,98.3,178.4,398.1,6.8,1
0,Female,13.5,42.5,90.9,31.3,35.0,5.4,6.8,390.4,101.2,159.1,401.3,9.4,0
7,Male,11.0,44.2,88.1,28.3,32.1,4.7,6.1,248.3,98.1,178.1,398.5,6.9,1
40,Male,13.7,44.1,88.2,28.2,32.0,4.7,8.9,284.5,98.0,178.4,398.1,6.8,1
2,Female,11.0,40.0,88.1,28.4,32.2,4.2,4.5,237.8,98.3,157.3,398.5,6.7,1
56,Female,13.9,42.0,90.0,31.2,34.3,6.17,6.8,335.7,98.9,159.3,400.6,9.9,1
53,Male,13.9,44.1,88.0,28.1,32.4,4.7,7.3,310.9,98.1,178.4,398.3,6.7,1
61,Male,16.7,47.2,89.8,28.6,35.1,5.6,7.6,192.6,100.2,179.6,398.7,7.1,0
2,Female,11.0,40.3,88.0,28.2,32.5,4.2,7.4,201.2,98.1,157.0,398.4,6.7,1
16,Male,13.6,44.3,88.0,28.2,32.3,4.7,7.2,318.1,98.4,178.3,398.3,6.9,1
40,Male,16.7,46.2,90.8,31.1,35.3,6.1,7.9,308.2,100.7,180.2,401.1,10.0,0
17,Female,12.0,40.1,88.2,28.1,32.5,4.2,5.5,191.0,98.2,157.0,398.4,6.6,1
44,Female,12.1,40.4,88.1,28.5,32.1,4.2,7.2,166.7,98.2,157.5,398.3,6.8,1
11,Female,13.3,43.0,90.6,30.4,34.9,5.4,7.4,232.0,100.8,159.8,401.4,9.4,0
0,Female,13.5,43.2,90.3,30.7,34.7,5.32,4.6,156.6,100.7,160.3,400.3,8.7,0
26,Male,15.8,46.3,90.0,30.5,34.1,5.88,8.2,263.4,101.3,180.4,400.2,8.8,0
8,Female,11.0,40.2,88.1,28.0,32.4,4.2,8.5,294.7,98.4,157.5,398.2,6.7,1
4,Male,12.1,45.9,89.2,31.5,34.5,6.22,9.3,232.9,100.6,181.0,398.6,7.1,0
44,Male,16.1,45.8,88.8,30.4,35.4,4.9,8.7,281.5,101.1,180.8,399.7,7.0,1
85,Female,13.3,42.1,91.0,30.6,33.1,4.57,8.3,314.4,99.8,157.9,399.4,7.6,1
18,Female,12.2,40.3,88.3,28.3,32.5,4.2,7.5,190.6,98.4,157.3,398.1,6.8,1
53,Male,13.6,44.2,88.4,28.3,32.2,4.7,9.4,306.1,98.3,178.4,398.1,6.6,1
58,Male,15.7,47.1,89.6,29.3,33.7,5.8,8.0,218.4,101.1,181.2,400.3,9.8,1
31,Female,12.2,40.2,88.1,28.1,32.3,4.2,6.4,223.3,98.2,157.1,398.5,6.7,1
17,Female,12.0,40.0,88.0,28.5,32.1,4.2,4.5,266.3,98.3,157.2,398.2,6.7,1
11,Male,11.3,44.9,89.0,30.5,32.5,6.3,6.1,329.6,101.0,180.6,401.4,9.0,1
8,Male,12.5,46.6,91.2,31.5,35.3,5.24,5.6,327.8,100.4,180.1,398.6,9.6,0
21,Female,14.2,42.1,90.4,30.3,35.4,5.4,8.4,225.3,100.3,159.3,401.2,9.0,0
70,Female,12.0,40.4,88.2,28.0,32.3,4.2,5.6,224.6,98.2,157.0,398.5,6.6,1
64,Male,16.7,46.5,91.4,30.8,34.7,6.1,7.3,234.9,100.4,180.4,400.9,9.9,0
39,Female,14.0,42.6,89.9,30.0,34.8,3.93,4.6,347.3,100.4,159.0,400.9,7.6,1
7,Female,13.5,42.3,90.6,30.9,34.9,4.92,7.5,305.2,101.3,160.3,400.8,9.9,0
39,Female,14.8,41.7,89.4,31.4,34.0,4.35,8.9,261.9,100.0,159.1,400.1,8.5,1
29,Female,12.0,40.0,88.4,28.2,32.3,4.2,7.7,258.4,98.3,157.1,398.2,6.6,1
5,Male,13.3,46.0,90.9,30.8,35.5,6.1,7.1,214.3,101.3,181.5,400.6,9.0,0
15,Male,13.5,44.3,88.1,28.2,32.2,4.7,7.7,212.4,98.5,178.4,398.5,7.0,1
77,Male,13.6,44.3,88.5,28.0,32.0,4.7,7.5,334.2,98.3,178.5,398.0,6.6,1
68,Female,14.4,43.2,91.2,30.5,34.9,5.03,8.6,271.5,100.3,159.5,400.7,9.8,0
8,Male,12.9,47.5,90.7,31.3,34.9,5.96,5.6,217.3,101.1,180.6,400.8,9.2,0
25,Female,12.0,40.4,88.5,28.4,32.4,4.2,5.2,274.7,98.3,157.0,398.0,6.9,1
9,Female,11.0,40.4,88.4,28.4,32.0,4.2,7.7,319.5,98.4,157.5,398.1,7.0,1
19,Female,12.1,40.4,88.1,28.3,32.2,4.2,9.2,250.7,98.0,157.0,398.1,6.7,1
27,Female,14.0,42.3,90.1,30.2,34.4,5.32,6.0,282.9,101.0,159.1,401.0,9.7,0
18,Female,12.0,40.5,88.3,28.0,32.5,4.2,6.8,300.4,98.4,157.1,398.4,6.8,1
6,Male,12.5,47.3,90.8,30.3,34.8,6.1,7.3,284.6,100.9,180.6,401.1,9.3,0
27,Male,16.6,47.3,90.0,30.4,34.1,6.06,6.9,299.3,101.3,180.5,400.5,9.8,0
2,Female,11.0,40.4,88.3,28.4,32.3,4.2,6.2,194.5,98.5,157.2,398.4,6.5,1
8,Female,11.0,40.3,88.0,28.3,32.3,4.2,11.0,340.7,98.2,157.2,398.3,6.8,1
66,Male,17.0,46.6,90.3,30.9,34.4,6.1,4.5,196.6,101.2,180.3,401.4,9.7,0
18,Female,13.9,42.3,90.1,30.8,34.2,5.4,8.8,190.3,101.3,159.1,401.5,9.5,0
59,Female,12.2,40.0,88.4,28.5,32.4,4.2,8.0,253.9,98.1,157.1,398.1,6.8,1
43,Male,13.7,44.1,88.3,28.3,32.1,4.7,8.4,150.0,98.4,178.0,398.1,6.7,1
15,Male,13.6,44.3,88.1,28.4,32.3,4.7,9.1,249.5,98.2,178.4,398.1,6.6,1
17,Male,15.5,46.9,90.6,30.4,35.3,6.1,7.0,307.8,100.2,181.0,400.3,9.2,0
18,Male,14.8,44.7,89.4,30.4,35.1,4.71,6.8,210.8,101.3,179.8,399.5,9.1,1
34,Male,16.0,47.4,90.9,31.2,34.1,5.56,7.7,308.3,100.3,180.6,400.8,9.8,0
47,Male,14.4,46.7,89.0,30.8,34.1,5.17,7.9,220.0,100.3,180.0,399.2,9.4,0
0,Female,12.7,42.1,91.4,31.3,34.1,5.4,4.6,247.4,100.4,160.1,401.2,9.3,0
29,Female,12.0,40.1,88.4,28.2,32.1,4.2,5.5,309.4,98.2,157.1,398.1,6.6,1
0,Female,13.2,42.8,90.4,31.3,35.0,5.4,8.3,181.5,101.1,159.6,401.2,8.5,0
14,Female,13.9,43.2,90.9,30.8,34.3,5.4,6.9,320.1,100.6,159.4,401.1,9.5,0
7,Female,13.5,42.5,90.5,30.8,34.5,5.4,6.7,150.0,100.8,160.2,400.8,8.9,0
88,Male,15.5,46.0,89.5,30.8,35.3,5.32,4.5,270.7,101.0,180.5,400.4,7.4,0
81,Male,16.4,47.4,90.5,31.5,34.9,6.1,9.0,267.4,100.8,180.1,401.0,8.6,0
65,Female,12.2,40.1,88.1,28.4,32.3,4.2,5.8,218.9,98.2,157.3,398.0,6.7,1
4,Female,13.1,43.1,90.1,31.4,34.0,5.29,6.6,255.5,100.1,159.1,400.9,9.8,0
61,Male,13.7,44.2,88.2,28.2,32.4,4.7,7.1,256.7,98.4,178.1,398.2,6.8,1
19,Female,12.0,40.0,88.1,28.1,32.3,4.2,5.3,253.0,98.4,157.0,398.1,6.9,1
69,Male,13.5,44.0,88.3,28.3,32.5,4.7,7.2,228.0,98.1,178.5,398.1,6.9,1
61,Female,15.2,42.1,91.2,30.4,35.2,5.31,7.4,205.0,101.3,159.3,400.0,9.8,0
64,Female,14.1,43.0,90.2,30.1,35.5,5.4,5.8,264.3,101.2,159.8,400.3,9.4,0
24,Female,15.0,42.4,90.9,30.8,35.2,5.39,7.5,238.1,101.2,159.9,400.1,8.5,0
22,Female,12.8,42.9,89.6,28.8,33.9,4.77,8.1,221.5,99.3,160.3,399.5,9.5,1
13,Female,15.1,41.5,89.3,30.1,34.0,6.15,8.8,204.6,99.6,157.5,398.7,7.4,1
80,Male,14.0,44.5,88.5,28.2,32.4,4.7,7.0,235.3,98.3,178.2,398.4,6.6,1
18,Male,14.0,44.1,88.1,28.4,32.4,4.7,4.5,305.6,98.1,178.4,398.4,6.7,1
13,Female,14.5,42.9,90.6,30.2,35.5,5.4,8.9,202.2,100.9,159.3,401.3,8.6,0
12,Female,14.0,42.6,90.2,31.2,34.8,5.4,8.0,199.3,101.5,160.0,400.1,9.4,0
15,Female,12.2,40.3,88.1,28.1,32.4,4.2,7.8,250.9,98.2,157.0,398.1,6.6,1
27,Male,15.9,47.0,90.6,30.9,34.5,6.1,7.9,343.1,100.2,180.3,400.4,9.8,0
67,Male,16.0,46.4,91.0,30.6,34.9,6.1,6.0,316.8,100.9,180.7,401.3,9.8,0
8,Female,13.5,43.1,90.3,30.5,34.7,5.4,6.0,285.3,100.2,159.7,400.2,9.5,0
82,Female,15.1,42.7,91.4,30.3,34.0,5.4,8.2,158.4,100.7,159.7,401.3,8.8,0
8,Female,12.8,42.3,88.7,31.1,34.7,5.02,7.6,247.6,101.0,158.3,400.4,7.7,1
80,Male,13.8,44.4,88.3,28.4,32.1,4.7,8.6,332.3,98.3,178.1,398.3,6.7,1
40,Female,12.1,40.3,88.1,28.0,32.2,4.2,5.1,185.3,98.2,157.4,398.5,6.9,1
11,Male,11.0,44.1,88.1,28.5,32.4,4.7,8.8,183.1,98.2,178.1,398.0,6.9,1
7,Female,10.9,42.1,90.8,31.5,34.6,5.09,4.5,258.1,98.9,160.3,399.1,9.2,0
71,Male,13.9,44.5,88.2,28.3,32.5,4.7,7.2,236.1,98.5,178.4,398.4,6.5,1
37,Male,15.8,46.1,90.8,31.1,35.5,5.94,6.6,291.7,101.0,180.9,400.1,8.6,0
40,Male,13.8,44.2,88.4,28.3,32.5,4.7,8.7,175.9,98.2,178.3,398.4,6.8,1
12,Female,14.9,43.0,90.4,30.2,34.1,5.4,6.5,172.6,101.2,159.4,400.8,8.6,0
4,Female,13.5,42.8,90.8,30.3,35.1,5.4,6.1,325.9,100.2,159.3,401.2,8.9,0
3,Male,13.4,46.9,91.2,31.1,35.2,6.1,7.6,206.9,100.9,181.1,400.3,8.8,0
54,Male,16.8,46.7,91.4,30.7,35.0,5.5,5.8,310.8,100.5,180.2,400.2,8.8,0
78,Female,12.0,40.4,88.3,28.2,32.1,4.2,8.5,216.4,98.4,157.1,398.0,6.6,1
18,Male,17.0,45.5,89.5,30.1,32.8,6.67,6.9,269.5,99.2,179.3,400.0,9.7,1
42,Male,13.5,44.1,88.5,28.1,32.4,4.7,8.4,302.7,98.5,178.4,398.0,6.7,1
39,Female,12.0,40.5,88.4,28.3,32.2,4.2,7.8,339.4,98.4,157.1,398.4,6.6,1
81,Male,13.6,44.0,88.1,28.2,32.1,4.7,6.2,292.0,98.3,178.0,398.1,6.6,1
5,Female,13.0,42.5,90.7,31.0,34.5,5.4,4.5,276.8,100.3,159.2,400.5,8.6,0
3,Male,11.0,44.0,88.1,28.0,32.4,4.7,7.9,176.9,98.0,178.4,398.3,6.5,1
16,Male,14.0,44.2,88.3,28.2,32.3,4.7,7.9,256.4,98.3,178.5,398.4,6.8,1
64,Female,13.9,42.7,90.5,31.1,34.7,5.4,8.3,211.6,100.7,159.6,401.3,8.7,0
14,Male,14.3,46.9,90.7,30.8,34.2,5.16,6.4,277.9,99.5,178.7,400.7,9.0,1
42,Male,15.6,46.6,91.1,30.5,34.9,6.1,7.7,264.5,100.6,180.2,400.5,9.1,0
86,Male,16.3,46.8,90.1,30.8,35.1,5.48,7.7,325.0,101.2,180.3,401.2,8.6,0
15,Male,16.0,46.9,90.8,30.3,34.2,5.76,4.5,251.0,101.4,180.7,400.1,9.6,0
59,Female,14.3,43.3,91.0,29.3,34.2,4.09,8.7,207.8,99.7,158.9,400.5,8.2,1
72,Female,14.7,43.2,91.4,30.8,34.4,5.4,9.2,267.3,100.8,160.2,401.4,9.6,0
34,Male,14.0,44.1,88.4,28.2,32.2,4.7,9.6,234.9,98.3,178.4,398.2,6.9,1
51,Female,12.0,40.4,88.2,28.1,32.3,4.2,4.9,223.7,98.0,157.4,398.2,6.9,1
31,Male,13.9,44.1,88.1,28.1,32.0,4.7,8.0,272.2,98.4,178.1,398.4,6.9,1
25,Male,15.8,45.6,89.3,29.4,35.4,5.03,7.1,285.1,100.2,178.8,401.4,8.6,1
4,Female,12.9,42.9,91.2,31.1,34.3,5.25,5.4,223.6,100.0,159.3,401.2,9.3,0
4,Female,13.5,42.9,90.1,30.8,34.4,5.35,9.3,238.8,100.8,159.7,400.5,9.3,0
68,Male,13.9,44.4,88.0,28.4,32.2,4.7,9.0,221.5,98.5,178.2,398.2,6.8,1
12,Male,13.9,44.2,88.3,28.0,32.2,4.7,6.9,215.1,98.2,178.1,398.1,7.0,1
56,Male,13.5,44.5,88.3,28.3,32.5,4.7,9.6,155.7,98.0,178.3,398.4,6.5,1
20,Male,16.0,46.6,90.1,30.4,34.1,6.1,6.4,261.1,100.0,181.1,400.7,9.7,0
14,Female,12.0,40.4,88.5,28.3,32.2,4.2,8.7,270.3,98.2,157.1,398.5,7.0,1
39,Female,12.0,40.3,88.2,28.3,32.0,4.2,5.5,189.3,98.4,157.1,398.1,6.9,1
51,Male,15.9,47.3,90.2,30.1,34.3,5.8,8.4,189.4,100.3,181.0,400.1,8.7,0
31,Male,16.1,46.5,90.1,30.3,34.3,6.1,6.2,246.0,100.2,180.1,400.9,8.8,0
12,Female,12.0,40.1,88.4,28.2,32.2,4.2,8.4,284.0,98.1,157.1,398.0,6.9,1
70,Male,13.8,44.3,88.1,28.2,32.0,4.7,6.3,270.7,98.4,178.2,398.0,7.0,1
17,Female,12.2,40.3,88.2,28.0,32.1,4.2,6.7,202.8,98.4,157.3,398.2,6.6,1
89,Female,14.3,43.5,90.8,30.8,34.4,5.4,4.5,250.5,100.4,159.9,400.3,9.3,0
9,Male,12.8,47.3,90.6,30.5,34.7,6.1,6.6,235.0,101.4,180.3,400.9,9.4,0
5,Female,13.5,42.3,91.2,30.2,34.7,4.95,6.1,363.3,100.9,160.0,400.9,8.9,0
22,Female,12.1,40.5,88.3,28.3,32.2,4.2,8.1,247.7,98.4,157.2,398.0,6.8,1
16,Male,16.9,46.9,91.4,31.1,34.2,5.75,5.3,231.5,100.7,180.7,401.4,9.2,0
11,Female,12.6,42.5,90.7,30.4,35.2,5.4,6.3,236.4,100.0,159.9,400.3,8.5,0
90,Male,14.7,46.2,88.9,28.6,34.2,5.99,5.9,218.7,100.6,180.3,401.0,7.8,0
74,Male,13.9,44.4,88.1,28.1,32.3,4.7,7.9,206.6,98.2,178.4,398.2,6.6,1
27,Female,14.4,42.1,90.9,30.9,34.8,5.4,8.0,197.5,100.2,159.6,400.1,9.7,0
65,Female,13.9,42.9,91.4,30.2,34.8,5.4,8.3,249.6,100.2,159.0,400.6,9.3,0
0,Male,12.5,46.2,90.9,31.2,34.9,5.62,7.7,307.0,100.6,181.0,400.4,9.0,0
76,Female,14.1,42.4,90.0,31.0,35.5,5.26,7.3,283.8,100.3,159.0,401.1,9.5,0
62,Male,13.7,44.4,88.4,28.1,32.3,4.7,7.0,245.9,98.4,178.5,398.3,6.9,1
16,Male,13.8,44.3,88.2,28.1,32.2,4.7,6.9,164.1,98.1,178.4,398.0,6.7,1
4,Male,11.0,44.3,88.1,28.2,32.2,4.7,8.0,275.2,98.2,178.4,398.4,6.7,1
80,Male,15.9,47.2,90.4,30.5,34.3,6.1,7.1,310.8,100.2,180.4,400.8,9.4,0
7,Male,11.4,46.7,91.3,31.1,32.9,6.75,8.3,290.3,100.1,179.6,399.3,8.4,0
9,Male,12.5,47.2,91.4,30.6,35.1,6.1,6.5,268.5,101.4,180.6,400.5,8.6,0
24,Female,12.2,40.3,88.1,28.3,32.1,4.2,7.0,278.2,98.3,157.1,398.1,6.6,1
66,Male,13.8,44.3,88.2,28.1,32.0,4.7,7.2,203.0,98.4,178.2,398.2,6.6,1
61,Male,15.9,45.7,90.7,29.2,35.2,4.54,6.9,225.0,98.9,179.8,401.4,9.4,1
10,Female,11.0,40.3,88.3,28.2,32.4,4.2,7.5,221.1,98.3,157.4,398.3,6.8,1
64,Male,15.9,47.1,91.3,30.0,34.8,5.45,7.4,225.0,101.1,181.2,400.7,9.8,0
41,Male,16.0,46.6,91.1,31.4,34.1,6.1,6.0,301.3,100.5,180.1,400.0,9.2,0
48,Female,12.0,40.2,88.5,28.5,32.4,4.2,5.3,150.0,98.0,157.4,398.3,6.7,1
57,Female,12.2,40.2,88.4,28.5,32.5,4.2,7.0,175.1,98.4,157.3,398.4,6.7,1
11,Female,13.3,43.2,90.6,30.2,35.2,5.4,6.6,312.7,100.3,159.3,401.1,9.4,0
19,Female,14.5,41.5,89.4,31.4,32.8,3.93,7.0,314.9,101.2,158.6,399.4,8.8,1
38,Male,16.5,46.8,90.7,30.6,35.3,5.9,8.3,206.7,100.5,181.3,400.5,9.6,0
9,Male,11.0,44.2,88.3,28.2,32.1,4.7,6.8,229.0,98.1,178.3,398.2,6.6,1
28,Female,14.3,43.0,90.9,30.5,34.5,5.4,9.6,271.6,101.4,160.2,400.5,9.6,0
9,Female,12.3,43.2,91.1,30.2,34.5,5.4,5.5,249.4,100.1,160.2,400.2,8.8,0
50,Male,13.7,44.3,88.3,28.3,32.4,4.7,10.5,167.5,98.4,178.5,398.3,6.9,1
16,Female,14.9,42.8,91.4,31.0,34.2,5.4,4.5,251.6,101.5,160.4,401.4,8.8,0
19,Female,12.0,40.1,88.4,28.1,32.4,4.2,4.6,217.3,98.4,157.2,398.5,6.8,1
9,Female,11.0,40.1,88.4,28.2,32.3,4.2,8.1,225.7,98.5,157.1,398.4,6.9,1
4,Male,12.6,46.3,90.1,31.0,34.4,5.48,8.0,219.4,101.3,180.7,400.6,10.0,0
17,Female,13.4,43.3,91.2,31.4,32.7,5.12,8.1,251.2,99.4,158.7,400.5,9.6,0
13,Male,13.7,44.3,88.1,28.1,32.3,4.7,7.9,261.6,98.3,178.5,398.2,6.8,1
6,Female,13.0,42.0,91.0,30.3,34.7,5.12,7.0,228.2,100.6,159.6,400.3,9.9,0
43,Male,13.7,44.2,88.2,28.1,32.2,4.7,6.9,305.1,98.2,178.5,398.2,6.9,1
73,Female,14.9,42.3,90.5,30.3,35.3,5.4,7.8,217.4,100.5,160.0,400.7,9.2,0
7,Female,12.3,42.5,90.7,30.9,35.0,5.4,7.3,245.0,100.6,159.3,400.8,9.6,0
12,Male,15.1,45.8,89.5,29.9,34.0,5.8,5.0,220.2,99.7,179.5,400.2,9.2,0
42,Female,13.8,42.8,91.1,31.2,35.4,5.14,8.1,277.1,101.3,159.6,400.9,9.3,0
13,Male,16.1,46.6,90.3,30.2,35.1,6.1,7.9,236.0,100.9,180.3,401.3,10.0,0
1,Male,11.0,44.3,88.1,28.1,32.4,4.7,4.5,321.2,98.5,178.4,398.3,6.9,1
62,Male,16.2,46.8,90.8,31.4,35.0,5.82,10.4,277.8,101.0,180.9,400.3,8.6,0
69,Male,13.5,44.4,88.1,28.2,32.4,4.7,5.6,218.9,98.4,178.1,398.3,6.6,1
14,Female,14.6,43.3,91.5,31.3,34.8,5.4,7.1,281.4,101.4,160.1,400.2,8.7,0
5,Female,12.5,42.9,91.3,30.9,35.0,4.96,6.2,349.8,101.0,159.5,400.9,9.1,0
70,Male,14.0,44.3,88.4,28.0,32.5,4.7,7.9,249.5,98.1,178.0,398.1,6.6,1
62,Male,16.2,47.4,90.6,31.0,34.6,5.47,5.9,250.3,101.3,181.1,400.6,9.5,0
23,Female,12.0,40.4,88.1,28.4,32.4,4.2,7.1,305.4,98.5,157.0,398.4,6.9,1
19,Female,12.2,40.4,88.2,28.3,32.4,4.2,7.7,242.8,98.5,157.5,398.2,6.6,1
57,Male,15.7,47.1,89.0,31.3,32.7,5.6,8.1,287.3,100.5,181.4,399.8,9.0,1
22,Male,15.7,47.3,91.4,30.5,34.8,6.1,7.2,250.9,100.7,181.1,401.2,9.2,0
11,Male,12.3,47.1,90.7,31.3,34.6,5.65,7.3,311.5,100.3,181.1,400.8,9.4,0
50,Female,12.0,40.0,88.2,28.4,32.4,4.2,5.7,276.0,98.1,157.4,398.0,6.7,1
12,Male,16.4,46.0,91.1,31.1,34.5,5.48,5.9,193.6,100.3,180.9,400.2,9.0,0
2,Female,13.0,42.8,90.2,30.4,35.2,4.86,11.0,196.1,101.0,159.1,400.9,8.5,0
84,Male,13.9,44.1,88.1,28.1,32.3,4.7,8.5,231.9,98.1,178.4,398.4,6.9,1
64,Female,14.9,42.7,90.1,30.3,34.4,5.4,6.3,249.9,101.4,159.8,400.0,9.6,0
2,Female,11.6,42.8,89.9,29.7,34.9,4.51,5.8,150.0,100.0,157.8,400.1,8.2,0
8,Female,12.9,42.8,91.4,31.3,35.0,5.19,6.0,280.6,101.4,159.0,400.9,8.6,0
16,Female,12.0,40.1,88.2,28.0,32.2,4.2,6.9,219.4,98.3,157.1,398.3,7.0,1
19,Female,15.0,42.4,90.8,30.6,34.5,5.27,7.6,277.0,100.8,160.0,401.5,9.1,0
19,Female,15.0,43.3,91.4,30.4,34.7,5.38,9.3,190.2,100.6,159.9,400.6,9.0,0
18,Female,12.0,40.1,88.0,28.4,32.1,4.2,5.8,290.3,98.1,157.1,398.1,6.6,1
8,Male,11.0,44.2,88.1,28.2,32.4,4.7,4.7,192.8,98.4,178.3,398.1,6.5,1
44,Male,13.5,44.0,88.2,28.5,32.2,4.7,7.2,295.6,98.2,178.4,398.2,6.9,1
52,Male,14.0,44.4,88.4,28.4,32.0,4.7,6.7,277.8,98.5,178.2,398.3,6.9,1
12,Male,13.6,44.4,88.4,28.1,32.0,4.7,5.7,257.6,98.3,178.5,398.5,7.0,1
67,Male,16.2,46.6,91.4,30.5,35.4,6.09,5.4,263.0,100.4,180.9,401.1,8.6,0
17,Female,14.9,41.0,89.5,29.8,34.4,5.53,6.6,198.5,99.6,158.4,399.9,9.2,1
13,Female,14.8,43.4,90.9,30.3,35.2,5.4,5.4,301.8,100.3,159.9,400.7,9.5,0
18,Female,14.8,42.7,91.4,31.0,35.3,5.09,6.1,234.3,100.5,160.5,401.4,9.6,0
15,Female,14.6,41.0,89.7,30.2,32.6,5.4,5.1,150.0,99.5,158.7,398.7,8.9,1
57,Male,13.7,44.0,88.0,28.3,32.4,4.7,4.5,261.6,98.2,178.4,398.4,6.5,1
18,Female,14.0,43.4,90.6,31.4,34.6,5.02,7.3,263.9,101.2,159.1,401.3,9.4,0
16,Male,13.8,44.3,88.4,28.4,32.2,4.7,5.3,234.5,98.5,178.5,398.2,6.5,1
5,Male,11.0,44.4,88.3,28.0,32.4,4.7,4.8,313.2,98.3,178.2,398.0,6.9,1
18,Female,12.1,40.1,88.3,28.1,32.5,4.2,7.4,244.4,98.1,157.2,398.1,6.5,1
64,Male,13.5,44.5,88.4,28.5,32.2,4.7,6.2,300.1,98.2,178.2,398.3,6.6,1
22,Female,12.0,40.2,88.1,28.3,32.3,4.2,5.4,257.8,98.1,157.2,398.0,6.8,1
14,Female,12.0,40.1,88.4,28.1,32.5,4.2,6.6,290.7,98.5,157.4,398.3,6.9,1
15,Female,14.6,43.1,90.6,30.4,35.0,5.4,7.3,221.0,100.7,160.1,400.3,8.9,0
6,Male,11.0,44.3,88.2,28.1,32.2,4.7,5.0,294.2,98.5,178.2,398.2,6.8,1
18,Female,12.0,40.1,88.3,28.3,32.0,4.2,6.4,231.8,98.0,157.2,398.4,6.8,1
85,Male,14.0,44.4,88.2,28.4,32.4,4.7,7.4,243.4,98.5,178.1,398.4,6.5,1
42,Male,16.8,46.9,91.4,30.9,34.2,5.66,7.1,240.5,100.6,180.5,400.2,9.8,0
21,Female,14.1,41.9,89.1,29.1,32.9,5.77,5.6,260.9,100.9,160.1,399.6,8.1,0
15,Female,14.0,43.5,91.3,31.4,34.2,5.4,7.5,192.7,100.3,160.2,401.0,9.4,0
8,Female,13.0,42.2,90.4,31.0,34.1,5.4,8.1,210.1,101.4,159.1,400.6,9.9,0
5,Female,11.0,40.4,88.0,28.2,32.3,4.2,6.5,185.4,98.0,157.0,398.2,6.8,1
2,Male,10.9,47.2,88.8,30.5,33.3,4.22,6.6,308.3,100.4,180.6,400.2,9.3,1
23,Male,16.5,46.9,90.8,30.1,35.1,6.1,8.1,264.5,101.2,181.2,401.4,10.0,0
64,Female,14.9,43.3,90.5,30.3,35.1,4.94,7.5,248.5,101.5,160.2,401.3,10.0,0
18,Male,13.9,44.0,88.4,28.0,32.2,4.7,7.7,260.5,98.2,178.3,398.3,6.7,1
90,Male,13.8,44.3,88.1,28.5,32.4,4.7,9.0,256.5,98.3,178.2,398.4,6.8,1
25,Male,16.7,46.7,91.2,30.1,34.3,6.1,5.2,333.6,101.2,180.1,400.3,9.0,0
61,Female,15.2,42.4,90.7,31.4,34.7,5.4,7.3,190.9,100.5,159.1,400.8,9.5,0
7,Male,13.1,47.2,91.1,30.2,34.2,5.8,5.3,162.4,101.0,180.1,400.1,9.1,0
0,Male,11.0,44.0,88.0,28.1,32.2,4.7,6.0,150.0,98.4,178.5,398.5,6.9,1
77,Male,13.9,44.5,88.3,28.1,32.3,4.7,5.9,197.5,98.2,178.5,398.1,6.6,1
76,Male,16.0,44.6,88.8,31.3,34.1,6.89,5.5,220.5,98.5,179.0,401.1,9.1,1
8,Female,13.2,43.5,90.1,30.4,35.0,5.27,8.2,234.9,100.9,159.2,400.5,8.6,0
47,Female,13.3,43.4,90.4,30.5,34.3,4.66,5.6,227.4,100.4,160.5,399.7,7.7,1
14,Male,13.6,44.4,88.2,28.3,32.4,4.7,6.9,271.8,98.2,178.3,398.2,6.7,1
14,Female,14.1,42.3,91.0,30.1,34.7,4.8,4.6,366.6,101.4,160.1,400.2,9.0,0
76,Male,16.1,46.2,90.2,31.3,35.1,5.97,8.4,266.1,101.3,180.6,401.1,9.1,0
35,Male,15.3,45.8,91.4,29.0,33.9,4.82,6.6,297.8,100.8,179.8,401.2,9.1,0
7,Female,11.0,40.1,88.3,28.3,32.1,4.2,6.2,240.3,98.0,157.4,398.2,6.7,1
12,Female,12.0,40.4,88.1,28.2,32.1,4.2,7.4,319.4,98.0,157.4,398.2,6.7,1
13,Male,13.5,44.3,88.2,28.1,32.1,4.7,7.7,237.2,98.1,178.1,398.4,6.8,1
21,Male,16.6,47.5,89.9,29.4,33.0,6.07,4.5,201.9,100.3,180.9,400.6,9.4,1
88,Female,13.8,42.5,90.5,31.1,34.9,5.4,7.1,310.1,100.3,159.0,400.2,8.5,0
87,Female,15.0,42.2,91.0,29.2,33.6,6.18,9.4,365.4,99.2,159.0,399.0,9.2,0
4,Female,11.0,40.3,88.3,28.5,32.2,4.2,5.8,282.6,98.4,157.5,398.1,6.6,1
71,Male,16.8,46.1,90.6,30.5,35.5,6.1,7.7,191.9,100.8,180.2,400.3,10.0,0
20,Male,13.9,44.3,88.0,28.4,32.2,4.7,8.2,248.8,98.5,178.3,398.5,6.7,1
9,Male,10.8,44.6,89.2,30.8,35.2,6.61,8.9,236.7,100.7,178.7,401.3,8.6,0
76,Female,14.6,42.1,91.3,31.3,35.3,5.4,5.6,331.6,100.2,159.4,400.5,9.0,0
17,Female,12.0,40.2,88.0,28.5,32.1,4.2,7.4,256.2,98.0,157.2,398.5,6.8,1
13,Female,12.1,40.2,88.5,28.2,32.3,4.2,6.2,307.6,98.2,157.2,398.0,6.9,1
8,Male,12.8,46.9,89.3,29.7,32.8,4.98,6.7,246.7,99.3,181.3,400.5,7.0,0
78,Female,14.8,42.4,90.8,30.0,34.8,4.8,7.0,290.3,100.2,159.5,400.1,9.3,0
13,Female,13.3,42.4,90.7,29.6,35.1,5.44,6.3,182.6,101.5,158.3,401.3,9.3,1
84,Female,14.3,42.8,90.9,31.5,34.2,5.4,8.7,262.5,101.2,159.0,400.4,8.8,0
45,Male,16.7,47.1,91.1,30.6,35.1,5.98,7.7,160.5,100.5,180.6,400.7,9.8,0
37,Female,12.1,40.3,88.4,28.4,32.3,4.2,8.1,235.7,98.3,157.0,398.3,6.6,1
8,Female,13.0,43.3,91.4,30.8,34.0,4.96,5.5,261.4,100.2,160.2,401.1,9.8,0
10,Female,12.0,41.8,90.5,30.5,34.0,5.09,7.4,266.2,100.1,160.3,399.9,7.9,1
74,Female,14.4,42.4,90.2,31.2,34.8,5.4,5.5,150.0,101.4,159.3,401.2,8.5,0
17,Male,13.7,44.1,88.3,28.0,32.0,4.7,5.1,310.0,98.2,178.5,398.1,6.5,1
35,Male,13.8,44.3,88.1,28.3,32.3,4.7,8.2,183.1,98.1,178.4,398.1,6.9,1
25,Male,16.4,46.2,90.4,30.7,35.0,5.76,9.9,268.4,100.7,181.3,401.3,9.2,0
15,Female,14.5,42.8,91.1,30.9,34.4,4.91,6.2,205.7,100.4,160.4,400.3,8.7,0
15,Female,14.8,41.4,88.8,29.1,34.9,4.5,8.9,313.8,99.5,159.1,400.0,8.3,1
59,Male,13.8,44.4,88.3,28.2,32.0,4.7,7.2,214.1,98.5,178.2,398.4,6.9,1
71,Male,13.6,44.1,88.2,28.0,32.2,4.7,6.6,236.4,98.1,178.1,398.2,6.6,1
17,Male,13.9,44.2,88.5,28.1,32.3,4.7,8.1,194.2,98.4,178.5,398.1,6.7,1
2,Female,12.8,43.1,90.0,30.8,34.2,5.4,6.3,268.0,101.4,160.3,400.6,8.5,0
78,Female,14.0,42.6,90.9,30.4,34.6,5.34,10.0,227.6,101.2,160.0,400.0,9.8,0
28,Male,13.9,44.4,88.4,28.1,32.1,4.7,9.5,312.4,98.3,178.3,398.2,6.5,1
70,Female,15.0,42.5,91.4,30.1,34.8,5.18,5.2,150.0,101.4,159.7,401.0,9.9,0
13,Female,12.1,40.3,88.3,28.3,32.4,4.2,4.9,226.8,98.0,157.5,398.0,6.5,1
27,Female,12.2,40.3,88.3,28.5,32.3,4.2,5.7,236.8,98.1,157.2,398.2,6.8,1
14,Male,13.9,44.3,88.0,28.1,32.2,4.7,7.9,242.3,98.4,178.3,398.2,6.7,1
31,Female,15.0,42.3,90.9,31.1,34.2,5.4,7.7,223.4,100.2,160.1,400.2,9.1,0
44,Female,12.0,40.1,88.2,28.1,32.4,4.2,4.5,157.4,98.0,157.2,398.2,6.7,1
46,Female,12.2,40.5,88.1,28.3,32.5,4.2,6.5,208.1,98.4,157.3,398.3,6.7,1
28,Male,16.9,46.8,90.9,30.3,35.0,5.51,8.4,188.8,100.5,180.1,401.2,9.0,0
90,Female,12.0,40.0,88.1,28.3,32.0,4.2,7.4,191.7,98.4,157.4,398.2,6.8,1
66,Female,13.0,41.7,89.0,31.0,33.3,5.27,6.5,285.4,100.6,159.4,399.9,9.4,1
85,Male,13.7,44.2,88.5,28.2,32.4,4.7,6.4,292.0,98.0,178.5,398.2,6.6,1
71,Male,16.6,46.4,90.0,30.6,34.7,5.65,6.1,262.2,100.8,180.2,400.3,9.1,0
2,Male,11.0,44.5,88.4,28.0,32.3,4.7,7.8,324.9,98.4,178.1,398.2,6.7,1
8,Female,12.8,42.4,90.6,31.4,34.6,5.4,8.7,238.0,100.8,159.5,400.7,9.1,0
14,Female,12.2,40.5,88.2,28.4,32.4,4.2,4.5,245.1,98.0,157.3,398.3,6.7,1
4,Male,11.0,44.4,88.4,28.4,32.4,4.7,7.7,259.8,98.2,178.5,398.0,6.5,1
56,Male,13.8,44.2,88.0,28.0,32.2,4.7,7.1,217.9,98.5,178.2,398.3,6.6,1
31,Male,14.0,44.4,88.5,28.2,32.4,4.7,7.7,249.8,98.1,178.5,398.4,6.8,1
20,Female,12.2,40.4,88.0,28.0,32.1,4.2,5.8,283.0,98.4,157.3,398.2,6.6,1
8,Male,13.3,46.5,90.2,30.9,34.2,6.1,8.7,303.1,101.1,181.3,400.7,9.6,0
6,Female,11.0,40.5,88.2,28.0,32.3,4.2,7.5,317.6,98.3,157.2,398.3,7.0,1
75,Female,14.7,43.0,90.9,30.6,34.8,5.4,7.6,274.6,100.6,160.2,400.6,9.5,0
15,Female,15.2,43.1,90.9,30.7,34.3,5.4,8.4,250.9,100.6,159.8,401.1,8.6,0
38,Female,13.9,42.7,90.1,29.1,33.1,5.25,4.5,256.7,100.2,160.5,400.4,9.1,0
16,Female,14.8,42.7,90.9,30.8,35.1,5.28,5.0,170.4,101.1,159.6,400.3,10.0,0
45,Male,13.9,44.0,88.5,28.4,32.4,4.7,5.9,171.3,98.4,178.4,398.1,6.8,1
14,Male,15.1,45.0,89.2,30.9,35.1,6.79,7.1,191.2,101.3,179.2,399.2,8.6,0
64,Male,16.3,46.5,90.4,30.4,34.1,6.1,6.6,225.1,100.1,181.2,400.1,9.0,0
13,Male,16.1,46.3,90.0,31.5,34.6,6.1,7.4,196.7,100.3,181.2,401.2,8.7,0
13,Female,14.4,42.4,91.1,30.3,35.4,5.03,6.5,316.1,100.3,159.6,400.3,8.7,0
4,Male,11.0,44.4,88.1,28.3,32.3,4.7,6.4,240.4,98.3,178.2,398.1,7.0,1
0,Male,11.0,44.4,88.3,28.5,32.2,4.7,7.5,312.9,98.5,178.4,398.2,6.9,1
12,Female,12.0,40.1,88.2,28.1,32.1,4.2,5.6,271.0,98.4,157.4,398.4,6.7,1
16,Female,14.1,42.4,91.4,31.2,35.2,5.4,8.1,226.5,100.2,159.5,400.5,9.3,0
13,Male,13.9,44.4,88.5,28.5,32.4,4.7,6.1,236.5,98.0,178.4,398.0,6.9,1
85,Female,12.0,40.1,88.0,28.0,32.3,4.2,6.6,175.6,98.2,157.1,398.5,6.6,1
2,Female,12.9,42.2,90.5,30.2,35.2,5.4,7.3,212.5,101.3,160.0,400.8,9.0,0
0,Male,11.0,44.2,88.0,28.0,32.1,4.7,7.2,313.7,98.4,178.3,398.3,6.6,1
2,Female,11.2,43.3,90.6,28.6,33.6,4.58,4.5,265.7,100.7,159.1,398.6,7.2,0
31,Male,13.8,44.5,88.3,28.3,32.4,4.7,9.4,178.0,98.0,178.5,398.4,6.6,1
69,Male,16.6,46.7,90.9,30.1,34.7,6.1,6.6,286.3,100.8,181.0,400.5,8.6,0
74,Female,12.2,40.5,88.1,28.0,32.4,4.2,5.7,311.1,98.2,157.3,398.1,7.0,1
2,Male,13.5,47.3,90.5,30.1,35.1,5.87,6.6,322.6,100.7,181.2,400.6,9.2,0
3,Female,11.4,41.6,89.9,31.1,32.8,4.51,7.4,217.9,99.7,158.4,401.0,10.0,1
6,Female,12.9,42.6,90.2,31.5,34.4,5.4,7.6,235.3,100.6,160.4,400.5,8.5,0
45,Female,14.2,42.9,91.2,30.4,34.4,5.4,7.5,266.5,101.0,159.2,401.2,9.9,0
38,Female,14.3,41.6,90.8,28.7,33.9,4.55,7.3,183.3,100.1,158.9,399.5,9.8,1
18,Female,12.0,40.1,88.4,28.4,32.0,4.2,7.5,277.4,98.2,157.2,398.2,6.8,1
7,Female,13.5,43.0,90.9,31.1,34.8,5.04,7.9,156.3,100.0,159.7,401.1,8.7,0
16,Female,12.1,40.1,88.2,28.1,32.4,4.2,8.2,221.8,98.2,157.0,398.5,6.8,1
71,Male,14.1,45.5,91.3,28.7,35.1,4.89,4.5,155.8,100.6,179.9,400.8,8.7,0
53,Female,12.2,40.3,88.1,28.1,32.4,4.2,6.8,227.7,98.4,157.3,398.3,6.6,1
13,Female,12.2,40.3,88.2,28.4,32.0,4.2,10.0,180.5,98.5,157.3,398.2,6.9,1
19,Male,13.7,44.3,88.4,28.0,32.4,4.7,6.0,292.4,98.2,178.1,398.2,7.0,1
15,Male,17.0,47.4,89.9,30.8,33.5,4.48,8.0,274.0,100.7,181.1,399.3,9.4,1
61,Female,14.1,42.5,91.3,30.2,35.3,5.05,6.7,150.0,100.7,159.4,400.4,9.6,0
5,Female,13.5,42.2,91.4,30.6,35.3,5.13,7.1,228.4,100.5,160.5,400.2,8.6,0
1,Female,13.5,43.1,90.6,31.1,35.2,5.4,6.5,256.1,101.0,159.7,401.4,9.4,0
72,Female,15.0,42.8,90.8,30.7,34.6,4.84,9.0,280.3,101.2,159.9,400.5,8.5,0
15,Male,14.0,44.4,88.3,28.5,32.4,4.7,6.5,224.8,98.1,178.4,398.3,6.9,1
17,Male,13.9,44.4,88.3,28.4,32.5,4.7,8.7,280.8,98.3,178.1,398.4,7.0,1
17,Female,12.1,40.4,88.4,28.1,32.3,4.2,6.3,273.9,98.3,157.0,398.2,6.6,1
59,Female,14.1,43.0,90.6,31.4,34.2,5.23,6.7,218.7,100.2,160.3,401.4,9.5,0
1,Male,12.9,44.7,91.4,29.2,32.7,5.77,7.5,259.6,101.0,179.3,399.1,7.9,0
27,Male,16.8,47.1,90.5,31.1,35.4,5.54,6.5,155.3,100.7,180.8,400.5,9.5,0
71,Female,12.1,40.3,88.3,28.1,32.3,4.2,7.0,253.9,98.4,157.2,398.1,6.9,1
85,Female,14.3,42.9,90.4,30.8,34.8,5.4,6.4,171.7,101.5,159.3,401.2,8.8,0
13,Male,13.6,44.2,88.0,28.4,32.2,4.7,5.0,317.5,98.2,178.1,398.4,6.7,1
3,Male,13.5,46.5,90.3,30.8,35.4,6.1,5.7,257.7,100.9,181.5,400.2,9.3,0
47,Male,16.2,46.8,90.9,31.2,34.1,6.1,9.8,285.4,100.5,180.6,400.3,10.0,0
58,Male,13.9,44.0,88.2,28.3,32.2,4.7,5.4,259.8,98.0,178.1,398.3,6.9,1
6,Male,11.8,45.6,91.2,29.8,33.1,4.16,5.4,278.3,100.9,181.2,400.0,8.8,1
36,Male,16.4,46.8,91.0,28.8,34.1,5.22,8.9,256.4,99.8,179.5,400.0,7.4,0
36,Male,13.7,44.3,88.4,28.3,32.1,4.7,5.7,247.1,98.3,178.3,398.0,6.5,1
39,Female,14.5,43.2,90.3,31.2,35.2,5.4,4.5,205.3,101.1,159.1,400.1,9.0,0
59,Male,16.2,46.9,90.3,30.7,35.0,6.05,6.2,346.0,100.5,180.5,400.6,8.5,0
59,Female,12.0,40.4,88.4,28.1,32.1,4.2,7.8,249.2,98.4,157.4,398.1,7.0,1
30,Female,12.0,40.1,88.4,28.3,32.3,4.2,6.5,314.3,98.3,157.2,398.3,6.8,1
43,Male,16.8,47.1,90.8,30.7,34.3,5.86,6.6,325.6,101.3,180.2,400.8,9.5,0
28,Female,12.0,40.3,88.2,28.1,32.2,4.2,5.4,179.5,98.2,157.1,398.2,6.8,1
4,Male,13.5,46.0,90.3,30.0,35.0,6.1,7.2,246.9,100.1,181.4,400.5,8.7,0
6,Female,11.0,40.2,88.4,28.3,32.4,4.2,7.9,313.5,98.3,157.2,398.1,6.9,1
2,Female,11.0,40.3,88.1,28.3,32.4,4.2,10.3,168.9,98.1,157.1,398.1,6.9,1
17,Female,14.2,42.1,90.7,30.1,35.5,5.34,5.6,238.8,100.4,160.0,401.2,10.0,0
30,Male,13.8,44.1,88.4,28.5,32.1,4.7,6.9,304.4,98.1,178.3,398.2,7.0,1
28,Male,16.0,47.0,89.6,30.5,34.6,5.01,4.5,162.7,99.7,180.1,398.6,10.0,1
80,Female,14.2,43.1,90.2,30.8,35.2,5.4,5.1,177.8,100.0,160.2,401.0,9.3,0
11,Female,11.0,40.1,88.1,28.2,32.0,4.2,5.6,211.4,98.2,157.2,398.4,6.6,1
14,Female,14.1,43.4,90.7,31.3,34.3,5.06,7.0,300.1,101.3,159.1,401.4,9.1,0
63,Female,12.1,40.3,88.3,28.4,32.0,4.2,6.2,322.2,98.3,157.2,398.5,6.5,1
27,Female,12.0,40.2,88.5,28.2,32.4,4.2,9.3,331.4,98.3,157.2,398.1,6.5,1
23,Male,16.7,46.3,91.3,31.1,35.1,5.53,7.1,234.4,101.3,180.9,400.3,8.6,0
29,Male,13.9,44.4,88.5,28.2,32.1,4.7,9.8,276.5,98.3,178.1,398.3,6.6,1
73,Male,16.9,46.5,90.8,30.2,34.1,6.04,5.7,295.9,100.8,180.4,400.6,9.9,0
79,Male,16.2,46.5,90.9,31.1,34.3,5.68,7.2,275.7,100.6,181.2,400.8,8.9,0
1,Male,11.0,44.2,88.3,28.4,32.5,4.7,9.6,286.8,98.2,178.2,398.3,6.7,1
13,Female,14.0,42.9,91.2,30.7,34.2,5.4,6.9,211.1,100.4,160.4,401.1,9.3,0
6,Male,11.0,46.5,91.2,28.5,33.1,4.89,5.0,237.9,101.2,179.1,399.4,8.7,1
6,Male,10.8,47.0,89.2,30.1,33.9,6.85,9.5,314.9,101.3,179.0,400.0,7.4,1
73,Male,13.7,44.3,88.3,28.0,32.3,4.7,7.8,313.0,98.0,178.4,398.3,6.8,1
78,Female,15.0,42.9,90.6,30.0,34.5,5.4,8.4,299.2,101.1,159.9,400.9,9.2,0
15,Female,14.1,42.1,89.5,29.1,33.0,3.41,5.1,239.3,101.1,158.8,400.4,7.9,0
82,Male,16.0,44.8,90.1,30.3,34.2,4.39,5.8,294.2,101.4,179.6,398.7,10.0,0
46,Female,14.4,42.6,90.9,30.5,34.3,5.4,6.8,248.6,100.0,159.4,400.8,9.0,0
14,Male,16.9,46.7,90.1,31.4,35.3,6.1,7.7,294.2,101.3,181.2,400.5,9.7,0
89,Male,16.6,47.4,90.5,31.3,34.0,5.83,7.2,229.0,100.2,181.3,401.0,8.5,0
5,Female,12.8,43.2,91.3,31.2,35.3,4.95,7.3,283.7,101.3,160.0,400.3,9.4,0
11,Male,11.0,44.0,88.1,28.4,32.0,4.7,8.0,173.2,98.3,178.2,398.0,6.6,1
8,Male,13.3,47.0,90.4,30.2,35.0,6.1,7.8,206.0,100.7,181.0,401.3,8.8,0
77,Female,13.9,42.5,90.1,31.3,35.3,5.4,7.2,251.4,101.3,160.2,400.6,10.0,0
15,Female,12.0,40.3,88.2,28.4,32.0,4.2,4.5,219.8,98.5,157.1,398.2,6.7,1
10,Male,13.5,46.6,91.1,31.4,34.6,5.69,8.3,251.9,101.2,180.1,401.0,9.4,0
18,Male,16.9,46.7,90.7,31.2,35.2,6.1,6.8,184.0,101.5,181.1,401.2,8.5,0
5,Male,12.8,47.0,90.6,30.7,34.4,5.96,9.5,300.5,100.9,180.7,400.6,9.8,0
64,Female,14.0,42.2,91.1,31.3,35.1,5.4,7.4,266.8,101.3,159.3,401.1,9.6,0
45,Male,13.9,44.1,88.2,28.3,32.1,4.7,6.0,231.8,98.1,178.1,398.1,7.0,1
10,Female,12.6,42.6,91.2,30.3,35.1,5.4,10.9,226.8,101.1,159.5,400.3,9.9,0
57,Male,16.7,47.0,90.5,30.1,35.3,5.65,6.9,288.4,100.5,181.1,401.3,9.1,0
22,Female,14.9,42.7,91.4,30.7,35.3,5.4,8.1,229.8,100.6,159.6,400.7,8.9,0
9,Female,12.3,42.9,90.8,31.3,35.0,5.4,6.7,296.5,100.2,159.9,401.3,8.6,0
60,Female,12.1,40.3,88.5,28.3,32.1,4.2,8.8,187.9,98.0,157.1,398.3,6.9,1
64,Male,15.5,46.6,91.1,30.6,35.3,6.1,5.4,265.8,100.6,180.0,400.9,9.7,0
85,Female,13.0,42.3,90.7,31.2,32.7,5.05,5.1,212.1,98.7,158.2,399.9,7.0,1
1,Female,13.4,41.7,89.2,29.4,33.0,4.65,8.2,311.0,101.1,157.6,400.8,8.8,0
25,Female,14.5,43.5,91.4,31.1,34.2,5.34,6.7,298.7,101.4,159.7,401.3,8.6,0
66,Male,15.4,46.7,89.8,28.5,34.9,6.19,7.8,275.4,99.6,179.7,399.8,8.1,1
57,Female,14.9,42.1,90.2,30.3,34.0,4.94,6.3,236.7,101.3,159.1,401.3,9.7,0
60,Female,13.8,42.4,90.5,30.6,35.4,4.9,6.3,224.5,100.6,159.1,401.4,9.3,0
9,Female,12.9,42.6,90.6,31.0,33.1,4.08,8.2,254.3,100.9,160.3,400.7,7.8,0
63,Male,13.9,44.3,88.4,28.1,32.3,4.7,6.6,245.0,98.1,178.3,398.3,6.6,1
16,Male,16.0,46.8,90.3,31.3,34.4,5.74,6.7,150.0,100.3,180.4,400.3,9.6,0
64,Female,13.2,42.0,91.1,29.0,34.9,3.98,6.1,222.3,99.0,157.7,401.2,7.3,1
81,Female,12.2,40.0,88.4,28.3,32.5,4.2,6.4,204.0,98.2,157.4,398.3,6.6,1
5,Female,12.6,42.6,90.8,30.5,35.5,5.4,9.5,243.1,100.7,159.0,400.8,9.4,0
52,Female,12.0,40.1,88.3,28.1,32.4,4.2,4.5,180.7,98.0,157.2,398.2,6.6,1
1,Female,11.0,40.5,88.1,28.4,32.1,4.2,7.8,386.5,98.0,157.2,398.3,6.7,1
14,Male,13.7,44.0,88.3,28.0,32.3,4.7,5.4,375.6,98.0,178.0,398.2,6.9,1
10,Female,12.7,42.9,90.4,30.9,35.3,5.4,6.5,334.5,100.8,160.0,401.2,9.5,0
72,Female,13.9,42.7,90.2,31.2,35.4,5.4,7.0,222.4,101.0,160.2,400.9,10.0,0
82,Male,15.7,47.0,90.6,30.0,34.8,6.1,7.4,245.5,100.1,181.1,400.2,8.9,0
57,Female,12.0,40.3,88.4,28.2,32.4,4.2,7.6,206.8,98.1,157.3,398.2,6.8,1
1,Male,11.0,44.1,88.3,28.2,32.4,4.7,6.6,171.1,98.1,178.4,398.4,6.8,1
29,Female,12.0,40.1,88.4,28.1,32.4,4.2,6.3,174.3,98.5,157.4,398.1,6.7,1
23,Male,16.2,44.9,89.0,30.0,35.1,4.74,5.5,346.3,98.6,179.9,400.4,9.6,1
19,Male,16.5,46.5,90.5,31.0,34.7,6.1,7.6,225.2,100.1,180.3,401.0,9.8,0
87,Female,15.0,42.4,90.7,30.4,34.3,5.4,8.7,218.0,101.1,159.5,401.5,10.0,0
12,Female,15.0,43.1,90.3,31.3,34.7,4.43,8.0,184.6,100.8,159.5,400.3,7.3,0
75,Female,12.0,40.2,88.5,28.3,32.3,4.2,6.3,319.9,98.4,157.5,398.2,6.7,1
12,Female,12.0,40.0,88.5,28.2,32.2,4.2,4.5,359.4,98.4,157.2,398.5,6.7,1
41,Male,16.1,46.0,90.3,30.6,34.6,5.47,8.8,360.1,100.1,181.4,400.1,9.8,0
13,Male,13.7,44.3,88.1,28.1,32.0,4.7,7.4,238.3,98.3,178.3,398.3,6.6,1
4,Female,12.6,42.6,90.8,30.8,35.4,5.24,6.2,185.9,100.8,160.5,400.8,9.2,0
7,Male,11.0,44.3,88.1,28.3,32.1,4.7,7.6,208.2,98.1,178.1,398.0,6.6,1
50,Male,13.9,44.2,88.2,28.3,32.1,4.7,9.0,313.2,98.2,178.3,398.1,6.6,1
9,Female,11.0,40.3,88.1,28.1,32.4,4.2,8.5,176.4,98.1,157.2,398.2,6.6,1
15,Female,12.0,40.4,88.1,28.4,32.5,4.2,6.2,185.1,98.4,157.1,398.2,6.9,1
8,Male,13.2,46.8,89.2,30.1,34.5,5.98,5.2,150.0,99.9,180.2,399.9,8.5,1
19,Female,14.0,42.9,91.3,31.4,34.8,4.85,8.0,238.9,100.7,160.1,400.4,8.5,0
18,Female,14.2,42.7,90.0,31.4,34.4,4.84,6.8,302.1,101.0,159.4,400.8,8.9,0
24,Male,15.5,47.5,90.3,31.1,34.2,6.1,7.1,243.5,100.9,180.1,401.3,9.3,0
19,Female,12.1,40.4,88.2,28.0,32.3,4.2,4.5,207.4,98.4,157.2,398.0,6.9,1
4,Male,11.0,44.3,88.3,28.4,32.3,4.7,5.6,231.1,98.4,178.1,398.1,7.0,1
2,Male,12.6,46.2,90.3,31.2,34.6,6.1,9.0,238.8,101.3,180.1,400.8,9.9,0
17,Male,16.8,45.4,91.4,31.0,34.7,6.05,6.6,267.7,101.2,179.8,400.8,9.4,1
4,Male,12.5,46.7,90.8,30.1,34.5,5.6,8.5,221.2,100.4,181.0,401.1,9.4,0
37,Female,14.6,42.4,90.6,30.9,34.3,5.4,8.7,253.3,101.3,159.7,400.3,9.6,0
24,Male,16.8,46.3,90.7,31.3,35.2,6.1,6.9,284.4,101.0,180.6,400.5,9.1,0
55,Male,15.7,46.9,91.0,31.3,35.3,6.1,8.9,252.3,100.6,180.6,400.4,9.7,0
18,Female,14.5,42.8,90.1,30.5,34.2,5.4,9.7,271.6,101.3,159.7,400.4,9.0,0
78,Female,14.3,43.4,91.5,30.9,34.8,5.4,8.7,317.0,101.2,160.4,400.6,9.1,0
15,Female,12.0,40.2,88.0,28.2,32.4,4.2,10.9,207.9,98.5,157.5,398.3,6.5,1
16,Male,16.2,46.7,90.8,30.2,34.8,5.76,6.4,325.1,100.9,181.1,401.0,9.2,0
77,Male,13.6,44.4,88.1,28.1,32.2,4.7,7.4,184.0,98.3,178.2,398.4,7.0,1
73,Male,15.6,47.3,90.8,30.2,34.1,5.58,10.1,232.6,101.0,180.2,401.0,9.1,0
73,Male,16.2,46.2,90.6,31.1,34.7,5.65,5.9,183.1,100.1,180.9,400.9,8.6,0
55,Male,16.5,44.9,90.8,31.4,34.3,5.05,6.6,221.3,100.3,179.8,400.0,9.1,1
18,Male,16.2,46.4,90.6,31.1,34.2,5.81,6.9,220.8,101.2,180.0,401.0,9.9,0
86,Female,14.9,43.3,90.5,29.4,33.9,3.4,5.1,283.2,101.3,158.5,399.9,8.3,1
3,Female,11.6,41.7,90.5,30.5,35.5,3.92,5.5,260.2,98.9,158.8,400.2,7.6,0
78,Male,14.0,44.4,88.1,28.4,32.1,4.7,9.7,225.3,98.5,178.5,398.3,6.9,1
13,Male,13.8,44.3,88.3,28.0,32.1,4.7,7.0,182.9,98.3,178.4,398.1,6.9,1
66,Female,12.0,40.2,88.2,28.3,32.2,4.2,5.4,309.8,98.4,157.4,398.3,6.6,1
44,Female,12.0,40.3,88.2,28.3,32.2,4.2,4.7,240.5,98.1,157.4,398.1,6.6,1
43,Male,13.9,44.4,88.2,28.2,32.4,4.7,6.9,257.5,98.5,178.2,398.2,6.6,1
31,Female,13.8,42.3,91.3,31.4,34.2,5.4,4.8,296.5,100.7,160.0,400.2,8.8,0
37,Female,13.8,43.1,90.8,30.4,35.2,5.4,6.3,249.3,100.6,159.3,400.4,8.9,0
13,Female,14.5,41.2,88.9,31.2,33.5,3.85,8.2,269.5,101.5,159.1,401.1,8.5,1
84,Female,12.0,40.4,88.1,28.2,32.3,4.2,7.3,176.3,98.4,157.2,398.1,6.8,1
4,Female,11.0,40.4,88.1,28.3,32.2,4.2,5.8,279.0,98.1,157.2,398.3,6.8,1
7,Female,11.0,43.3,89.2,31.1,34.8,4.29,5.5,214.2,98.7,160.3,401.1,9.1,0
59,Male,16.1,46.2,90.2,31.3,34.9,6.1,9.0,192.9,100.3,180.9,400.2,8.5,0
14,Female,12.1,40.3,88.1,28.1,32.0,4.2,6.4,239.3,98.3,157.4,398.3,6.6,1
42,Male,16.1,47.1,90.7,31.1,34.8,6.1,7.9,320.0,100.9,181.2,401.4,9.1,0
5,Female,13.2,43.0,91.0,31.0,34.2,5.09,5.2,337.4,101.1,159.2,400.3,9.3,0
85,Male,15.7,47.3,90.9,30.9,35.4,5.77,7.1,169.4,101.1,180.7,401.0,9.2,0
19,Male,15.6,46.3,88.8,31.3,33.1,5.55,6.9,275.5,98.8,179.1,398.7,8.2,0
13,Male,15.2,45.4,88.7,29.8,34.0,6.0,8.4,255.7,99.6,179.2,398.7,8.2,1
82,Female,14.7,41.4,88.8,31.5,33.1,4.34,8.7,293.2,98.8,159.5,400.1,8.4,0
15,Male,13.8,44.1,88.2,28.1,32.3,4.7,6.1,231.7,98.0,178.1,398.1,6.7,1
0,Female,11.0,40.2,88.3,28.2,32.2,4.2,9.2,325.7,98.0,157.3,398.3,6.5,1
59,Female,14.7,42.8,90.9,29.1,34.6,4.49,5.3,279.1,101.3,159.3,400.8,8.3,1
70,Male,16.7,47.1,90.0,31.5,35.1,6.1,8.9,150.0,100.4,180.1,401.3,9.8,0
16,Female,12.0,40.3,88.2,28.3,32.1,4.2,4.9,298.6,98.1,157.2,398.3,6.7,1
58,Female,14.8,41.2,90.5,28.6,32.9,3.71,6.9,300.2,100.5,160.4,401.1,8.8,1
19,Female,14.6,42.5,91.0,31.5,35.0,4.89,9.3,243.4,100.8,160.4,400.1,8.9,0
73,Female,14.7,40.9,90.3,28.6,33.7,5.86,8.3,285.0,99.8,158.9,401.0,8.5,0
87,Female,12.0,40.3,88.5,28.3,32.2,4.2,7.8,190.2,98.0,157.3,398.4,6.8,1
7,Female,11.0,40.2,88.2,28.1,32.1,4.2,6.2,213.8,98.4,157.2,398.3,7.0,1
17,Female,12.0,40.0,88.1,28.3,32.0,4.2,6.5,257.7,98.2,157.4,398.5,6.8,1
13,Female,14.0,43.3,90.0,31.2,35.1,5.4,7.5,236.9,100.7,159.3,400.6,8.8,0
4,Male,12.1,45.8,88.8,29.3,32.9,4.86,11.0,268.7,101.0,180.0,399.1,8.4,1
39,Female,14.0,42.4,91.5,30.2,34.6,5.4,7.6,202.7,101.4,160.2,401.5,9.4,0
72,Female,15.0,42.8,91.2,30.2,34.0,5.4,7.2,202.6,101.1,159.6,400.1,9.8,0
5,Female,11.0,40.4,88.3,28.2,32.1,4.2,10.0,301.6,98.2,157.1,398.2,6.6,1
64,Male,13.7,44.4,88.1,28.1,32.4,4.7,6.3,263.7,98.2,178.3,398.4,6.7,1
13,Male,16.9,46.2,90.1,30.0,34.8,5.93,7.0,180.5,100.6,179.9,400.1,7.2,0
43,Female,12.0,40.4,88.3,28.3,32.1,4.2,5.8,227.0,98.3,157.0,398.1,6.9,1
4,Male,11.0,44.2,88.0,28.0,32.3,4.7,6.9,305.0,98.2,178.4,398.2,6.9,1
8,Female,12.7,43.3,91.1,30.8,35.4,5.4,4.5,306.2,100.9,159.5,400.6,9.9,0
51,Female,13.9,42.3,90.7,29.6,32.6,4.19,7.5,226.7,100.9,160.4,400.3,8.4,0
79,Male,13.9,44.0,88.4,28.5,32.3,4.7,5.5,256.1,98.5,178.2,398.2,6.7,1
18,Female,12.0,40.2,88.1,28.4,32.1,4.2,6.6,249.4,98.5,157.1,398.0,6.9,1
0,Female,11.0,40.5,88.4,28.1,32.2,4.2,5.4,288.2,98.3,157.4,398.3,6.8,1
77,Female,14.1,42.3,90.6,30.4,35.0,5.16,7.5,266.6,100.4,160.1,401.3,9.4,0
28,Female,13.4,42.1,88.9,29.9,33.1,5.94,7.1,258.9,98.9,159.6,400.1,9.5,0
34,Female,12.0,40.0,88.3,28.1,32.4,4.2,7.9,262.1,98.5,157.4,398.1,6.8,1
18,Male,16.2,47.4,90.7,30.7,34.3,5.86,7.2,229.1,100.4,180.5,401.2,9.0,0
16,Female,12.2,40.2,88.2,28.1,32.1,4.2,10.2,356.0,98.3,157.4,398.0,6.6,1
16,Male,15.7,47.4,90.1,30.3,34.1,6.1,6.7,307.2,101.4,180.9,400.9,9.8,0
42,Male,13.6,44.4,88.4,28.4,32.3,4.7,8.8,206.7,98.1,178.0,398.1,6.9,1
89,Female,12.9,42.2,89.2,30.5,35.2,3.79,4.5,291.2,101.0,157.6,400.6,8.9,1
61,Male,16.3,46.6,91.2,31.3,34.5,6.1,4.5,269.2,100.4,180.8,400.2,9.7,0
3,Male,12.3,47.3,90.5,31.3,34.8,6.1,6.8,239.4,101.0,181.3,400.7,9.4,0
16,Female,14.6,43.1,91.3,31.0,35.0,5.4,6.1,231.2,100.7,159.1,400.4,9.2,0
75,Male,13.7,44.3,88.3,28.2,32.1,4.7,7.2,312.0,98.2,178.3,398.0,6.6,1
17,Male,14.0,44.2,88.5,28.3,32.1,4.7,8.9,316.3,98.1,178.1,398.1,6.9,1
16,Female,13.5,40.6,90.4,28.8,34.7,5.31,6.5,150.0,101.0,158.3,400.4,8.7,1
19,Male,14.6,46.7,91.5,28.6,32.6,5.99,5.0,238.4,100.1,181.2,400.1,9.8,0
27,Male,13.7,44.5,88.1,28.0,32.3,4.7,5.2,228.8,98.4,178.1,398.4,6.6,1
82,Male,13.9,44.3,88.1,28.2,32.1,4.7,6.2,172.6,98.1,178.1,398.4,6.9,1
48,Male,14.7,46.2,88.6,29.3,33.2,5.12,6.8,235.5,99.0,179.1,401.0,10.0,1
6,Male,13.5,46.4,90.2,31.0,34.9,6.1,8.2,281.5,100.4,180.3,401.1,9.7,0
84,Female,14.9,42.2,90.1,30.2,34.4,5.4,6.0,272.4,100.4,159.2,400.2,9.4,0
71,Male,13.7,44.2,88.0,28.3,32.4,4.7,8.0,241.1,98.4,178.4,398.0,6.6,1
18,Male,15.9,47.3,91.1,30.5,35.1,5.56,7.2,323.1,100.4,181.0,401.0,8.8,0
81,Male,16.8,45.6,88.6,29.7,34.8,6.61,5.4,296.8,101.5,179.0,399.6,8.1,1
62,Male,14.0,44.4,88.0,28.0,32.1,4.7,5.9,181.9,98.0,178.2,398.3,6.8,1
1,Female,11.6,43.0,89.2,30.5,33.5,5.13,4.6,226.4,100.5,159.6,400.8,9.5,0
44,Male,13.6,44.4,88.1,28.2,32.0,4.7,6.1,269.1,98.5,178.3,398.4,6.9,1
81,Male,16.9,46.9,91.2,30.6,35.5,5.74,6.9,284.7,101.0,181.0,401.3,9.5,0
73,Female,14.4,42.5,90.7,30.5,35.3,4.91,6.9,229.7,100.3,160.1,400.5,8.9,0
62,Male,15.7,46.7,90.2,31.4,35.2,5.51,8.1,221.8,101.2,181.4,401.5,10.0,0
1,Female,12.5,41.7,89.7,30.3,34.8,4.95,5.0,150.0,100.5,157.6,398.9,7.5,0
64,Male,13.6,44.4,88.4,28.0,32.2,4.7,8.7,289.7,98.3,178.2,398.4,6.8,1
6,Male,11.0,44.3,88.5,28.0,32.3,4.7,7.5,256.4,98.1,178.5,398.4,6.8,1
79,Male,13.6,44.0,88.4,28.4,32.3,4.7,5.0,245.1,98.4,178.3,398.0,6.5,1
18,Female,15.0,43.1,91.4,31.5,35.2,5.23,6.6,176.4,101.5,159.6,400.3,9.9,0
15,Female,12.0,40.4,88.5,28.2,32.2,4.2,7.1,259.0,98.5,157.2,398.4,6.7,1
17,Female,14.4,43.4,91.4,31.2,34.9,5.4,5.0,253.1,101.0,160.4,400.0,8.9,0
17,Female,12.0,40.4,88.5,28.1,32.3,4.2,6.9,209.1,98.0,157.5,398.2,6.7,1
48,Male,16.8,46.1,91.2,30.4,34.7,6.1,5.0,270.2,100.4,181.4,400.6,9.4,0
20,Female,12.0,40.4,88.5,28.5,32.2,4.2,6.9,264.7,98.4,157.5,398.1,6.9,1
71,Male,16.8,47.1,88.7,29.1,34.6,4.1,4.5,294.1,99.9,180.7,398.6,8.9,1
54,Female,12.1,40.0,88.2,28.5,32.5,4.2,6.2,294.6,98.2,157.5,398.4,6.5,1
10,Female,11.0,40.2,88.2,28.0,32.4,4.2,8.0,207.6,98.0,157.1,398.2,6.7,1
18,Male,13.9,44.3,88.1,28.0,32.3,4.7,6.0,179.2,98.1,178.4,398.5,6.6,1
19,Male,13.7,44.3,88.2,28.4,32.2,4.7,6.0,250.3,98.1,178.4,398.2,6.5,1
87,Female,12.2,40.3,88.4,28.3,32.5,4.2,6.9,339.1,98.1,157.0,398.1,6.8,1
16,Female,13.8,43.4,90.1,31.4,34.8,5.4,8.0,268.3,100.9,159.6,400.2,9.7,0
84,Female,15.0,42.9,89.1,29.4,33.1,3.99,10.6,211.2,101.3,159.5,400.6,8.6,0
59,Female,14.4,43.4,90.6,30.3,34.5,5.4,5.0,348.7,101.1,159.9,401.0,9.8,0
1,Male,13.5,47.0,91.4,30.4,34.9,6.1,8.3,227.2,101.4,181.3,401.1,8.9,0
7,Female,12.9,42.8,91.3,30.1,34.2,5.44,4.8,251.4,100.9,159.4,399.3,9.9,1
32,Female,12.0,40.3,88.4,28.2,32.3,4.2,5.3,190.9,98.0,157.5,398.0,6.7,1
0,Female,11.0,40.1,88.3,28.0,32.2,4.2,7.1,180.2,98.3,157.4,398.2,6.6,1
22,Female,13.8,42.9,90.8,30.3,35.0,5.4,6.4,263.5,100.7,160.5,401.0,9.5,0
28,Male,16.5,47.2,90.7,31.5,34.1,5.75,5.4,150.0,101.4,180.8,400.1,9.1,0
34,Male,13.5,44.1,88.4,28.2,32.3,4.7,7.0,288.0,98.0,178.3,398.1,6.6,1
81,Male,16.6,46.4,90.3,30.4,34.5,6.1,4.5,231.9,100.6,180.6,401.5,8.8,0
13,Male,13.5,44.1,88.1,28.4,32.3,4.7,5.7,235.6,98.4,178.1,398.2,6.6,1
19,Female,12.2,40.3,88.1,28.2,32.2,4.2,7.7,339.1,98.2,157.4,398.3,6.9,1
13,Female,12.0,40.3,88.3,28.0,32.3,4.2,10.6,297.7,98.2,157.2,398.2,6.6,1
5,Female,11.0,40.1,88.3,28.2,32.5,4.2,7.1,297.2,98.1,157.2,398.5,7.0,1
75,Female,12.0,40.2,88.4,28.4,32.0,4.2,6.2,336.7,98.0,157.2,398.4,6.6,1
16,Female,14.9,42.1,91.1,31.1,34.1,5.03,7.4,321.4,101.2,159.3,400.0,8.7,0
19,Male,13.5,44.3,88.3,28.5,32.0,4.7,7.3,261.3,98.1,178.4,398.3,6.6,1
8,Male,12.4,47.3,90.7,30.3,34.6,6.02,7.8,288.0,101.2,180.0,400.6,9.2,0
14,Female,14.5,42.2,91.0,31.1,34.8,5.4,6.3,195.3,100.2,159.6,400.8,9.2,0
14,Male,17.0,46.5,91.3,31.3,35.4,6.1,8.4,270.3,100.1,180.7,401.5,9.7,0
3,Female,12.8,42.8,90.1,30.9,34.0,5.4,7.3,267.2,100.7,159.4,401.1,9.9,0
55,Male,14.1,47.4,89.4,30.1,33.9,5.1,7.7,192.0,100.2,179.8,400.1,9.0,0
56,Female,12.1,40.5,88.4,28.4,32.3,4.2,5.9,290.8,98.1,157.1,398.4,6.6,1
2,Female,11.0,40.4,88.0,28.2,32.2,4.2,6.1,217.9,98.0,157.3,398.4,6.8,1
49,Female,14.8,42.6,90.4,30.9,35.1,5.18,8.5,180.7,101.4,159.3,401.0,9.9,0
18,Male,16.4,46.5,91.2,31.3,34.5,6.1,6.4,359.3,101.4,180.5,400.4,9.3,0
0,Female,11.0,40.4,88.2,28.1,32.5,4.2,8.9,222.1,98.1,157.5,398.5,6.9,1
79,Female,15.1,42.2,90.9,30.5,34.2,5.39,4.5,199.4,101.1,160.3,400.2,8.8,0
64,Male,16.8,47.4,90.7,30.5,34.6,5.9,7.8,186.3,100.8,180.7,400.1,9.7,0
18,Female,12.1,40.3,88.4,28.3,32.2,4.2,7.8,276.5,98.2,157.2,398.2,6.7,1
1,Female,12.7,41.6,88.9,31.0,32.9,4.82,9.3,314.8,100.1,160.2,399.4,8.7,1
18,Female,12.0,40.0,88.1,28.3,32.1,4.2,6.7,217.6,98.2,157.4,398.3,6.9,1
85,Female,14.7,42.7,91.2,30.4,34.4,5.4,6.0,291.0,100.3,159.7,400.2,9.6,0
14,Male,16.5,47.1,90.3,31.3,34.9,6.04,5.9,283.2,100.5,181.2,401.0,9.6,0
18,Female,12.0,40.2,88.3,28.0,32.1,4.2,8.0,238.6,98.3,157.0,398.5,6.7,1
25,Male,15.2,44.7,91.0,31.0,32.8,5.66,6.3,262.6,101.0,179.6,400.3,8.1,0
69,Female,15.1,43.1,90.7,31.4,34.8,5.4,6.6,266.6,100.2,160.2,401.3,8.6,0
90,Male,16.4,47.4,90.2,30.2,35.1,6.1,8.1,220.6,100.2,181.4,400.3,8.6,0
28,Male,16.3,46.7,90.9,30.8,35.4,6.1,6.3,294.1,100.7,180.7,400.4,9.1,0
5,Male,13.7,46.4,88.7,30.5,35.5,6.15,7.5,247.2,101.2,180.8,401.3,9.3,0
14,Male,15.9,44.7,90.5,31.1,35.1,4.08,7.0,319.5,100.0,180.2,399.7,9.1,0
6,Female,13.0,43.3,91.1,31.3,35.0,4.87,9.4,262.2,100.6,159.2,400.8,9.0,0
48,Male,13.7,44.3,88.0,28.4,32.3,4.7,8.3,239.2,98.0,178.1,398.1,6.5,1
68,Male,14.0,44.3,88.2,28.3,32.0,4.7,5.2,299.2,98.3,178.2,398.3,6.9,1
13,Female,14.2,42.2,90.5,31.0,35.1,5.04,5.5,276.1,100.3,159.8,400.4,9.5,0
86,Male,13.8,44.3,88.3,28.2,32.2,4.7,6.4,322.0,98.0,178.3,398.3,6.7,1
9,Female,12.8,42.2,90.5,30.5,35.0,5.4,8.1,300.5,100.4,160.2,401.3,9.4,0
19,Male,15.8,46.3,90.4,30.8,34.8,5.7,7.0,267.2,101.3,181.3,400.8,9.6,0
0,Male,13.5,47.5,90.4,31.5,34.6,5.92,6.4,344.4,100.3,180.9,400.4,9.4,0
12,Female,12.0,40.3,88.2,28.4,32.2,4.2,5.4,240.6,98.1,157.2,398.0,6.6,1
72,Female,15.0,43.3,90.3,30.6,35.1,5.4,7.3,305.7,100.9,160.2,400.2,9.4,0
18,Male,13.5,44.4,88.1,28.4,32.4,4.7,5.3,225.4,98.3,178.1,398.4,6.8,1
0,Male,11.0,44.4,88.1,28.4,32.5,4.7,6.4,254.6,98.4,178.3,398.3,6.6,1
14,Male,16.0,47.5,91.0,30.6,34.3,5.93,6.3,150.0,100.3,180.5,400.3,9.7,0
14,Female,12.2,40.5,88.1,28.3,32.2,4.2,7.1,365.2,98.4,157.2,398.3,7.0,1
84,Female,14.0,43.4,90.0,30.7,34.0,5.4,9.7,186.5,101.1,160.2,401.1,8.7,0
19,Male,15.8,46.6,90.8,31.3,34.5,5.6,9.5,246.4,100.2,180.6,400.0,8.6,0
16,Male,15.7,46.8,90.5,30.7,35.0,6.1,8.2,359.5,101.1,181.1,400.8,9.5,0
10,Male,11.0,44.3,88.3,28.3,32.4,4.7,7.3,272.6,98.2,178.1,398.0,6.5,1
77,Female,13.9,42.6,91.1,30.4,34.0,5.4,5.7,328.7,100.4,159.7,400.2,9.5,0
11,Female,12.6,43.2,90.7,30.0,34.9,5.4,7.8,241.6,101.0,160.3,401.2,8.5,0
8,Female,11.0,40.3,88.0,28.2,32.3,4.2,5.6,266.2,98.4,157.2,398.2,6.6,1
48,Female,12.0,40.2,88.4,28.1,32.1,4.2,5.2,258.1,98.5,157.1,398.2,6.9,1
18,Male,13.6,44.0,88.5,28.1,32.1,4.7,8.4,222.4,98.2,178.3,398.5,6.9,1
84,Male,16.7,46.9,90.8,30.9,34.1,6.1,4.5,258.8,100.8,180.9,400.9,9.8,0
13,Male,16.6,47.4,91.3,31.4,35.2,6.09,5.9,182.5,100.0,180.8,400.8,9.3,0
11,Female,11.0,40.4,88.4,28.2,32.1,4.2,10.0,213.4,98.3,157.4,398.0,7.0,1
54,Female,12.0,40.2,88.3,28.3,32.3,4.2,8.6,265.4,98.4,157.1,398.1,6.5,1
25,Male,14.1,45.5,90.3,28.8,33.7,5.25,7.3,300.0,100.1,179.6,399.7,8.7,0
39,Male,16.6,46.8,91.2,30.7,35.2,6.1,8.3,286.8,100.1,180.3,401.5,9.5,0
62,Female,12.1,40.1,88.4,28.2,32.2,4.2,5.2,154.6,98.1,157.2,398.5,6.7,1
9,Male,12.3,46.5,90.8,31.3,35.0,6.05,7.1,288.4,100.4,180.1,401.1,8.7,0
14,Female,14.5,42.1,90.2,31.3,35.5,5.4,7.7,308.5,101.4,159.4,400.8,9.1,0
17,Male,16.2,47.2,91.1,30.9,35.0,5.43,8.5,179.6,100.0,180.0,401.3,9.5,0
86,Female,14.0,42.6,91.4,30.2,34.3,4.54,8.1,292.4,99.1,158.7,398.9,7.3,1
11,Female,12.4,42.2,91.4,31.5,34.6,5.4,5.8,266.4,100.4,159.5,400.9,9.4,0
20,Female,15.1,42.1,90.2,30.2,34.3,5.4,8.7,306.4,101.4,159.6,400.0,9.5,0
16,Female,14.2,42.3,90.9,31.0,34.7,5.12,9.2,239.2,101.3,159.6,401.2,10.0,0
12,Male,14.0,44.2,88.2,28.2,32.2,4.7,7.1,249.7,98.1,178.1,398.1,6.8,1
63,Female,13.8,42.6,91.0,31.1,35.0,5.24,7.8,329.6,101.3,159.7,400.3,9.5,0
53,Male,13.8,44.0,88.1,28.2,32.1,4.7,7.6,265.9,98.2,178.2,398.4,6.7,1
15,Male,16.6,47.3,90.8,31.1,34.2,5.92,7.4,150.0,101.4,181.3,400.2,8.8,0
47,Female,14.8,42.1,90.7,31.4,34.4,4.87,4.5,302.0,100.6,159.9,400.9,9.2,0
87,Female,15.0,42.9,90.2,30.6,34.4,5.4,11.0,262.6,100.4,160.2,401.4,9.7,0
76,Female,12.0,40.2,88.2,28.3,32.4,4.2,8.1,233.1,98.1,157.0,398.3,6.8,1
50,Female,12.0,40.3,88.2,28.2,32.1,4.2,9.7,313.0,98.3,157.2,398.5,6.7,1
3,Male,11.0,44.4,88.3,28.4,32.0,4.7,7.7,272.7,98.1,178.1,398.5,7.0,1
59,Female,12.0,40.5,88.1,28.4,32.4,4.2,6.9,253.5,98.1,157.2,398.5,6.9,1
70,Female,12.0,40.3,88.0,28.3,32.2,4.2,6.3,342.1,98.0,157.0,398.3,6.9,1
86,Male,16.7,47.2,91.1,28.9,34.0,5.26,4.5,188.9,101.1,180.9,399.1,9.3,1
19,Female,12.2,40.1,88.2,28.1,32.3,4.2,5.8,236.2,98.3,157.5,398.4,6.8,1
7,Female,13.5,42.3,91.4,30.2,35.1,5.4,6.7,193.3,100.5,159.6,401.1,9.5,0
31,Male,16.5,47.4,90.2,30.1,35.1,5.81,9.2,296.9,100.5,181.2,400.8,9.8,0
40,Male,15.5,47.3,90.0,31.1,34.5,6.1,6.0,242.0,101.2,180.1,401.4,8.6,0
69,Male,13.9,44.3,88.2,28.3,32.4,4.7,9.1,246.6,98.2,178.1,398.3,6.7,1
7,Male,13.2,46.3,90.5,31.3,35.1,5.54,6.3,246.7,100.7,181.0,400.2,8.9,0
13,Female,14.4,42.7,91.1,30.7,34.1,5.11,7.1,181.4,100.0,159.4,400.9,9.0,0
16,Female,14.5,42.6,90.5,30.8,34.5,5.4,8.1,319.4,101.1,160.1,401.2,8.8,0
8,Male,11.0,44.3,88.3,28.5,32.4,4.7,4.5,231.5,98.5,178.2,398.3,6.6,1
74,Male,13.8,44.2,88.1,28.4,32.4,4.7,5.1,182.6,98.0,178.0,398.3,6.5,1
51,Female,12.1,40.4,88.4,28.4,32.5,4.2,6.8,231.9,98.4,157.4,398.0,6.6,1
46,Female,14.3,42.2,90.4,30.0,34.5,5.4,8.2,183.9,100.1,159.0,400.7,9.2,0
16,Male,14.1,46.5,89.5,28.6,33.8,4.98,8.6,304.9,99.8,180.5,401.1,7.2,1
13,Female,12.0,40.1,88.2,28.4,32.3,4.2,4.5,276.8,98.2,157.0,398.1,6.8,1
87,Female,14.6,43.1,90.8,31.4,34.9,5.4,6.4,303.3,100.5,159.8,400.9,8.8,0
70,Male,16.9,46.0,90.5,30.4,34.1,6.01,8.3,264.3,101.5,181.2,400.7,9.6,0
67,Female,12.0,40.2,88.1,28.1,32.5,4.2,7.1,297.5,98.5,157.5,398.3,6.8,1
19,Male,16.1,47.3,90.3,30.8,34.0,6.1,9.8,309.5,100.1,180.3,400.1,8.9,0
61,Female,12.0,40.5,88.1,28.5,32.3,4.2,8.1,198.9,98.3,157.2,398.0,6.8,1
86,Female,14.8,43.2,90.6,31.5,34.5,5.4,5.2,218.6,100.5,159.3,400.2,9.0,0
14,Female,14.7,40.7,91.4,30.4,32.5,3.62,8.6,325.9,101.1,160.1,400.4,7.9,0
78,Male,14.5,45.6,91.0,28.6,33.4,5.43,5.5,267.6,101.3,180.7,398.7,8.3,1
72,Female,14.8,42.8,91.4,31.3,34.5,5.4,7.4,293.0,100.8,160.0,400.2,8.6,0
66,Female,14.1,41.9,91.1,31.2,34.8,5.02,6.9,275.6,98.7,159.4,400.4,8.6,1
2,Male,12.7,45.3,91.2,31.1,34.7,5.75,5.7,206.5,98.6,180.0,399.9,7.7,1
16,Female,15.2,43.2,90.4,30.3,34.4,5.4,8.9,200.2,101.4,160.2,400.9,8.8,0
76,Male,13.6,44.1,88.4,28.3,32.2,4.7,5.8,256.4,98.4,178.2,398.2,6.9,1
55,Male,15.7,46.1,90.9,31.1,34.6,6.1,7.5,257.8,100.1,180.3,400.1,9.8,0
53,Male,13.9,44.3,88.3,28.3,32.2,4.7,6.2,278.8,98.2,178.1,398.4,6.7,1
45,Male,16.4,47.0,90.2,30.1,35.2,5.98,7.4,230.3,101.3,180.9,400.2,8.5,0
1,Female,11.0,40.2,88.3,28.0,32.1,4.2,7.1,273.0,98.4,157.1,398.4,6.8,1
7,Male,11.0,44.4,88.4,28.2,32.2,4.7,10.0,263.3,98.1,178.5,398.5,6.6,1
4,Female,12.5,42.8,90.9,30.2,34.1,5.09,8.4,240.3,100.8,160.1,400.3,8.7,0
19,Female,14.1,42.0,90.3,31.0,35.4,5.28,6.6,298.0,100.5,159.8,400.7,9.9,0
15,Male,15.9,46.5,90.8,30.3,35.2,6.1,6.8,192.2,101.2,180.5,400.9,8.6,0
43,Male,16.3,46.6,91.3,30.0,34.8,5.73,7.5,266.3,101.2,180.2,400.9,8.5,0
55,Male,13.8,44.1,88.3,28.1,32.2,4.7,5.9,283.5,98.2,178.3,398.3,6.9,1
2,Female,13.5,42.7,90.2,31.0,35.3,5.4,8.0,222.4,100.4,159.6,400.4,9.2,0
15,Male,13.8,44.4,88.1,28.5,32.1,4.7,7.1,216.0,98.0,178.2,398.4,6.9,1
9,Female,11.0,40.4,88.5,28.0,32.4,4.2,4.5,308.5,98.1,157.2,398.3,6.9,1
13,Female,15.0,42.0,89.1,30.0,34.5,5.41,8.7,428.8,99.2,157.7,398.7,8.1,1
23,Female,14.8,42.5,91.4,31.2,34.7,5.4,7.7,290.5,100.2,159.7,401.3,9.4,0
18,Male,13.7,44.3,88.2,28.2,32.2,4.7,7.1,272.3,98.1,178.4,398.4,6.6,1
45,Male,13.7,44.1,88.2,28.4,32.4,4.7,6.6,289.0,98.2,178.1,398.2,6.6,1
69,Female,14.5,42.0,90.6,31.1,34.3,5.4,5.5,245.9,101.5,160.5,400.8,9.4,0
29,Female,12.2,40.0,88.3,28.2,32.3,4.2,8.3,400.6,98.0,157.1,398.1,6.7,1
28,Male,16.6,46.3,91.1,31.0,35.1,5.68,6.3,219.7,100.5,181.2,401.1,9.9,0
10,Male,13.4,46.8,91.4,30.5,34.9,6.1,6.3,259.7,100.5,181.1,400.1,9.4,0
2,Male,11.0,44.3,88.1,28.1,32.5,4.7,6.6,187.7,98.2,178.2,398.4,6.8,1
16,Female,12.0,40.5,88.2,28.4,32.2,4.2,6.6,240.3,98.4,157.1,398.5,6.8,1
80,Female,13.9,43.5,90.3,30.3,35.4,5.4,6.1,294.8,101.3,160.2,400.8,9.6,0
77,Male,14.3,45.3,91.2,31.2,35.4,3.98,8.5,203.0,101.3,181.0,399.7,8.9,1
16,Male,16.6,46.7,90.5,30.7,35.1,6.1,7.1,217.9,100.0,180.7,401.3,9.0,0
20,Female,15.0,42.9,89.0,31.0,32.5,6.05,5.7,277.4,100.2,159.4,399.3,9.6,1
16,Male,13.7,44.4,88.4,28.4,32.1,4.7,5.6,198.4,98.4,178.4,398.0,6.7,1
89,Male,13.8,44.0,88.1,28.5,32.2,4.7,7.3,174.7,98.1,178.4,398.1,6.9,1
5,Male,11.7,44.6,91.4,28.7,35.3,5.4,5.8,257.6,101.3,179.0,401.1,7.6,1
5,Female,12.5,42.1,90.6,30.1,35.0,5.4,7.7,281.9,101.4,160.1,401.4,8.8,0
11,Male,12.4,46.0,89.1,30.3,34.6,5.73,7.8,230.6,100.1,178.8,398.9,9.6,1
90,Male,16.3,46.3,90.9,31.5,34.2,6.1,6.8,232.6,100.9,181.3,401.1,9.2,0
6,Female,13.3,42.6,91.3,31.0,35.0,5.13,4.9,151.0,101.1,159.9,400.1,9.0,0
19,Female,12.0,40.4,88.2,28.2,32.3,4.2,7.3,150.0,98.4,157.3,398.1,6.9,1
3,Male,11.0,44.3,88.3,28.4,32.1,4.7,7.6,227.1,98.0,178.1,398.1,6.8,1
8,Female,12.3,42.1,91.0,31.4,34.6,5.4,7.4,267.2,101.2,159.8,400.4,9.5,0
3,Male,11.0,44.4,88.0,28.4,32.3,4.7,4.5,150.0,98.1,178.5,398.2,6.8,1
42,Female,15.0,42.4,90.6,30.7,34.6,5.27,5.9,228.3,100.2,159.4,401.1,10.0,0
59,Male,13.6,44.2,88.4,28.5,32.0,4.7,7.7,375.2,98.1,178.4,398.2,6.6,1
59,Female,12.0,40.3,88.0,28.1,32.4,4.2,7.3,312.5,98.2,157.4,398.0,6.8,1
14,Male,14.0,44.1,88.0,28.4,32.1,4.7,5.7,220.7,98.4,178.3,398.1,6.8,1
70,Male,14.0,44.3,88.3,28.1,32.1,4.7,6.8,219.9,98.5,178.3,398.2,6.7,1
50,Female,14.9,40.9,89.4,31.0,33.4,4.97,9.5,274.9,101.3,157.6,401.3,9.5,1
15,Female,13.8,43.1,89.0,30.7,33.5,3.5,6.1,168.2,100.7,157.9,401.1,8.0,1
87,Female,12.2,40.2,88.4,28.3,32.1,4.2,8.9,233.5,98.5,157.3,398.2,6.6,1
5,Female,12.4,42.8,90.6,30.1,35.1,5.4,6.9,313.3,101.5,160.4,400.8,9.2,0
1,Female,12.6,42.4,90.3,30.1,34.9,5.4,7.6,194.3,101.5,159.1,400.7,9.6,0
71,Female,13.9,42.9,90.5,30.8,34.1,5.4,5.7,226.8,100.5,159.0,400.6,9.9,0
1,Male,13.2,46.4,90.6,30.1,34.2,5.85,7.0,239.2,100.2,180.5,401.4,8.7,0
17,Female,14.8,42.7,90.2,31.3,34.3,5.29,8.2,296.6,100.1,159.8,400.9,9.1,0
5,Female,11.0,40.5,88.1,28.1,32.3,4.2,6.5,217.0,98.2,157.5,398.2,6.6,1
44,Male,16.1,46.7,90.5,31.5,35.1,6.07,7.0,234.6,101.5,180.8,400.3,8.5,0
47,Female,12.0,40.3,88.2,28.0,32.3,4.2,5.6,218.9,98.3,157.3,398.2,6.7,1
57,Female,15.1,41.6,91.3,28.6,34.4,4.48,8.3,156.1,98.8,159.7,401.0,7.1,1
82,Male,16.9,46.3,90.0,30.9,34.8,6.1,6.9,214.6,100.4,180.4,400.3,9.0,0
18,Female,13.8,42.5,91.0,29.1,33.5,4.37,6.9,313.1,100.2,159.8,400.4,9.7,0
4,Female,12.4,42.2,90.4,30.9,35.3,5.4,5.1,258.6,100.4,159.2,400.6,9.4,0
63,Male,16.7,47.3,91.4,31.1,35.2,6.06,8.1,250.9,100.6,180.1,401.1,9.4,0
13,Female,12.0,40.4,88.0,28.1,32.1,4.2,6.2,188.4,98.1,157.5,398.3,6.7,1
46,Female,14.2,42.0,90.4,30.9,34.3,5.23,5.8,328.8,100.1,159.6,401.5,8.9,0
11,Female,11.0,40.1,88.2,28.2,32.0,4.2,6.2,239.7,98.4,157.4,398.1,6.6,1
77,Female,13.2,43.4,90.5,31.5,34.2,4.0,8.0,263.8,100.4,158.9,399.2,9.2,1
11,Female,11.0,40.4,88.5,28.2,32.3,4.2,10.1,204.2,98.4,157.5,398.3,6.9,1
70,Male,15.8,46.9,91.2,30.5,35.0,6.1,7.3,219.5,101.2,181.5,400.0,9.5,0
2,Female,10.8,42.9,89.7,28.5,34.9,6.05,5.7,253.6,101.4,158.4,400.6,8.5,0
64,Male,15.7,46.9,91.4,31.4,34.2,5.98,6.9,220.4,101.1,181.2,400.7,8.6,0
63,Male,15.6,46.5,89.4,29.6,35.4,5.73,6.4,240.1,100.3,178.7,399.0,7.6,1
2,Female,13.4,42.2,90.3,30.7,34.4,5.4,7.2,221.7,100.9,159.1,401.1,9.2,0
16,Male,16.4,46.7,90.1,30.0,34.2,6.1,9.5,353.9,100.0,180.7,401.4,9.1,0
56,Female,14.0,42.4,90.2,31.4,34.4,5.4,7.3,295.3,100.5,159.8,400.4,9.5,0
14,Male,16.1,46.3,91.4,30.3,34.0,5.43,9.3,307.3,100.5,180.5,400.5,9.5,0
6,Female,11.0,40.2,88.3,28.1,32.3,4.2,5.4,363.1,98.3,157.0,398.2,6.6,1
72,Male,16.9,46.6,90.5,31.4,34.9,5.97,6.0,299.4,100.3,180.8,400.8,9.7,0
28,Male,13.6,44.1,88.4,28.2,32.3,4.7,7.9,246.0,98.5,178.3,398.5,6.5,1
30,Female,12.0,40.1,88.0,28.5,32.4,4.2,6.8,304.9,98.3,157.5,398.4,6.6,1
38,Male,15.6,46.2,90.3,31.3,34.1,5.85,9.3,313.1,100.6,180.3,401.1,9.7,0
23,Female,12.0,40.1,88.4,28.3,32.5,4.2,6.6,229.0,98.3,157.1,398.2,6.6,1
82,Female,12.0,40.3,88.3,28.4,32.4,4.2,7.5,150.0,98.4,157.2,398.2,7.0,1
11,Female,12.7,42.8,91.4,29.1,35.2,5.85,10.9,253.7,100.6,160.2,400.2,7.7,1
17,Male,13.8,44.1,88.2,28.5,32.2,4.7,8.0,244.5,98.4,178.3,398.3,6.6,1
28,Male,13.7,44.1,88.4,28.2,32.5,4.7,7.6,319.7,98.4,178.5,398.4,7.0,1
49,Male,16.7,47.2,91.4,30.2,34.7,6.1,8.4,226.5,101.1,181.1,401.5,8.9,0
28,Female,14.0,42.9,90.0,31.2,34.4,5.4,6.2,256.3,100.3,159.4,401.3,9.2,0
6,Male,12.7,47.0,90.4,30.3,34.3,5.91,8.8,237.1,100.2,181.1,400.8,8.9,0
19,Female,14.2,41.9,90.8,30.6,34.2,6.21,8.4,236.3,99.9,158.2,400.4,8.5,1
39,Male,17.0,45.1,88.6,31.0,35.2,5.26,7.2,258.4,100.4,181.3,398.8,7.8,1
65,Female,15.1,43.0,90.2,31.4,34.3,5.4,10.4,219.9,101.0,159.3,400.5,8.7,0
2,Female,13.5,42.1,90.2,30.8,34.3,5.4,6.5,237.4,100.8,160.3,401.0,9.7,0
6,Male,12.7,47.1,90.2,30.2,34.5,6.1,5.0,286.2,100.8,180.8,401.0,8.8,0
17,Male,13.6,44.3,88.1,28.3,32.2,4.7,7.7,249.4,98.1,178.4,398.4,6.9,1
29,Male,15.5,46.9,91.4,31.5,34.7,6.1,8.2,351.0,101.0,181.3,401.1,9.2,0
17,Male,14.0,44.0,88.2,28.3,32.5,4.7,9.6,256.7,98.3,178.3,398.3,6.8,1
86,Male,16.4,46.8,90.2,31.0,34.7,5.73,6.8,150.0,100.1,181.4,401.0,8.7,0
53,Male,14.7,45.0,88.8,30.5,33.0,5.81,8.7,243.5,99.3,181.5,400.2,9.9,1
34,Male,16.7,47.2,90.8,31.3,35.1,6.1,7.8,233.9,101.2,181.4,400.1,9.4,0
40,Male,14.8,44.9,89.2,30.5,33.6,3.96,7.9,230.7,99.6,180.2,399.9,9.9,0
51,Female,14.8,42.9,90.1,30.5,35.5,5.4,5.3,237.8,101.3,159.2,400.2,9.2,0
25,Male,13.8,44.4,88.4,28.4,32.3,4.7,8.0,232.9,98.1,178.1,398.1,6.7,1
62,Male,16.8,44.7,89.8,29.8,34.4,4.11,6.2,280.3,99.6,180.5,398.7,9.0,0
4,Male,12.9,46.2,91.1,31.1,34.2,6.1,8.0,251.0,100.8,180.6,401.3,9.2,0
29,Female,12.0,40.3,88.3,28.4,32.1,4.2,9.6,313.5,98.5,157.0,398.2,6.9,1
45,Male,13.7,44.1,88.0,28.2,32.5,4.7,10.8,315.1,98.5,178.4,398.4,6.9,1
68,Female,12.0,40.3,88.4,28.2,32.3,4.2,6.1,299.5,98.2,157.4,398.4,6.9,1
18,Male,13.8,44.4,88.1,28.3,32.4,4.7,7.8,258.1,98.2,178.4,398.3,6.9,1
34,Male,15.9,46.2,90.7,30.5,35.0,6.1,6.2,241.2,101.3,180.1,401.4,9.5,0
83,Male,14.0,44.3,88.1,28.2,32.4,4.7,7.5,264.4,98.4,178.2,398.4,6.5,1
6,Female,13.2,42.4,90.3,30.2,34.4,5.04,9.1,333.1,100.9,160.0,401.2,9.9,0
90,Female,12.2,40.1,88.4,28.3,32.3,4.2,6.4,236.6,98.1,157.5,398.1,6.7,1
16,Female,12.8,41.1,90.9,30.5,33.5,5.69,7.4,223.8,100.3,160.1,401.4,8.0,0
83,Female,14.6,43.1,91.4,30.7,34.1,5.4,7.4,209.6,100.8,160.1,400.5,8.7,0
15,Female,12.0,40.4,88.1,28.2,32.1,4.2,7.0,336.3,98.4,157.3,398.5,6.8,1
7,Female,12.3,43.4,91.2,31.4,35.2,5.4,6.1,198.5,100.5,159.2,401.1,8.7,0
1,Male,12.4,46.1,91.1,30.7,35.0,6.05,8.1,221.9,101.2,181.0,400.4,9.4,0
7,Male,13.5,46.6,91.2,31.4,34.3,6.1,8.4,216.6,100.9,181.0,401.2,9.1,0
57,Male,13.5,44.3,88.1,28.4,32.2,4.7,5.6,263.0,98.4,178.2,398.4,6.6,1
5,Female,12.5,43.5,90.7,30.0,35.4,5.4,7.3,311.5,100.2,159.9,401.5,8.6,0
85,Female,14.9,42.0,90.1,31.3,34.1,5.4,8.4,223.7,101.3,160.4,400.1,9.1,0
17,Male,16.7,46.7,90.7,30.6,34.8,6.1,7.9,253.2,100.3,181.1,401.2,9.5,0
83,Male,13.5,44.3,88.3,28.1,32.4,4.7,7.1,190.0,98.2,178.3,398.1,6.5,1
57,Male,16.3,47.3,90.7,30.7,35.4,6.1,4.6,272.5,100.9,180.9,400.6,10.0,0
64,Male,16.0,45.0,89.0,31.1,34.4,4.36,6.8,175.7,101.2,180.0,399.0,9.5,0
13,Female,14.7,42.7,91.3,30.6,34.4,4.81,8.7,269.7,101.2,160.4,400.6,9.3,0
6,Male,12.5,47.4,90.9,30.6,34.7,6.1,7.4,193.7,100.8,180.9,400.0,9.8,0
1,Female,11.0,40.4,88.4,28.2,32.4,4.2,7.3,196.9,98.4,157.5,398.0,7.0,1
14,Male,16.9,46.4,91.3,31.4,35.0,6.1,7.8,244.0,101.1,180.1,401.4,9.2,0
30,Female,14.4,43.2,90.2,30.7,34.7,5.4,6.6,280.3,100.5,160.2,400.6,9.7,0
10,Female,13.0,43.3,91.0,30.2,35.3,5.4,6.7,331.1,101.1,159.7,401.1,9.8,0
61,Female,14.8,42.1,91.4,31.4,34.6,5.4,7.0,316.9,101.2,159.1,400.4,8.6,0
3,Female,12.8,41.1,91.2,29.0,34.1,5.22,8.8,222.6,98.9,159.1,399.5,7.0,0
66,Female,12.0,40.2,88.3,28.3,32.4,4.2,7.6,227.2,98.4,157.4,398.1,6.9,1
34,Female,12.0,40.4,88.5,28.2,32.4,4.2,5.3,240.9,98.2,157.2,398.2,6.8,1
18,Female,12.0,40.4,88.4,28.4,32.4,4.2,7.7,226.2,98.3,157.4,398.2,6.8,1
41,Male,13.9,44.1,88.2,28.1,32.4,4.7,4.5,191.7,98.2,178.2,398.2,6.6,1
1,Male,12.5,45.2,89.4,31.2,33.9,6.03,8.0,173.1,100.6,179.4,399.8,9.5,0
12,Female,14.1,42.1,91.5,30.4,34.2,5.4,7.2,231.1,100.9,160.0,400.8,9.7,0
3,Male,13.2,46.1,90.6,31.0,35.0,6.1,6.1,236.1,100.6,180.2,401.4,9.2,0
75,Male,15.5,46.2,90.1,30.2,34.6,5.91,8.9,274.4,100.6,180.6,400.5,9.2,0
69,Male,16.6,46.9,91.1,31.4,34.2,5.79,8.5,297.6,101.0,180.3,400.3,9.5,0
18,Female,14.5,43.2,90.2,30.1,34.6,5.4,7.3,306.4,101.3,160.2,400.4,8.8,0
43,Male,16.9,46.8,91.4,30.3,34.9,6.01,7.8,318.0,100.7,181.4,400.6,8.8,0
17,Male,13.9,44.4,88.4,28.4,32.2,4.7,9.2,213.2,98.4,178.4,398.4,6.5,1
8,Female,11.0,40.4,88.2,28.3,32.4,4.2,5.6,182.2,98.4,157.5,398.2,6.8,1
29,Female,14.5,42.1,91.1,30.4,34.6,5.4,7.0,295.9,101.4,159.8,400.2,9.3,0
19,Female,12.0,40.0,88.2,28.3,32.3,4.2,7.7,244.0,98.3,157.1,398.0,6.8,1
50,Male,15.8,46.2,89.8,30.4,32.6,6.63,5.9,231.6,99.1,180.3,400.8,7.5,1
12,Male,16.3,46.1,90.2,31.1,34.1,6.1,6.1,179.7,100.4,180.5,401.1,8.9,0
11,Male,12.5,46.1,91.2,30.7,34.1,6.1,7.2,233.1,101.5,180.4,400.2,8.7,0
15,Female,12.0,40.4,88.5,28.0,32.2,4.2,8.8,185.6,98.1,157.3,398.5,6.9,1
17,Female,13.9,43.0,90.6,31.5,34.1,4.98,8.6,289.8,100.7,159.4,400.5,9.0,0
13,Male,16.3,46.8,91.4,30.0,35.2,5.48,6.9,224.2,100.1,181.2,400.8,8.5,0
17,Female,14.2,43.2,88.8,29.1,34.9,4.99,7.1,215.9,101.3,158.0,398.7,9.8,0
61,Female,12.0,40.2,88.2,28.2,32.4,4.2,4.7,203.1,98.3,157.3,398.3,7.0,1
12,Male,15.9,47.3,90.3,31.4,34.0,6.1,7.3,250.6,100.1,180.8,401.5,9.3,0
29,Female,12.0,40.4,88.2,28.4,32.2,4.2,6.8,307.7,98.5,157.1,398.2,6.7,1
52,Male,13.7,44.4,88.2,28.4,32.1,4.7,8.8,162.3,98.3,178.3,398.3,6.7,1
42,Female,14.2,43.3,90.6,30.5,35.0,5.4,6.3,241.5,100.2,160.2,401.4,8.8,0
4,Male,11.0,44.3,88.1,28.2,32.2,4.7,6.6,273.6,98.4,178.5,398.4,6.8,1
54,Female,14.0,43.3,90.5,30.7,34.5,5.4,6.7,263.7,101.1,159.2,400.0,9.8,0
3,Male,12.3,46.4,90.7,30.9,34.8,6.1,7.7,165.4,100.1,180.6,401.1,9.5,0
7,Male,11.0,44.1,88.1,28.3,32.4,4.7,8.0,239.6,98.2,178.1,398.5,6.8,1
5,Female,11.6,43.3,89.1,29.8,35.2,6.26,10.4,234.7,100.8,158.6,401.0,9.8,1
12,Female,12.0,40.1,88.3,28.3,32.1,4.2,7.5,234.7,98.4,157.5,398.1,7.0,1
64,Female,14.5,43.0,91.1,30.1,34.0,5.4,5.0,240.6,101.5,160.2,400.9,9.6,0
3,Male,12.6,46.1,91.1,30.2,34.9,5.82,6.4,193.5,101.2,180.6,401.1,8.7,0
61,Female,14.9,42.5,90.9,30.9,35.0,5.4,6.0,260.8,101.0,159.3,400.6,9.3,0
90,Male,16.4,47.3,90.0,30.3,34.3,6.1,10.0,369.6,101.3,181.4,400.8,9.9,0
49,Male,16.9,46.8,90.4,30.5,34.4,6.1,8.9,242.2,100.6,180.4,401.5,9.0,0
5,Female,13.5,42.8,91.1,31.2,34.3,5.13,8.2,290.6,100.1,159.5,400.6,9.7,0
11,Male,11.0,44.4,88.4,28.4,32.0,4.7,8.2,283.4,98.4,178.4,398.3,7.0,1
85,Female,14.5,43.5,90.7,30.0,34.7,5.4,6.8,238.3,101.1,159.4,401.1,9.1,0
3,Female,11.0,40.3,88.4,28.3,32.2,4.2,4.9,201.5,98.3,157.1,398.1,6.9,1
70,Male,15.1,46.3,90.2,28.6,32.6,5.88,5.5,150.0,98.6,181.5,400.3,9.7,1
53,Female,12.0,40.2,88.4,28.2,32.0,4.2,5.4,186.1,98.1,157.1,398.1,6.9,1
11,Male,11.0,44.0,88.4,28.4,32.0,4.7,4.7,295.1,98.3,178.3,398.3,6.7,1
73,Female,12.1,40.4,88.2,28.3,32.0,4.2,4.6,176.9,98.1,157.2,398.0,6.6,1
4,Female,12.6,43.3,91.4,30.3,34.1,4.94,8.3,210.4,100.8,159.7,400.9,9.8,0
10,Male,13.2,46.2,91.1,31.0,35.4,5.5,6.8,239.8,100.4,180.4,401.4,8.9,0
15,Male,14.1,46.5,89.3,29.6,33.6,4.64,7.1,183.6,98.7,179.9,399.8,7.9,0
4,Male,13.2,46.9,89.2,29.0,34.0,6.02,4.5,213.1,99.9,181.4,401.3,9.8,1
23,Male,16.6,46.8,90.2,29.8,32.5,5.74,5.8,213.0,98.9,180.6,400.5,8.3,1
11,Male,11.0,44.3,88.5,28.2,32.3,4.7,5.8,240.7,98.0,178.3,398.1,6.5,1
14,Female,14.2,42.9,91.5,30.1,34.3,5.07,6.2,246.8,100.7,160.4,400.0,9.0,0
19,Male,15.3,47.3,91.3,29.7,34.4,6.26,7.2,183.8,98.8,180.0,398.9,9.3,1
13,Female,12.0,40.1,88.0,28.4,32.4,4.2,10.1,278.7,98.5,157.0,398.2,6.6,1
56,Female,13.9,43.1,90.4,30.1,34.6,5.4,6.7,153.7,100.3,159.6,400.5,9.2,0
40,Female,14.1,43.0,91.3,30.6,34.2,4.82,4.9,225.0,100.5,159.4,401.0,9.5,0
79,Male,15.6,46.5,91.3,31.2,35.0,6.1,7.3,342.7,101.5,181.0,400.9,9.1,0
17,Female,14.6,43.2,91.4,30.4,34.9,5.4,6.1,315.9,101.1,159.6,400.2,8.7,0
47,Female,13.5,42.4,88.9,29.7,34.1,5.69,8.7,271.5,98.7,158.1,401.3,9.0,0
18,Male,16.2,46.5,90.4,31.5,34.2,6.1,5.4,292.3,100.1,180.6,401.4,8.5,0
13,Female,14.8,43.0,91.4,30.5,34.2,5.4,5.3,213.9,100.7,159.2,400.4,9.1,0
18,Female,15.0,42.2,91.2,31.0,33.7,3.45,4.5,150.0,99.6,158.2,400.0,9.3,1
13,Female,14.0,40.8,90.5,30.5,34.4,4.07,5.7,338.0,100.1,159.6,399.6,10.0,0
15,Female,12.1,40.3,88.4,28.3,32.1,4.2,8.2,373.6,98.5,157.3,398.3,6.7,1
51,Male,13.7,44.1,88.2,28.3,32.5,4.7,5.8,289.5,98.5,178.3,398.2,6.7,1
19,Female,13.4,43.3,88.7,29.2,35.4,4.02,7.7,288.6,101.0,159.5,399.7,9.9,1
18,Male,16.2,47.2,90.8,30.5,34.4,5.46,4.8,272.2,100.2,181.0,401.0,9.6,0
80,Male,13.6,44.1,88.1,28.0,32.2,4.7,5.1,184.4,98.0,178.1,398.1,6.9,1
40,Female,12.0,40.1,88.3,28.1,32.5,4.2,9.0,191.3,98.4,157.0,398.0,6.6,1
17,Male,14.0,44.5,88.3,28.3,32.3,4.7,9.6,242.6,98.5,178.0,398.1,6.6,1
16,Female,13.9,42.5,90.6,31.2,34.6,4.87,9.1,306.6,101.2,159.6,400.1,9.3,0
11,Male,13.2,46.4,88.6,30.5,33.0,4.44,9.0,223.0,98.8,180.0,401.2,8.4,0
43,Male,13.6,44.2,88.5,28.5,32.1,4.7,8.3,216.1,98.4,178.2,398.3,6.9,1
14,Female,13.5,42.0,90.2,30.4,33.9,5.45,7.5,223.4,100.4,157.5,399.9,8.1,0
12,Male,16.7,47.5,90.3,31.4,34.1,5.92,8.7,293.8,100.8,180.2,400.8,7.8,1
12,Male,16.1,46.1,90.5,30.2,35.2,6.1,4.5,260.7,100.1,180.8,401.2,9.6,0
66,Female,14.8,42.1,91.4,31.0,34.1,6.23,7.7,177.7,100.6,157.7,400.0,7.5,0
16,Female,13.2,41.7,90.4,28.6,35.3,4.23,9.9,247.5,99.6,159.4,400.0,8.4,0
20,Female,14.5,43.1,89.5,28.7,34.4,3.58,8.3,210.5,101.0,160.3,401.0,7.6,0
47,Female,12.1,40.3,88.3,28.4,32.5,4.2,5.1,263.4,98.2,157.1,398.0,6.9,1
5,Male,13.2,47.4,88.7,30.1,32.6,4.89,6.7,279.2,100.6,180.1,400.3,10.0,1
80,Male,16.4,46.1,90.3,30.4,35.1,5.65,6.9,228.6,101.5,180.2,400.2,9.6,0
16,Male,13.7,44.1,88.2,28.4,32.1,4.7,7.8,267.4,98.3,178.3,398.4,6.9,1
0,Female,12.4,43.5,91.4,31.4,35.3,5.4,6.6,216.6,100.8,160.5,400.7,9.3,0
75,Male,14.0,44.1,88.2,28.2,32.1,4.7,7.2,261.1,98.0,178.3,398.1,6.9,1
67,Female,13.5,43.0,89.5,30.7,35.4,4.23,4.5,299.5,100.0,158.2,399.8,8.9,1
56,Male,13.8,44.3,88.4,28.1,32.2,4.7,8.0,257.0,98.4,178.3,398.3,7.0,1
0,Male,13.5,46.6,90.7,31.1,35.3,6.1,4.9,162.0,101.0,180.0,400.9,9.0,0
19,Male,16.7,47.1,91.2,30.9,35.5,4.72,6.7,314.5,99.3,180.5,398.5,7.6,0
58,Male,16.9,47.3,90.5,31.1,35.3,6.1,5.4,242.9,100.2,181.0,400.7,8.6,0
43,Male,16.6,46.9,91.5,31.5,35.3,6.1,9.1,218.6,101.4,180.0,400.8,8.8,0
12,Male,16.9,46.3,90.9,30.6,34.1,5.92,8.3,193.9,101.4,180.4,401.2,8.6,0
66,Female,12.7,43.0,90.9,28.6,33.2,3.38,6.0,312.8,100.6,159.1,399.2,8.5,1
38,Male,15.9,46.5,90.5,31.4,35.2,6.09,7.8,223.5,100.2,180.3,400.5,9.8,0
60,Male,16.2,47.1,90.1,30.1,34.6,5.69,7.2,284.4,100.4,181.1,400.6,8.7,0
9,Male,11.0,44.4,88.4,28.4,32.5,4.7,4.6,226.0,98.2,178.2,398.4,6.5,1
37,Male,13.8,44.1,88.1,28.0,32.1,4.7,6.6,349.0,98.4,178.0,398.4,6.9,1
5,Male,13.4,46.4,91.5,30.9,34.9,6.1,7.8,303.6,100.2,180.5,401.4,8.8,0
59,Male,13.9,44.4,88.3,28.2,32.2,4.7,6.9,264.8,98.0,178.1,398.5,6.7,1
20,Female,14.4,43.2,91.3,30.4,34.4,5.4,7.2,234.1,101.1,159.5,400.7,9.4,0
57,Female,14.6,43.3,90.5,30.8,35.0,5.11,7.2,264.4,100.1,160.3,401.4,9.7,0
87,Male,16.8,47.5,91.4,31.3,34.0,6.1,8.1,174.7,100.1,181.2,400.2,9.1,0
87,Male,13.6,44.0,88.5,28.5,32.2,4.7,7.7,206.8,98.4,178.2,398.1,6.7,1
19,Female,14.2,43.2,91.4,30.1,35.2,5.4,8.1,210.5,101.1,159.2,400.8,9.6,0
35,Female,14.7,42.0,91.2,30.4,34.4,5.32,5.8,294.2,100.4,159.8,400.7,9.9,0
82,Male,13.9,44.3,88.5,28.2,32.3,4.7,8.9,210.1,98.0,178.4,398.3,6.5,1
61,Male,13.5,44.3,88.2,28.4,32.2,4.7,6.1,302.4,98.2,178.3,398.0,6.8,1
0,Male,12.5,46.0,90.8,31.5,34.6,5.94,7.4,150.0,100.7,181.3,400.8,9.3,0
17,Male,13.5,44.2,88.4,28.1,32.1,4.7,9.1,278.8,98.4,178.3,398.3,6.7,1
35,Male,13.6,44.3,88.3,28.2,32.4,4.7,6.8,189.9,98.5,178.4,398.2,6.6,1
59,Female,12.7,43.0,90.9,31.0,33.7,4.38,7.1,277.1,101.2,158.3,400.1,9.0,0
18,Female,14.2,42.9,89.5,30.8,34.3,5.52,4.9,240.1,101.5,159.9,400.8,9.8,1
39,Male,17.0,46.4,91.1,30.7,35.0,5.71,7.6,248.8,100.3,181.0,400.9,9.3,0
7,Female,12.3,42.6,91.2,30.4,35.4,5.4,10.8,305.8,101.3,159.7,400.6,9.4,0
10,Male,11.0,44.2,88.3,28.1,32.3,4.7,4.6,388.6,98.2,178.4,398.4,6.9,1
61,Female,12.0,40.3,88.2,28.0,32.0,4.2,6.8,265.6,98.0,157.4,398.4,6.9,1
15,Male,16.5,46.1,91.2,30.3,34.9,6.1,8.4,240.4,100.7,180.1,401.4,9.9,0
79,Male,16.3,47.2,90.3,30.6,35.2,6.1,6.4,246.0,101.1,181.5,400.9,9.8,0
5,Female,12.5,43.1,89.2,29.8,35.2,4.37,7.3,274.4,100.7,159.5,400.8,9.6,1
12,Male,15.9,46.8,91.0,31.4,35.2,6.1,7.6,257.4,100.4,180.0,400.4,8.8,0
15,Female,15.2,43.3,91.2,31.1,35.3,5.4,4.8,318.1,100.2,159.7,401.4,9.4,0
7,Female,13.0,43.3,90.4,30.2,34.4,4.95,5.4,209.3,101.4,159.0,400.9,9.9,0
16,Male,13.8,44.5,88.5,28.3,32.4,4.7,6.4,328.5,98.2,178.1,398.5,6.9,1
14,Female,12.0,40.3,88.2,28.2,32.2,4.2,4.5,271.5,98.1,157.3,398.3,6.7,1
10,Female,13.4,43.3,90.9,31.4,34.9,5.16,7.4,177.5,101.4,159.1,400.9,9.7,0
65,Female,12.2,40.3,88.0,28.2,32.3,4.2,6.7,349.7,98.1,157.2,398.3,6.9,1
12,Male,16.6,46.0,90.8,30.3,34.8,4.23,5.1,178.7,98.8,181.2,399.3,9.3,1
17,Male,13.6,44.3,88.1,28.2,32.3,4.7,4.8,197.9,98.2,178.3,398.2,6.6,1
10,Male,11.0,44.5,88.1,28.0,32.1,4.7,5.8,244.1,98.1,178.0,398.2,6.6,1
84,Female,12.0,40.2,88.1,28.0,32.1,4.2,5.7,273.5,98.0,157.0,398.4,6.7,1
78,Female,12.0,40.5,88.1,28.2,32.4,4.2,6.4,261.8,98.2,157.1,398.2,6.5,1
15,Female,12.1,40.2,88.4,28.1,32.3,4.2,5.7,262.3,98.5,157.4,398.1,6.9,1
62,Female,14.8,43.0,90.5,31.4,34.9,5.4,8.5,253.6,100.1,159.6,401.3,8.6,0
8,Male,13.0,47.3,89.7,31.4,34.9,4.33,8.0,219.8,99.9,180.8,399.9,8.9,1
16,Female,15.0,42.5,90.6,31.4,34.6,4.81,5.1,307.8,100.7,159.8,400.6,9.7,0
2,Male,12.6,46.6,90.3,31.3,34.2,6.08,9.4,293.8,100.6,181.3,400.9,9.2,0
36,Male,13.8,44.1,88.3,28.3,32.3,4.7,5.6,274.7,98.2,178.4,398.3,7.0,1
80,Male,16.4,47.1,90.8,31.2,35.1,6.1,7.0,253.6,101.1,181.2,400.6,9.2,0
11,Female,12.5,42.0,90.5,30.4,35.2,5.36,6.1,186.4,100.9,160.5,400.5,8.6,0
16,Female,13.9,42.0,90.8,31.0,34.2,5.4,5.4,264.9,100.6,160.1,400.0,8.7,0
18,Female,13.9,42.9,90.4,31.2,34.1,5.4,9.4,238.8,101.4,159.6,401.1,9.6,0
59,Male,15.0,45.0,91.0,31.1,35.4,6.56,6.9,328.4,100.7,180.3,400.8,9.1,1
75,Male,14.0,44.5,88.1,28.1,32.1,4.7,7.2,325.0,98.5,178.3,398.2,6.9,1
61,Male,15.5,46.6,90.5,30.5,34.7,6.1,7.9,258.1,100.8,180.7,400.3,9.6,0
10,Female,12.8,43.2,91.0,31.2,34.9,5.19,7.8,271.1,101.2,159.1,401.1,8.6,0
75,Female,14.2,43.4,91.4,31.0,35.4,5.4,8.7,167.5,100.3,160.0,400.1,9.7,0
63,Male,17.0,46.1,90.6,30.2,34.1,6.1,9.0,233.5,100.4,180.4,400.4,9.4,0
0,Female,11.0,40.4,88.3,28.3,32.5,4.2,7.4,184.3,98.4,157.1,398.1,6.5,1
75,Male,16.3,46.0,90.7,30.5,35.0,6.1,8.1,183.2,100.1,180.2,401.0,9.6,0
18,Male,16.3,46.1,91.0,30.1,35.2,6.1,5.9,193.9,100.7,180.9,400.4,9.4,0
69,Male,15.7,46.2,90.1,31.0,34.9,6.1,8.6,289.7,100.3,180.9,400.9,9.9,0
57,Male,13.7,44.1,88.3,28.2,32.1,4.7,7.4,179.3,98.3,178.1,398.3,6.7,1
17,Male,16.5,46.0,90.1,30.1,34.6,6.1,6.6,272.7,100.9,181.2,400.4,9.1,0
56,Male,13.7,44.3,88.3,28.3,32.3,4.7,4.5,219.2,98.3,178.5,398.2,6.8,1
77,Male,17.0,46.8,90.0,30.8,35.3,6.1,5.9,271.3,101.0,181.1,400.9,9.8,0
18,Male,13.5,44.2,88.4,28.2,32.0,4.7,6.7,210.3,98.3,178.3,398.4,6.7,1
11,Female,11.0,40.1,88.2,28.3,32.0,4.2,8.7,308.9,98.4,157.2,398.2,6.8,1
74,Male,16.5,46.7,91.2,31.2,34.3,5.47,4.5,231.8,100.2,180.4,400.5,9.1,0
13,Female,14.5,43.1,91.2,30.8,34.3,5.4,5.9,294.5,101.2,159.5,400.5,9.8,0
26,Male,16.3,47.5,90.2,30.6,35.4,6.1,9.4,208.1,100.1,181.1,401.5,9.3,0
65,Male,14.2,44.6,89.8,30.4,35.0,6.59,5.9,312.2,101.1,181.0,400.5,9.7,1
24,Female,12.1,40.4,88.1,28.1,32.3,4.2,5.0,233.3,98.3,157.3,398.4,6.8,1
43,Female,12.2,40.2,88.2,28.3,32.1,4.2,7.5,268.8,98.3,157.2,398.3,6.6,1
69,Female,12.0,40.4,88.1,28.1,32.0,4.2,7.1,237.4,98.2,157.3,398.5,6.5,1
16,Male,14.0,44.3,88.3,28.4,32.1,4.7,6.8,275.9,98.4,178.4,398.3,6.7,1
0,Male,11.0,44.1,88.1,28.1,32.0,4.7,7.4,150.0,98.2,178.3,398.1,6.9,1
11,Female,11.0,40.4,88.3,28.0,32.1,4.2,7.0,304.9,98.2,157.3,398.4,6.8,1
3,Female,13.5,43.3,91.1,31.3,34.5,5.32,4.5,288.3,101.3,159.5,400.2,9.5,0
13,Female,13.8,42.5,90.0,30.0,33.9,5.06,10.7,188.7,98.7,158.7,401.4,8.6,1
70,Male,16.0,47.1,91.0,30.9,34.9,6.1,8.5,234.9,100.2,181.3,400.5,8.7,0
11,Male,13.5,47.2,91.3,30.8,35.2,5.86,4.6,204.8,100.7,180.4,401.4,9.0,0
67,Male,15.8,46.7,91.5,31.2,35.1,5.68,6.0,310.3,100.8,180.9,400.9,9.6,0
67,Female,13.8,42.8,90.9,31.1,34.6,5.4,4.5,301.0,101.1,160.4,401.2,9.9,0
15,Male,15.7,47.3,90.7,31.4,34.7,5.81,5.5,254.0,100.6,180.9,400.4,8.8,0
48,Female,12.9,40.8,90.7,31.3,33.4,4.81,6.6,249.9,99.4,158.1,398.5,7.4,1
5,Female,11.0,40.4,88.4,28.1,32.3,4.2,5.9,287.0,98.1,157.3,398.3,6.8,1
48,Male,13.7,44.2,88.1,28.3,32.5,4.7,4.5,260.3,98.5,178.1,398.1,6.6,1
87,Male,16.3,46.2,90.7,30.8,35.4,5.95,7.1,269.1,100.4,180.3,400.2,9.2,0
16,Male,15.9,46.7,91.1,31.5,34.7,6.1,11.0,325.1,100.8,180.0,400.0,8.6,0
2,Male,11.0,44.2,88.4,28.4,32.1,4.7,6.8,316.7,98.2,178.4,398.5,6.6,1
13,Male,16.6,46.5,90.3,30.6,35.2,6.1,7.2,250.6,100.6,180.9,400.5,9.1,0
87,Female,12.1,40.4,88.2,28.3,32.1,4.2,7.9,261.9,98.0,157.3,398.4,6.8,1
17,Male,14.0,44.4,88.0,28.1,32.1,4.7,6.2,200.9,98.0,178.1,398.1,6.9,1
5,Male,12.4,46.8,90.6,31.5,34.2,6.0,6.1,287.8,100.3,181.0,401.4,9.3,0
3,Female,11.0,40.2,88.1,28.4,32.2,4.2,5.9,253.4,98.2,157.2,398.1,7.0,1
76,Male,13.6,44.1,88.4,28.3,32.2,4.7,5.8,213.4,98.3,178.1,398.2,6.7,1
15,Female,14.9,43.1,91.5,31.2,34.2,5.28,5.4,243.2,101.2,159.8,401.4,9.4,0
8,Female,12.8,42.4,90.9,31.1,35.2,5.32,6.8,317.7,100.2,160.3,400.8,9.4,0
1,Female,11.0,40.2,88.0,28.2,32.4,4.2,6.9,292.7,98.3,157.1,398.3,6.5,1
8,Male,13.5,46.9,90.5,30.6,34.6,6.1,8.7,242.3,101.4,180.5,400.8,8.6,0
74,Male,13.5,44.3,88.2,28.4,32.1,4.7,7.8,325.3,98.2,178.2,398.4,6.6,1
6,Male,12.7,47.1,90.7,31.2,34.1,6.1,4.5,294.2,100.5,181.3,400.0,9.5,0
28,Female,13.9,42.6,91.2,31.3,35.2,5.26,9.6,252.4,100.2,159.9,401.1,9.8,0
63,Female,15.2,42.0,90.5,31.2,34.8,5.27,8.2,226.5,100.2,159.7,401.3,10.0,0
14,Male,15.9,46.1,90.0,30.2,35.2,6.1,7.7,150.0,100.2,180.8,400.2,9.4,0
17,Male,16.3,46.5,91.0,31.4,34.7,6.1,5.9,264.6,100.4,181.4,401.0,8.5,0
51,Female,14.3,42.6,90.5,30.2,34.7,5.4,7.8,313.3,100.7,160.3,401.1,8.7,0
53,Female,14.1,42.3,90.1,30.6,34.1,5.4,8.2,202.6,101.0,159.3,400.6,9.9,0
41,Male,16.0,47.3,90.6,30.8,35.0,5.92,6.7,156.9,100.3,180.4,400.1,9.0,0
57,Female,12.6,43.2,90.5,29.7,35.1,3.48,9.5,261.0,100.6,157.6,399.2,9.6,0
35,Male,15.7,46.3,91.3,31.3,35.4,5.51,10.2,276.1,101.1,181.0,401.2,9.0,0
78,Male,16.0,47.4,88.6,31.2,33.8,4.44,7.2,376.3,100.5,179.5,399.4,8.7,1
10,Female,11.0,40.2,88.2,28.2,32.0,4.2,4.5,233.6,98.4,157.4,398.1,6.5,1
59,Male,13.7,44.4,88.3,28.0,32.2,4.7,8.0,258.9,98.1,178.3,398.4,6.9,1
13,Male,13.8,44.2,88.5,28.4,32.1,4.7,4.6,184.7,98.2,178.3,398.3,6.9,1
15,Male,16.8,46.8,90.6,29.8,33.4,6.32,5.9,257.3,99.8,178.9,398.6,10.0,0
64,Male,13.9,44.1,88.3,28.4,32.3,4.7,6.0,222.0,98.4,178.1,398.4,6.7,1
71,Male,16.1,46.6,91.5,31.3,34.6,6.1,8.9,189.8,101.4,180.6,401.0,8.9,0
16,Male,16.1,47.0,90.4,30.0,34.8,6.1,7.1,273.8,100.7,180.9,401.4,9.7,0
81,Male,15.8,47.2,90.7,30.2,34.2,5.85,6.2,309.2,100.2,180.6,400.8,8.5,0
17,Male,15.8,47.0,90.6,31.5,35.0,6.1,7.6,234.4,100.5,181.5,400.2,9.3,0
14,Female,12.1,40.1,88.3,28.3,32.0,4.2,7.4,150.0,98.2,157.5,398.1,6.8,1
14,Female,14.5,43.1,90.1,30.8,34.2,5.4,5.9,288.2,101.3,159.5,400.3,9.2,0
1,Male,11.0,44.1,88.2,28.3,32.3,4.7,7.9,298.8,98.4,178.5,398.4,6.7,1
16,Female,14.2,42.8,91.0,31.2,34.7,5.48,6.6,236.0,100.8,158.2,400.2,7.8,0
79,Female,13.5,41.9,88.9,30.9,34.3,3.66,7.3,285.8,99.0,158.2,399.1,7.7,1
17,Male,13.9,44.5,88.4,28.3,32.5,4.7,5.9,267.0,98.2,178.4,398.4,6.6,1
80,Male,13.9,44.1,88.5,28.1,32.1,4.7,9.9,229.2,98.2,178.1,398.4,6.7,1
7,Female,13.4,42.3,90.3,31.1,34.8,5.4,7.9,271.5,100.4,159.8,401.2,9.8,0
17,Female,14.6,43.2,91.2,29.4,34.6,5.54,6.9,197.3,100.5,158.4,400.4,7.2,0
85,Female,14.5,42.2,90.8,31.1,34.4,5.35,6.3,196.1,101.3,159.4,400.0,9.3,0
23,Female,12.3,41.6,90.6,30.0,34.7,5.13,7.8,169.3,100.8,157.6,401.4,8.1,1
88,Female,14.3,42.1,91.4,30.0,35.1,5.4,6.3,239.1,100.4,159.5,400.7,9.3,0
69,Male,15.5,47.5,90.3,31.0,35.1,5.66,6.0,224.2,101.0,180.6,400.8,8.6,0
11,Female,11.0,40.3,88.3,28.4,32.0,4.2,5.3,255.2,98.1,157.2,398.3,7.0,1
90,Female,14.8,42.2,90.5,31.5,34.3,5.4,6.2,178.7,101.3,159.0,400.5,9.2,0
2,Male,13.4,47.3,91.3,30.5,35.0,5.87,7.2,233.2,100.0,180.6,400.5,9.5,0
18,Female,12.0,40.1,88.1,28.4,32.4,4.2,4.5,309.6,98.0,157.1,398.0,7.0,1
18,Female,12.0,40.2,88.4,28.1,32.2,4.2,6.3,255.8,98.5,157.0,398.5,6.8,1
52,Female,14.3,43.4,91.5,31.2,34.9,5.02,6.6,159.0,100.1,160.0,400.2,9.5,0
16,Male,13.6,44.1,88.1,28.4,32.4,4.7,8.2,255.2,98.5,178.4,398.2,6.7,1
42,Male,13.9,44.1,88.2,28.3,32.5,4.7,5.1,201.1,98.1,178.5,398.3,6.7,1
19,Male,15.9,47.1,90.7,30.4,34.7,5.51,6.0,287.1,101.1,180.1,401.4,8.8,0
66,Female,12.0,40.3,88.5,28.2,32.0,4.2,5.8,323.8,98.1,157.2,398.4,6.5,1
3,Female,12.9,43.5,90.0,30.6,34.3,5.4,8.2,206.1,101.3,159.3,400.2,9.8,0
15,Female,14.2,42.5,90.2,30.8,34.4,5.02,5.9,209.4,100.8,159.6,400.1,9.3,0
13,Female,14.3,43.4,91.5,31.0,34.3,5.4,9.4,248.9,101.0,159.8,401.0,8.5,0
45,Male,16.9,47.1,91.2,30.2,35.3,6.01,7.8,170.5,101.2,181.2,401.3,9.9,0
3,Male,12.6,46.0,90.2,31.4,35.3,6.1,9.5,300.7,100.3,181.4,400.6,9.1,0
4,Male,13.2,46.5,90.1,30.0,34.8,6.1,8.8,256.7,100.1,180.6,400.4,9.2,0
19,Female,14.1,42.4,91.5,31.3,34.3,5.21,7.2,294.0,101.0,160.1,400.3,9.9,0
27,Male,15.9,46.4,90.1,30.6,34.9,6.1,4.5,277.2,101.1,181.2,400.5,8.6,0
0,Female,11.0,40.0,88.2,28.2,32.1,4.2,6.4,250.2,98.1,157.2,398.2,6.8,1
54,Female,14.6,42.9,90.3,30.8,35.0,5.29,6.4,241.6,101.4,160.2,401.1,8.5,0
65,Female,15.0,43.0,90.0,30.4,34.5,5.4,6.2,320.6,100.2,159.6,401.2,9.2,0
15,Female,14.0,42.5,90.9,30.2,34.1,4.85,5.8,219.7,100.8,159.7,400.5,9.8,0
19,Female,13.2,41.4,89.9,30.2,33.8,5.8,8.2,150.0,101.1,158.3,400.7,8.8,1
88,Female,14.5,43.3,90.1,30.8,35.1,5.4,7.5,332.9,101.2,160.5,401.3,8.6,0
18,Female,13.9,43.5,91.5,31.2,34.7,5.4,6.3,170.2,100.6,159.1,400.7,9.2,0
88,Female,12.2,40.3,88.4,28.3,32.3,4.2,6.9,317.5,98.1,157.2,398.2,6.6,1
10,Female,13.5,42.4,90.6,30.6,35.3,5.4,9.0,239.1,100.1,159.1,400.0,9.5,0
18,Female,13.9,42.4,90.4,31.1,35.1,5.4,7.6,241.5,100.9,159.7,401.0,9.6,0
86,Male,15.8,47.4,90.1,31.4,34.3,5.85,4.5,240.9,101.0,181.5,400.9,9.6,0
13,Female,14.1,43.4,91.0,30.9,34.6,5.4,6.9,150.0,101.2,159.4,400.4,9.7,0
2,Female,13.0,43.2,91.2,30.5,34.0,5.4,6.4,263.4,101.1,159.0,400.0,9.3,0
69,Male,14.3,47.1,89.6,31.4,35.4,5.88,6.9,348.3,99.8,179.6,401.3,8.2,1
23,Female,13.5,42.3,88.7,31.2,35.0,6.24,5.6,235.8,100.5,157.9,399.4,7.6,1
61,Male,16.7,46.3,91.1,30.5,35.0,5.58,6.7,199.2,100.4,181.2,400.7,9.2,0
62,Female,13.9,41.9,90.6,30.9,35.1,6.19,10.2,320.8,100.2,160.2,400.8,8.5,0
80,Female,12.0,40.2,88.1,28.4,32.4,4.2,8.3,243.7,98.3,157.2,398.4,6.6,1
18,Male,15.5,45.6,90.1,30.7,34.1,5.91,8.5,285.6,100.4,181.1,399.4,9.5,0
77,Male,13.9,44.4,88.3,28.1,32.4,4.7,7.7,240.5,98.1,178.1,398.1,6.7,1
65,Female,12.0,40.3,88.1,28.1,32.3,4.2,8.7,272.6,98.1,157.0,398.0,7.0,1
49,Female,12.0,40.1,88.3,28.3,32.1,4.2,6.1,179.9,98.5,157.4,398.4,6.9,1
11,Female,11.0,40.4,88.1,28.3,32.3,4.2,7.6,354.4,98.0,157.3,398.4,6.9,1
71,Male,16.3,47.3,91.1,30.4,35.3,6.1,5.3,268.4,101.3,181.4,401.2,9.9,0
85,Male,13.5,44.1,88.1,28.4,32.4,4.7,8.2,350.0,98.4,178.1,398.3,6.7,1
48,Female,14.7,42.8,90.2,31.3,35.2,5.4,4.8,265.5,101.3,159.5,400.0,10.0,0
14,Female,13.8,42.1,90.5,30.3,35.1,5.4,8.9,314.8,100.0,159.8,401.2,9.5,0
19,Male,16.7,46.6,90.9,31.1,34.4,5.65,7.1,266.0,101.5,180.5,401.1,8.8,0
80,Female,14.4,43.2,90.1,31.2,35.4,5.4,6.9,242.4,100.2,159.4,401.2,8.6,0
18,Female,13.8,42.4,90.7,30.5,34.0,4.97,9.8,274.0,100.6,160.1,400.2,8.7,0
80,Female,12.0,40.1,88.3,28.3,32.3,4.2,4.6,279.3,98.5,157.1,398.3,6.7,1
16,Male,13.8,44.5,88.1,28.5,32.3,4.7,6.2,211.5,98.1,178.3,398.1,6.9,1
4,Male,12.5,47.2,91.0,30.8,34.7,6.1,6.7,232.2,100.5,181.2,401.5,8.9,0
45,Female,12.2,40.1,88.1,28.3,32.5,4.2,7.9,289.1,98.0,157.1,398.3,6.5,1
18,Female,12.0,40.4,88.1,28.2,32.3,4.2,6.2,262.1,98.5,157.2,398.3,6.5,1
18,Female,12.0,40.4,88.3,28.1,32.1,4.2,8.1,264.6,98.1,157.1,398.3,6.7,1
27,Male,16.6,46.6,89.7,29.6,32.7,5.08,7.9,227.1,99.4,180.2,400.4,8.8,1
17,Male,13.9,44.3,88.0,28.1,32.4,4.7,4.9,198.9,98.3,178.3,398.0,6.6,1
38,Male,13.9,44.2,88.1,28.3,32.5,4.7,6.6,263.4,98.5,178.3,398.1,6.6,1
88,Male,17.0,47.3,91.1,31.3,35.1,6.1,6.9,216.9,101.1,180.9,400.3,9.0,0
46,Male,16.6,47.2,91.4,30.6,35.0,6.1,8.5,253.2,100.0,180.4,400.8,8.8,0
0,Female,11.0,40.1,88.2,28.1,32.3,4.2,8.5,240.0,98.1,157.0,398.4,7.0,1
38,Male,16.2,46.8,90.3,31.4,34.3,6.01,7.2,189.9,100.5,180.7,400.3,8.6,0
44,Male,16.5,46.3,91.0,31.4,35.3,4.28,9.2,210.9,98.8,178.9,399.7,7.0,0
28,Male,13.8,44.4,88.1,28.1,32.2,4.7,5.4,252.7,98.2,178.4,398.2,6.6,1
11,Female,11.0,40.0,88.3,28.4,32.0,4.2,6.3,303.5,98.5,157.2,398.4,6.6,1
54,Female,12.1,40.4,88.3,28.3,32.2,4.2,7.0,313.6,98.1,157.5,398.4,6.7,1
37,Male,13.6,44.4,88.4,28.2,32.3,4.7,6.7,274.0,98.3,178.4,398.4,6.7,1
14,Female,12.1,40.2,88.4,28.1,32.4,4.2,5.7,234.9,98.5,157.2,398.2,6.6,1
21,Female,14.2,42.2,90.7,30.4,35.4,5.34,7.9,254.9,100.6,159.5,400.2,9.9,0
42,Male,15.6,46.3,91.3,30.9,35.0,5.68,7.3,257.7,100.8,181.4,401.3,9.6,0
86,Male,14.5,45.0,89.6,29.3,35.0,6.54,8.3,279.9,98.5,178.8,400.9,8.4,0
15,Female,12.1,40.4,88.0,28.5,32.4,4.2,5.8,243.3,98.5,157.4,398.0,6.8,1
27,Female,15.1,43.4,91.1,30.1,34.0,5.4,7.3,281.1,101.3,159.5,400.0,9.9,0
17,Male,15.7,46.8,91.4,30.6,35.3,5.4,8.0,236.5,100.1,180.9,400.7,9.9,0
84,Female,12.0,40.1,88.5,28.2,32.4,4.2,5.6,230.4,98.4,157.4,398.1,6.8,1
19,Male,13.6,44.2,88.1,28.2,32.3,4.7,7.2,283.3,98.2,178.3,398.0,6.9,1
48,Female,15.0,42.3,91.1,30.4,34.5,5.4,6.3,247.1,101.2,160.3,400.8,8.8,0
18,Male,16.3,47.4,90.9,31.3,35.0,6.1,6.9,308.2,101.3,180.4,400.2,9.8,0
15,Male,15.4,46.3,91.0,30.4,33.9,6.19,4.5,234.6,100.3,180.0,400.0,7.6,0
19,Female,12.1,40.3,88.5,28.2,32.0,4.2,4.5,220.1,98.3,157.1,398.1,6.7,1
55,Male,16.2,47.1,90.8,30.9,34.5,5.7,4.5,330.4,100.6,181.0,401.0,8.6,0
64,Female,12.0,40.3,88.4,28.0,32.4,4.2,6.3,166.7,98.4,157.2,398.4,6.7,1
35,Male,15.1,47.4,89.6,30.4,32.9,4.32,7.1,239.3,98.6,180.7,398.7,8.1,0
51,Female,15.1,43.5,90.5,31.2,35.3,5.02,5.4,272.1,100.7,160.3,401.2,9.4,0
89,Male,16.8,46.2,90.5,30.7,35.3,6.1,8.1,243.9,100.2,180.2,401.4,9.3,0
0,Male,11.0,44.0,88.4,28.2,32.5,4.7,10.5,259.6,98.1,178.1,398.5,6.6,1
58,Male,15.8,45.8,91.4,29.0,34.2,5.58,6.9,201.1,98.6,179.8,398.6,7.4,1
36,Male,17.0,47.4,90.5,31.5,34.7,6.1,7.0,174.7,101.4,181.4,401.0,9.7,0
8,Male,11.0,44.0,88.3,28.3,32.4,4.7,6.5,352.0,98.3,178.4,398.5,6.6,1
16,Female,14.0,42.7,91.0,30.5,35.1,5.4,5.8,242.1,100.0,159.6,400.1,9.7,0
14,Male,15.7,45.5,89.8,30.3,34.6,3.94,6.1,222.5,99.8,178.7,401.2,8.3,1
4,Male,11.6,45.0,90.5,30.1,33.3,6.84,9.3,200.9,101.2,181.4,401.2,8.8,0
14,Female,12.1,40.1,88.3,28.5,32.3,4.2,4.5,259.8,98.3,157.4,398.1,6.7,1
22,Male,16.6,47.1,90.4,30.4,34.7,5.43,6.0,302.0,101.3,181.2,401.0,9.0,0
45,Female,15.2,43.2,90.6,30.1,34.0,5.36,6.8,344.1,101.1,160.0,400.9,10.0,0
3,Female,11.0,40.2,88.5,28.3,32.2,4.2,7.8,246.6,98.4,157.2,398.4,7.0,1
19,Male,15.7,46.4,90.2,31.2,34.3,6.1,7.1,284.3,100.8,180.7,400.5,9.2,0
10,Female,11.0,40.2,88.4,28.1,32.2,4.2,8.0,188.1,98.1,157.1,398.0,6.8,1
73,Male,13.9,44.4,88.4,28.4,32.4,4.7,6.3,194.1,98.0,178.4,398.3,6.9,1
16,Male,16.2,45.0,89.5,29.8,35.5,6.24,4.5,246.8,99.0,179.0,399.5,8.6,1
0,Female,11.0,40.4,88.2,28.3,32.0,4.2,7.1,285.4,98.4,157.4,398.5,6.5,1
56,Male,15.3,45.7,90.6,28.8,33.8,6.79,7.6,282.6,101.4,178.8,399.3,7.4,0
48,Female,14.1,43.3,91.4,30.1,35.3,5.19,9.4,180.3,100.8,159.3,401.0,8.6,0
9,Female,12.8,43.3,91.5,30.5,35.1,5.4,8.0,209.4,100.5,159.6,400.7,9.8,0
14,Female,12.1,40.4,88.2,28.4,32.3,4.2,7.4,266.2,98.1,157.5,398.0,6.9,1
11,Female,13.4,42.2,90.3,31.3,35.1,5.4,6.6,198.2,100.4,159.0,400.4,9.1,0
3,Female,12.6,43.2,90.6,30.6,35.4,5.4,6.7,271.5,100.6,159.6,400.8,9.4,0
45,Male,13.6,44.5,88.1,28.0,32.5,4.7,7.5,278.9,98.1,178.4,398.0,6.8,1
13,Male,16.5,46.1,91.3,30.4,34.6,6.1,4.5,150.0,100.1,180.6,401.1,9.9,0
64,Male,15.9,47.4,91.0,31.2,34.1,6.1,4.5,262.4,100.4,180.9,401.1,8.5,0
2,Female,11.0,40.3,88.1,28.0,32.5,4.2,6.6,267.4,98.2,157.3,398.5,6.5,1
32,Male,16.0,46.3,91.4,30.5,35.2,6.1,8.2,262.6,100.3,180.9,401.2,8.9,0
69,Female,13.4,42.2,89.8,30.7,34.4,4.87,8.0,217.6,99.8,159.2,401.0,8.7,1
81,Female,14.5,42.6,91.0,30.1,34.8,5.4,7.0,189.1,101.2,159.8,400.5,9.1,0
87,Female,14.0,42.5,90.9,29.0,35.4,4.19,11.0,293.8,101.0,158.9,399.7,8.1,1
18,Female,12.0,40.3,88.4,28.1,32.1,4.2,5.0,306.4,98.1,157.1,398.1,6.7,1
22,Female,12.0,40.1,88.5,28.0,32.3,4.2,7.5,227.2,98.1,157.3,398.1,6.7,1
63,Male,13.8,44.2,88.1,28.4,32.5,4.7,10.9,264.2,98.4,178.5,398.5,6.8,1
12,Male,16.9,46.6,91.2,30.4,35.5,5.44,9.5,303.5,101.0,180.2,401.4,8.8,0
55,Male,13.9,44.4,88.1,28.1,32.0,4.7,6.9,217.1,98.1,178.2,398.1,6.8,1
7,Female,13.1,42.2,90.9,31.2,35.1,5.17,6.5,285.7,101.2,159.2,400.3,8.8,0
24,Male,13.6,44.0,88.1,28.4,32.4,4.7,6.9,276.8,98.1,178.3,398.2,6.5,1
15,Female,12.0,40.1,88.4,28.0,32.3,4.2,6.2,263.2,98.4,157.2,398.2,6.7,1
12,Male,13.8,44.4,88.5,28.5,32.2,4.7,6.2,299.0,98.0,178.2,398.4,6.6,1
33,Female,14.6,43.2,91.3,30.8,34.4,4.96,5.2,296.8,101.3,159.9,401.3,9.3,0
10,Female,11.2,42.5,90.8,30.8,34.3,3.59,6.2,206.7,101.3,157.8,400.1,9.7,1
0,Male,13.4,46.1,90.1,30.5,35.4,6.1,5.4,320.5,100.9,180.0,401.0,9.9,0
9,Female,13.5,42.8,91.0,30.6,35.0,5.19,4.9,234.2,100.1,159.9,401.3,8.5,0
61,Male,14.4,45.8,88.8,31.4,34.7,4.5,9.5,273.2,100.7,179.4,398.7,9.6,1
90,Female,12.0,40.2,88.5,28.2,32.3,4.2,5.6,252.8,98.5,157.2,398.1,6.9,1
64,Male,13.5,44.4,88.4,28.1,32.2,4.7,8.4,258.9,98.2,178.3,398.1,7.0,1
32,Male,13.7,44.2,88.2,28.3,32.4,4.7,6.3,304.0,98.1,178.0,398.2,6.8,1
45,Female,12.0,40.5,88.2,28.1,32.5,4.2,4.5,283.6,98.1,157.3,398.2,6.8,1
13,Female,15.0,41.3,89.8,31.4,33.7,6.05,7.8,269.2,100.8,158.6,399.3,9.1,0
17,Female,14.5,41.7,89.0,28.9,34.6,5.64,8.4,344.0,100.3,157.7,399.3,7.5,0
77,Male,13.8,44.4,88.1,28.0,32.2,4.7,6.8,258.3,98.1,178.4,398.4,6.5,1
2,Female,13.5,42.9,90.7,30.5,34.0,5.4,5.6,189.6,101.3,159.1,401.4,8.5,0
59,Male,16.4,46.1,91.1,30.2,35.0,6.1,8.3,304.3,100.4,181.4,400.3,9.9,0
4,Female,12.5,41.8,89.6,29.4,35.0,3.96,6.5,281.3,99.8,157.9,398.8,7.4,0
14,Male,14.2,45.6,90.6,28.8,34.2,5.71,5.0,314.2,101.3,181.5,401.0,7.3,0
77,Male,15.7,47.1,90.7,31.1,35.1,5.44,6.8,184.1,101.4,180.5,400.9,8.5,0
74,Female,14.3,41.0,90.9,30.3,33.0,5.15,6.2,185.8,98.9,159.9,398.8,7.1,0
49,Female,12.1,40.0,88.2,28.3,32.0,4.2,6.9,270.2,98.5,157.4,398.1,7.0,1
13,Male,16.0,47.2,90.8,31.0,34.9,5.63,6.4,271.7,101.4,180.4,401.1,8.9,0
20,Male,15.9,47.2,90.7,31.0,34.3,6.1,7.4,151.0,101.2,181.2,400.5,9.5,0
13,Male,16.6,47.0,91.2,30.4,34.9,6.09,6.0,301.3,101.0,181.3,400.6,8.6,0
5,Male,11.0,44.0,88.2,28.1,32.2,4.7,7.2,213.7,98.0,178.4,398.5,6.7,1
16,Female,15.1,42.6,91.4,30.1,34.2,5.4,6.4,254.3,100.9,159.5,401.3,9.3,0
8,Male,11.0,44.1,88.0,28.1,32.2,4.7,6.9,211.1,98.1,178.0,398.3,6.8,1
14,Female,13.9,42.7,91.0,31.3,34.6,5.27,4.5,181.7,100.2,159.6,401.1,9.1,0
13,Female,13.9,42.1,90.6,30.1,34.9,5.09,5.6,251.7,101.2,160.2,400.6,9.9,0
40,Female,12.0,40.2,88.3,28.2,32.2,4.2,7.0,277.5,98.4,157.4,398.2,6.8,1
11,Male,13.3,46.6,90.2,30.2,35.4,6.1,6.1,191.3,101.0,180.7,400.6,9.0,0
10,Male,11.0,44.1,88.2,28.1,32.3,4.7,6.5,182.4,98.3,178.3,398.1,7.0,1
36,Female,12.2,40.0,88.5,28.5,32.0,4.2,6.2,306.3,98.0,157.3,398.1,6.6,1
13,Female,13.7,43.1,91.3,29.7,33.6,5.14,8.0,167.2,99.7,158.9,400.9,7.3,0
25,Female,12.0,40.1,88.5,28.4,32.5,4.2,6.2,250.3,98.2,157.2,398.1,6.7,1
12,Female,12.2,40.4,88.4,28.0,32.1,4.2,7.6,278.8,98.0,157.2,398.3,6.9,1
5,Female,13.3,43.4,90.2,30.0,32.9,4.98,9.7,258.1,99.9,159.7,400.2,8.6,1
10,Female,11.0,40.0,88.3,28.1,32.4,4.2,8.3,289.3,98.3,157.2,398.2,6.8,1
57,Female,12.4,42.5,91.1,29.3,34.9,5.96,6.6,197.3,98.8,157.6,400.8,7.2,1
61,Male,13.8,44.4,88.5,28.5,32.2,4.7,6.7,213.2,98.3,178.5,398.1,6.5,1
15,Female,14.7,42.9,90.3,30.8,35.3,5.4,8.2,302.7,100.2,159.7,400.2,9.7,0
9,Male,11.5,46.0,88.7,28.9,33.6,6.62,8.6,332.1,101.4,180.8,401.5,8.4,1
18,Female,14.1,42.7,90.1,31.3,34.8,5.24,8.5,280.4,100.9,159.3,400.2,9.8,0
19,Female,12.0,40.2,88.4,28.4,32.3,4.2,5.8,150.0,98.2,157.1,398.3,6.8,1
10,Female,11.0,40.1,88.4,28.1,32.2,4.2,7.9,213.7,98.4,157.4,398.0,6.9,1
27,Female,12.2,40.3,88.1,28.0,32.4,4.2,8.3,298.2,98.5,157.0,398.3,6.8,1
45,Female,12.0,40.3,88.2,28.4,32.4,4.2,7.3,330.6,98.4,157.2,398.1,6.7,1
47,Male,13.7,44.1,88.3,28.2,32.5,4.7,5.9,281.3,98.4,178.3,398.2,6.9,1
84,Male,13.8,44.1,88.2,28.2,32.3,4.7,4.5,188.3,98.0,178.4,398.4,6.9,1
87,Female,12.1,40.4,88.1,28.1,32.2,4.2,7.9,255.7,98.1,157.4,398.1,6.8,1
50,Male,13.8,44.4,88.0,28.1,32.1,4.7,6.0,237.2,98.3,178.1,398.0,6.5,1
22,Female,12.0,40.1,88.5,28.4,32.3,4.2,5.4,190.6,98.1,157.5,398.3,6.6,1
15,Female,14.0,42.8,91.1,30.7,34.1,4.97,4.7,287.0,100.2,159.5,400.3,8.5,0
60,Female,12.2,40.1,88.0,28.3,32.1,4.2,8.4,340.3,98.2,157.1,398.0,6.6,1
49,Female,12.3,40.5,88.8,28.6,33.4,5.87,7.4,235.0,100.2,157.9,401.2,8.5,1
10,Female,12.7,43.4,88.6,31.5,32.8,5.17,6.8,253.1,99.5,158.9,401.2,9.1,1
39,Female,12.0,40.3,88.0,28.4,32.5,4.2,4.5,252.9,98.3,157.3,398.0,6.9,1
17,Male,15.8,45.3,90.8,31.5,35.4,4.26,7.8,305.2,100.8,179.6,399.5,8.3,1
69,Male,15.5,46.9,90.2,31.1,34.4,6.1,8.9,327.5,100.4,180.4,401.3,8.5,0
5,Female,11.0,40.2,88.2,28.3,32.5,4.2,7.4,165.6,98.2,157.0,398.5,6.7,1
1,Male,11.0,44.4,88.3,28.3,32.4,4.7,7.8,290.8,98.4,178.3,398.4,6.8,1
71,Female,12.1,40.1,88.3,28.1,32.4,4.2,8.0,171.8,98.4,157.0,398.3,7.0,1
35,Male,15.7,46.1,91.2,31.0,34.7,6.1,4.5,244.1,100.6,180.7,400.8,9.5,0
8,Male,13.1,46.4,90.7,30.5,34.9,6.1,9.9,301.3,100.8,180.1,400.3,9.2,0
21,Female,14.7,42.8,90.9,29.2,34.9,3.6,6.0,248.7,99.9,158.2,400.1,9.1,0
56,Male,13.8,44.1,88.1,28.0,32.1,4.7,8.4,285.3,98.4,178.1,398.3,6.6,1
15,Male,13.5,44.4,88.2,28.1,32.4,4.7,8.8,269.6,98.3,178.1,398.5,6.6,1
10,Female,12.0,43.1,90.6,30.7,33.3,4.67,4.7,279.7,101.5,158.8,399.6,9.6,0
2,Male,12.5,45.6,91.5,29.9,34.5,5.81,5.7,173.8,100.0,179.2,399.1,9.9,1
17,Female,14.1,43.4,90.7,30.2,35.2,5.33,6.1,212.4,100.1,159.1,400.9,9.8,0
19,Male,15.8,45.9,88.5,29.7,33.9,6.74,7.3,224.8,99.7,181.1,400.5,8.2,0
35,Female,12.0,40.3,88.1,28.5,32.2,4.2,5.3,220.3,98.4,157.4,398.4,6.7,1
15,Female,14.7,42.7,90.7,30.7,34.5,5.4,6.0,386.6,100.7,160.4,401.1,8.7,0
6,Male,11.0,44.1,88.2,28.2,32.2,4.7,6.8,281.4,98.0,178.0,398.0,7.0,1
5,Male,11.0,44.3,88.0,28.4,32.3,4.7,5.2,269.1,98.2,178.3,398.2,6.8,1
12,Male,16.2,47.4,90.5,30.8,34.1,5.62,8.4,267.3,100.7,180.8,400.7,9.5,0
13,Male,16.7,46.6,90.3,31.4,34.8,6.1,5.1,188.7,101.5,180.8,400.2,8.8,0
29,Male,13.5,44.4,88.3,28.2,32.1,4.7,7.1,249.7,98.3,178.0,398.1,6.7,1
83,Female,14.2,43.0,90.9,30.3,34.6,5.4,7.1,155.0,100.4,159.1,400.6,9.6,0
42,Female,14.5,43.3,90.5,31.1,34.7,5.4,6.0,239.3,101.4,160.3,400.5,9.9,0
14,Male,16.0,47.0,90.7,31.5,35.3,5.94,8.3,202.7,101.4,180.4,401.4,9.0,0
13,Female,14.0,41.3,89.3,31.3,32.6,4.93,5.6,278.0,100.1,160.2,400.9,9.6,1
83,Male,16.7,46.6,90.5,31.5,34.6,5.77,8.8,274.7,100.1,180.9,400.1,9.3,0
44,Male,14.0,44.0,88.2,28.1,32.5,4.7,8.3,236.1,98.3,178.4,398.3,6.5,1
45,Male,13.8,44.3,88.5,28.2,32.4,4.7,7.4,248.8,98.2,178.5,398.4,6.7,1
28,Female,12.1,40.4,88.1,28.3,32.3,4.2,7.7,320.2,98.2,157.0,398.2,6.9,1
48,Male,13.5,44.3,88.1,28.4,32.4,4.7,6.3,204.6,98.3,178.2,398.2,6.6,1
89,Female,12.0,40.2,88.0,28.0,32.5,4.2,6.5,213.3,98.3,157.4,398.0,6.7,1
14,Female,12.0,40.4,88.5,28.0,32.2,4.2,6.1,305.4,98.2,157.2,398.2,6.8,1
10,Female,12.7,42.3,91.2,30.4,34.4,5.4,5.8,160.0,101.5,159.6,400.5,9.7,0
14,Female,12.0,40.4,88.3,28.4,32.1,4.2,4.7,195.0,98.1,157.4,398.3,6.6,1
49,Male,13.9,44.4,88.1,28.2,32.3,4.7,7.1,294.6,98.3,178.4,398.1,6.9,1
32,Female,12.1,40.3,88.2,28.4,32.1,4.2,6.4,351.2,98.4,157.4,398.4,6.8,1
11,Female,12.6,43.5,90.3,30.2,35.3,4.98,6.6,217.1,101.0,160.1,401.3,9.3,0
70,Male,14.0,44.0,88.1,28.1,32.2,4.7,8.7,298.9,98.1,178.1,398.2,6.5,1
61,Male,16.3,47.0,90.7,30.7,34.6,5.81,6.8,267.7,100.1,180.3,401.3,9.4,0
4,Female,11.1,42.0,90.3,29.6,34.6,5.78,8.9,276.8,101.0,160.5,400.2,7.3,0
8,Male,13.6,47.1,90.6,29.7,33.3,5.27,8.2,266.6,101.3,180.8,400.4,7.2,1
25,Male,13.9,44.1,88.4,28.1,32.3,4.7,7.3,249.4,98.1,178.5,398.2,7.0,1
90,Male,16.7,46.4,91.5,30.3,35.4,5.89,6.6,328.2,101.1,180.2,400.4,8.6,0
31,Female,12.1,40.4,88.4,28.2,32.4,4.2,6.6,241.7,98.2,157.3,398.2,6.8,1
59,Male,16.8,46.6,91.1,30.8,34.6,6.1,4.5,319.3,100.2,181.3,400.1,9.8,0
32,Female,12.2,40.2,88.4,28.1,32.2,4.2,7.4,266.3,98.1,157.4,398.1,6.8,1
59,Female,12.0,40.3,88.3,28.4,32.0,4.2,7.7,222.1,98.2,157.1,398.0,6.5,1
67,Female,13.9,42.2,91.5,30.6,35.1,5.4,5.4,216.3,100.4,160.1,401.3,9.5,0
0,Male,12.7,47.0,91.1,31.2,35.4,5.87,8.5,293.6,101.0,180.4,401.3,8.8,0
45,Male,13.9,44.1,88.3,28.1,32.3,4.7,6.2,170.7,98.4,178.1,398.4,6.7,1
18,Male,13.5,44.5,88.4,28.4,32.4,4.7,7.2,228.8,98.4,178.1,398.3,6.7,1
14,Male,17.0,46.3,91.4,30.8,35.0,5.55,9.0,220.5,101.1,180.1,400.8,8.6,0
48,Female,12.1,40.5,88.2,28.5,32.1,4.2,6.0,224.3,98.3,157.3,398.4,6.7,1
59,Female,14.4,43.3,91.0,30.2,35.3,5.4,9.8,227.1,100.3,159.8,400.9,9.9,0
73,Female,12.9,43.3,89.1,31.3,34.3,3.32,8.6,355.6,100.5,159.1,400.3,8.8,1
6,Female,12.7,42.4,91.2,29.8,33.0,5.35,5.3,229.9,100.4,157.8,399.0,9.2,1
13,Male,15.7,46.3,90.3,30.4,34.3,5.99,5.8,347.4,101.2,181.1,400.2,8.6,0
2,Male,11.0,44.0,88.2,28.2,32.2,4.7,4.5,294.8,98.2,178.2,398.2,6.9,1
26,Female,12.0,40.5,88.4,28.2,32.1,4.2,8.0,292.8,98.1,157.4,398.4,6.5,1
68,Female,12.0,40.0,88.5,28.5,32.4,4.2,8.3,301.0,98.4,157.0,398.4,6.9,1
82,Female,12.0,40.1,88.2,28.1,32.0,4.2,6.5,238.5,98.3,157.1,398.2,7.0,1
13,Male,13.5,44.3,88.4,28.3,32.0,4.7,8.7,186.8,98.0,178.3,398.1,6.7,1
18,Female,12.0,40.4,88.1,28.0,32.1,4.2,7.8,284.8,98.5,157.0,398.1,7.0,1
16,Female,12.0,40.4,88.0,28.1,32.2,4.2,6.5,216.3,98.1,157.2,398.4,6.6,1
61,Male,13.8,44.4,88.4,28.0,32.4,4.7,10.5,233.2,98.1,178.2,398.5,6.6,1
75,Female,13.5,40.9,89.0,28.9,32.6,6.28,4.5,245.4,100.1,158.6,400.9,8.8,0
73,Male,15.0,44.6,88.8,28.9,33.7,4.0,5.9,248.2,101.2,181.5,399.6,9.3,0
25,Male,14.0,44.4,88.4,28.2,32.3,4.7,9.3,281.9,98.3,178.5,398.2,6.5,1
14,Male,14.6,44.7,90.1,31.1,33.2,4.05,5.7,199.8,101.1,180.5,398.9,7.9,0
12,Female,12.0,40.3,88.4,28.2,32.3,4.2,8.7,226.3,98.0,157.2,398.4,6.9,1
43,Male,16.3,46.4,90.1,30.0,34.4,5.54,8.7,215.4,101.1,180.9,401.3,8.9,0
20,Female,13.0,42.7,90.4,31.3,33.2,5.87,6.3,337.3,99.4,158.2,399.8,8.0,1
73,Male,14.9,44.6,91.5,28.5,33.9,5.23,8.7,202.5,101.4,181.5,399.0,7.2,0
15,Female,14.7,42.5,91.1,30.0,34.0,5.4,7.3,280.9,101.1,160.2,400.5,8.7,0
4,Female,11.0,40.2,88.1,28.0,32.2,4.2,6.1,357.2,98.4,157.1,398.1,6.8,1
66,Female,13.2,43.0,89.2,30.8,33.2,4.32,7.3,284.2,100.6,159.4,399.0,9.0,0
55,Female,12.1,40.2,88.5,28.4,32.5,4.2,5.9,204.1,98.4,157.2,398.1,7.0,1
39,Female,14.2,42.6,91.1,30.0,34.1,5.18,9.4,235.6,100.8,159.8,400.9,9.5,0
77,Male,15.7,47.3,91.0,30.5,34.8,6.1,7.0,174.7,100.9,180.2,400.1,8.5,0
64,Male,13.8,44.4,88.3,28.3,32.1,4.7,6.3,202.5,98.4,178.1,398.4,6.7,1
30,Female,14.8,42.0,90.0,31.2,32.9,5.95,5.3,298.3,100.2,159.4,400.3,9.0,0
0,Female,11.0,40.3,88.3,28.2,32.0,4.2,9.0,304.8,98.1,157.1,398.2,6.6,1
7,Female,11.0,40.1,88.0,28.0,32.2,4.2,10.0,207.7,98.4,157.3,398.3,6.8,1
15,Male,16.0,47.0,90.4,30.2,35.2,5.55,8.0,227.8,100.5,181.5,401.5,8.9,0
17,Female,14.6,40.9,91.1,30.5,33.1,6.11,4.5,206.3,99.4,159.4,399.9,7.5,1
67,Female,14.1,42.5,90.6,30.2,34.3,5.4,4.5,273.5,101.4,160.2,400.5,9.6,0
73,Male,13.8,44.2,88.4,28.3,32.3,4.7,6.9,259.8,98.5,178.4,398.5,7.0,1
13,Male,15.7,46.6,90.2,30.8,34.8,5.91,7.9,273.4,100.6,181.1,400.7,8.8,0
52,Female,13.8,43.0,90.8,30.2,34.8,5.4,6.5,312.8,100.6,160.4,400.5,8.6,0
16,Female,13.9,42.0,90.2,30.2,34.8,5.4,4.9,237.8,100.2,159.7,400.8,9.0,0
90,Male,16.4,46.6,90.6,31.2,34.4,6.1,7.4,288.0,101.2,180.9,400.8,10.0,0
74,Male,15.4,45.4,88.9,29.4,35.1,6.6,6.4,287.0,101.2,179.0,401.1,7.8,0
5,Female,11.9,41.4,90.8,30.6,35.2,5.66,5.8,312.1,100.4,159.8,398.9,9.9,1
75,Male,13.6,44.0,88.3,28.2,32.4,4.7,7.6,281.0,98.1,178.0,398.0,6.9,1
20,Female,14.9,43.5,91.1,31.0,35.4,5.2,8.3,182.4,101.3,159.9,401.5,8.8,0
0,Male,11.0,44.3,88.3,28.2,32.2,4.7,6.6,270.8,98.2,178.3,398.1,6.9,1
1,Female,13.0,42.5,91.0,31.4,34.0,5.0,7.6,256.8,100.9,159.7,401.2,8.7,0
19,Female,12.0,40.1,88.2,28.2,32.4,4.2,6.7,300.0,98.1,157.4,398.5,7.0,1
7,Female,11.0,40.5,88.3,28.0,32.4,4.2,7.9,318.5,98.0,157.2,398.2,6.5,1
14,Female,14.1,43.1,91.3,31.0,34.9,5.09,9.0,207.1,100.0,160.0,401.2,9.0,0
58,Male,16.4,46.7,91.4,28.9,34.2,6.74,8.5,245.4,98.5,181.3,398.7,7.2,0
84,Male,13.6,44.2,88.1,28.1,32.1,4.7,7.9,186.9,98.1,178.1,398.2,6.7,1
55,Female,13.2,41.5,90.0,30.4,32.5,6.17,5.2,339.1,100.5,159.5,398.6,7.3,1
55,Male,13.9,44.2,88.1,28.1,32.0,4.7,6.3,324.0,98.3,178.3,398.1,6.9,1
33,Male,13.7,44.3,88.3,28.2,32.5,4.7,5.9,283.1,98.2,178.4,398.2,6.9,1
8,Male,12.7,46.5,90.5,28.6,33.5,3.94,8.4,227.4,99.3,179.0,401.3,7.7,1
41,Male,15.0,44.8,89.4,29.8,33.8,4.52,9.5,363.8,99.6,181.3,401.4,9.0,1
85,Male,13.5,44.1,88.2,28.2,32.2,4.7,8.4,226.2,98.3,178.0,398.4,6.8,1
8,Female,11.0,40.2,88.2,28.4,32.3,4.2,6.5,240.2,98.3,157.1,398.2,6.9,1
77,Male,15.7,45.0,90.9,29.6,33.2,5.38,7.2,375.4,98.7,179.5,399.1,9.4,1
86,Female,15.2,42.8,91.1,31.1,35.1,5.4,9.5,250.3,101.2,160.4,401.1,9.8,0
22,Female,12.2,40.3,88.1,28.2,32.2,4.2,9.0,248.3,98.4,157.5,398.1,6.6,1
74,Female,14.2,43.4,90.2,30.5,35.0,5.4,9.0,242.5,101.4,159.0,400.4,8.7,0
8,Female,11.0,40.5,88.4,28.4,32.0,4.2,8.4,207.6,98.4,157.4,398.5,6.7,1
12,Male,13.6,44.2,88.5,28.4,32.0,4.7,7.4,210.5,98.1,178.2,398.3,6.9,1
70,Male,16.0,46.6,90.4,31.1,35.0,6.06,4.5,187.2,100.4,180.1,400.4,9.0,0
54,Female,14.7,42.7,91.1,31.0,34.9,5.1,5.4,184.7,101.2,160.2,400.4,8.6,0
86,Female,14.2,42.6,90.7,30.2,34.7,5.04,6.0,250.0,101.4,159.4,400.7,8.5,0
17,Female,14.0,43.1,91.3,30.6,34.2,5.4,7.0,271.9,100.4,160.2,400.3,8.9,0
10,Male,11.0,44.2,88.5,28.5,32.4,4.7,5.9,358.1,98.0,178.5,398.5,7.0,1
89,Female,13.8,42.1,90.8,30.9,34.5,4.95,6.4,320.1,101.0,160.0,400.8,8.8,0
48,Male,16.9,46.4,91.4,30.9,34.2,6.1,6.8,279.9,101.3,180.4,400.9,9.8,0
66,Female,13.9,42.9,89.3,28.7,34.2,3.99,7.8,196.1,100.1,160.1,400.8,8.4,1
15,Male,13.5,44.4,88.4,28.4,32.4,4.7,8.6,237.8,98.1,178.2,398.0,6.6,1
13,Female,14.9,42.6,91.4,30.6,34.2,5.4,4.5,309.2,100.5,159.2,400.5,8.5,0
65,Female,13.3,42.7,89.5,31.4,32.8,3.56,6.8,288.4,99.9,157.8,399.6,8.7,0
16,Female,14.6,43.0,90.3,31.1,34.1,5.13,8.8,290.8,100.4,159.8,401.1,9.2,0
3,Female,11.0,40.2,88.3,28.1,32.1,4.2,4.6,206.7,98.1,157.3,398.5,6.9,1
89,Female,12.0,40.2,88.4,28.1,32.1,4.2,5.4,261.6,98.4,157.1,398.3,6.9,1
18,Male,13.5,44.2,88.1,28.5,32.2,4.7,6.6,151.0,98.5,178.1,398.1,6.7,1
10,Female,11.0,40.3,88.1,28.1,32.0,4.2,7.4,199.9,98.5,157.1,398.1,6.8,1
19,Female,15.1,42.1,91.2,30.2,34.1,5.4,5.2,248.1,100.9,159.4,400.7,9.4,0
35,Female,14.0,42.6,91.3,31.0,34.5,5.4,6.4,312.3,100.9,160.5,401.4,9.3,0
87,Female,12.2,40.5,88.0,28.4,32.2,4.2,8.5,234.7,98.1,157.0,398.5,6.6,1
6,Female,11.0,40.4,88.3,28.2,32.2,4.2,7.5,198.7,98.1,157.2,398.0,7.0,1
2,Female,11.0,40.3,88.3,28.0,32.5,4.2,6.6,292.2,98.1,157.1,398.3,6.7,1
42,Male,16.7,46.4,90.1,30.3,34.3,5.5,5.8,322.3,101.3,180.4,400.7,9.5,0
6,Male,13.0,46.4,90.9,30.7,34.2,5.57,8.4,255.3,100.5,181.1,401.0,9.9,0
87,Male,13.6,44.4,88.0,28.4,32.3,4.7,7.0,273.7,98.3,178.1,398.1,6.8,1
37,Female,14.0,42.7,90.3,30.3,34.4,4.84,5.5,305.0,101.0,160.0,400.1,9.0,0
79,Male,13.6,44.3,88.2,28.2,32.0,4.7,6.8,282.1,98.4,178.2,398.3,6.9,1
43,Female,12.5,43.2,89.8,30.9,34.9,5.34,8.6,150.0,100.9,157.8,401.0,7.9,0
5,Male,11.3,45.0,89.6,30.6,34.7,5.63,8.0,298.4,100.9,181.4,400.2,9.3,0
73,Female,15.1,43.4,90.9,30.5,34.5,5.4,5.8,275.1,101.5,159.2,400.9,9.3,0
16,Male,15.6,47.1,90.8,31.4,34.5,6.1,4.5,264.2,100.7,180.3,401.1,9.2,0
3,Female,11.0,40.0,88.1,28.5,32.3,4.2,7.8,254.1,98.0,157.3,398.1,6.7,1
16,Female,15.2,43.4,90.6,30.1,34.9,5.24,5.0,295.8,101.1,159.4,400.1,9.3,0
79,Male,13.8,44.4,88.0,28.2,32.4,4.7,8.0,290.3,98.2,178.4,398.1,6.6,1
17,Male,15.9,44.7,90.7,31.2,34.9,5.04,6.4,244.1,100.8,179.3,400.2,8.8,0
17,Female,13.4,40.9,89.2,31.2,34.0,5.33,5.6,244.3,100.4,160.5,400.1,7.7,1
36,Female,15.2,42.5,90.9,31.2,34.8,5.4,4.5,297.9,100.3,159.1,400.9,9.1,0
34,Female,14.8,42.5,91.4,30.8,35.0,5.4,7.4,283.6,100.2,160.4,401.5,8.7,0
2,Female,13.2,42.5,91.0,30.5,34.9,5.17,6.5,241.5,100.6,159.9,401.2,9.7,0
39,Male,15.0,47.4,90.9,29.1,34.0,4.92,4.5,256.5,99.2,180.7,400.0,8.6,1
31,Male,13.7,44.3,88.1,28.0,32.4,4.7,6.2,243.7,98.3,178.3,398.5,6.9,1
89,Female,14.2,43.3,90.9,30.9,34.8,5.21,6.2,237.0,100.4,159.4,400.1,8.7,0
74,Male,16.1,46.1,91.1,30.7,35.1,5.88,7.2,310.4,101.4,180.1,400.8,9.6,0
84,Male,16.6,46.5,90.5,31.1,35.2,5.42,6.4,226.8,100.5,180.4,401.0,9.7,0
45,Female,14.9,42.8,91.4,30.2,35.4,5.33,7.6,293.1,101.4,160.3,401.3,9.4,0
8,Male,12.6,47.0,90.9,31.2,35.1,6.1,5.3,248.2,100.4,180.6,400.9,9.3,0
46,Male,15.6,46.1,90.4,30.3,35.2,5.88,6.3,273.0,100.7,181.0,401.0,9.4,0
3,Male,13.6,44.7,88.6,28.7,32.8,4.6,8.9,231.3,99.7,178.9,398.6,8.7,0
80,Female,12.0,40.1,88.0,28.1,32.4,4.2,8.5,192.6,98.3,157.4,398.2,6.7,1
17,Female,13.9,43.0,91.0,30.3,34.9,5.4,7.9,248.5,100.2,159.6,401.3,9.1,0
74,Female,12.1,40.4,88.2,28.4,32.3,4.2,8.5,274.6,98.5,157.3,398.3,6.5,1
85,Male,15.8,46.2,91.2,30.7,35.2,6.1,7.1,180.0,100.7,180.6,400.8,10.0,0
6,Female,12.9,40.7,91.4,30.8,34.3,4.17,7.6,226.8,99.7,160.2,401.3,7.2,0
28,Male,13.8,44.1,88.5,28.3,32.3,4.7,5.9,281.7,98.5,178.1,398.1,6.5,1
8,Female,11.0,40.0,88.3,28.1,32.5,4.2,7.6,319.0,98.3,157.5,398.4,6.6,1
75,Female,12.0,40.5,88.4,28.4,32.1,4.2,7.6,274.7,98.3,157.5,398.5,6.7,1
6,Female,11.0,40.3,88.2,28.3,32.3,4.2,7.6,255.4,98.4,157.2,398.3,6.7,1
42,Male,16.0,47.3,90.6,31.1,34.1,6.1,7.6,249.2,101.3,180.7,401.2,8.8,0
40,Female,14.0,43.5,90.7,30.3,34.5,5.4,10.4,260.1,101.0,159.2,400.5,9.6,0
49,Male,15.8,46.3,90.5,31.0,34.4,5.68,7.0,236.4,100.6,180.4,400.1,9.1,0
14,Male,16.5,46.0,91.4,30.2,34.1,5.9,5.1,222.2,100.9,180.7,400.1,9.0,0
12,Female,12.0,40.2,88.0,28.4,32.3,4.2,8.0,192.3,98.0,157.2,398.0,6.7,1
86,Male,16.0,46.4,90.5,30.8,35.3,6.1,4.5,201.0,100.1,181.4,400.1,9.6,0
13,Male,16.9,47.1,91.0,30.9,34.7,5.68,6.6,271.7,100.1,181.1,400.3,9.1,0
69,Female,12.2,40.5,88.2,28.4,32.4,4.2,9.2,209.1,98.5,157.3,398.4,6.6,1
65,Male,13.8,44.2,88.0,28.5,32.2,4.7,6.9,150.0,98.2,178.0,398.2,7.0,1
45,Female,13.9,42.2,90.9,31.2,34.3,4.97,7.3,208.4,101.4,159.9,400.0,9.4,0
50,Male,14.0,44.4,88.2,28.4,32.1,4.7,5.4,338.2,98.4,178.3,398.3,6.7,1
63,Female,14.6,43.2,90.4,31.4,34.2,5.4,8.2,311.5,100.1,160.4,400.4,9.6,0
18,Female,14.0,42.2,90.0,31.0,34.4,5.02,7.0,150.0,100.8,159.6,400.7,9.1,0
15,Male,16.6,46.1,90.2,30.8,34.7,6.1,5.5,362.0,100.5,181.4,400.9,9.4,0
16,Female,14.0,43.2,91.0,30.0,35.4,5.4,7.0,290.3,100.3,159.6,400.9,9.1,0
6,Female,11.0,40.3,88.4,28.0,32.0,4.2,7.9,219.4,98.3,157.2,398.4,7.0,1
61,Male,13.9,44.1,88.3,28.2,32.4,4.7,6.3,211.1,98.0,178.4,398.2,6.5,1
6,Male,12.7,47.2,90.9,30.6,34.3,5.58,9.0,277.8,101.0,180.8,400.1,10.0,0
18,Male,13.7,44.3,88.0,28.2,32.1,4.7,6.3,235.1,98.0,178.3,398.5,6.9,1
2,Female,13.5,43.4,90.1,30.4,34.1,5.4,5.5,305.5,101.3,159.7,401.5,8.5,0
80,Female,14.1,42.6,90.7,31.1,34.2,5.4,5.3,327.6,100.8,160.1,400.7,9.0,0
11,Male,12.6,47.0,91.0,30.2,34.8,6.1,6.5,250.0,100.0,180.5,401.4,8.8,0
0,Female,11.0,40.0,88.5,28.4,32.2,4.2,7.1,306.0,98.1,157.2,398.2,6.7,1
14,Male,16.3,44.6,91.1,31.5,33.8,6.43,5.6,240.6,100.0,179.0,399.1,9.4,0
7,Female,12.5,42.1,89.4,30.2,35.4,5.89,7.7,243.0,99.6,159.2,400.6,8.8,0
18,Male,13.5,44.1,88.1,28.1,32.1,4.7,6.6,243.4,98.5,178.2,398.5,6.8,1
88,Male,16.3,46.9,91.4,31.0,35.2,6.1,6.2,286.6,100.3,181.4,401.0,9.5,0
1,Male,13.5,46.8,91.0,31.4,35.1,5.63,9.8,317.3,100.6,181.1,401.4,9.9,0
5,Male,12.8,47.2,90.6,30.4,34.9,6.1,6.5,232.5,100.1,181.1,401.0,9.2,0
8,Female,12.7,43.0,90.6,30.3,34.6,5.4,4.5,238.6,101.2,160.3,400.6,9.1,0
9,Male,11.0,44.4,88.1,28.3,32.1,4.7,6.4,345.5,98.0,178.2,398.1,6.6,1
77,Female,12.0,40.3,88.0,28.0,32.2,4.2,5.3,290.5,98.3,157.2,398.3,6.8,1
60,Male,13.9,44.4,88.1,28.1,32.3,4.7,5.0,227.4,98.4,178.4,398.1,6.8,1
11,Male,12.8,46.4,90.3,30.7,34.4,5.83,7.3,253.5,100.9,180.1,400.1,9.9,0
64,Female,14.6,42.5,91.0,30.1,34.5,5.02,6.1,183.3,100.7,159.1,400.2,9.5,0
17,Female,14.1,42.2,90.8,30.2,34.5,5.08,8.1,269.5,100.9,159.6,401.5,8.5,0
31,Female,14.6,43.4,90.0,30.0,35.3,4.86,7.8,238.8,101.0,160.0,401.0,9.0,0
18,Male,15.1,47.1,91.4,30.5,34.9,6.3,6.4,150.0,99.2,179.0,399.6,9.0,1
49,Female,14.0,42.2,90.0,30.3,34.2,4.87,6.5,230.5,100.6,159.9,400.5,8.7,0
14,Male,16.0,46.0,91.1,30.3,35.3,6.03,8.5,260.6,101.3,180.6,400.3,9.7,0
78,Female,14.5,43.2,90.6,30.5,34.3,5.4,6.4,260.1,101.1,159.1,400.3,9.4,0
70,Female,12.2,40.2,88.4,28.2,32.2,4.2,4.6,150.0,98.2,157.1,398.2,6.8,1
7,Female,12.9,42.4,90.2,30.6,35.4,4.87,6.2,244.6,100.9,159.7,401.0,9.3,0
15,Male,16.4,46.5,90.0,30.3,34.2,6.1,5.7,200.8,101.4,180.6,400.0,8.9,0
34,Female,15.1,43.3,90.4,30.8,33.1,4.84,8.5,224.8,101.2,158.7,399.9,7.7,0
81,Male,13.7,44.2,88.3,28.3,32.2,4.7,7.0,246.4,98.4,178.2,398.4,6.7,1
80,Female,12.0,40.5,88.4,28.4,32.5,4.2,6.3,188.3,98.1,157.0,398.5,6.9,1
9,Female,13.4,42.9,90.0,31.1,35.2,5.4,6.4,324.9,101.5,160.2,400.9,9.9,0
1,Male,11.0,44.2,88.2,28.0,32.4,4.7,7.5,260.8,98.4,178.3,398.3,6.7,1
14,Female,14.5,43.1,90.7,30.6,35.2,5.4,6.7,232.9,100.8,159.5,401.2,8.7,0
39,Male,15.8,46.0,91.1,30.2,35.3,6.1,6.1,227.1,100.9,181.4,401.1,9.0,0
79,Male,13.5,44.2,88.2,28.4,32.3,4.7,4.5,226.5,98.1,178.1,398.4,6.8,1
14,Female,12.0,40.3,88.5,28.4,32.0,4.2,7.6,279.4,98.1,157.3,398.3,6.9,1
63,Female,15.1,42.6,90.7,31.4,34.8,5.4,7.2,284.9,100.2,160.2,401.2,8.7,0
10,Male,11.7,46.7,91.4,31.1,34.1,6.47,5.7,280.4,100.6,180.3,399.1,9.9,1
66,Male,16.6,46.1,91.1,30.4,34.9,5.76,6.9,312.1,101.0,181.2,401.3,9.6,0
17,Female,13.8,43.2,90.3,31.3,34.2,5.4,8.6,314.6,100.5,160.3,401.2,9.3,0
75,Female,14.0,42.8,90.1,30.6,35.4,5.34,6.4,211.1,101.2,159.5,400.6,9.7,0
19,Female,15.2,40.8,90.9,30.2,34.1,5.16,7.8,293.3,100.0,157.6,399.7,9.7,0
72,Male,16.5,47.3,90.3,31.0,35.2,5.83,9.1,153.0,100.8,180.1,400.1,8.7,0
82,Female,14.3,42.6,91.2,30.4,34.6,4.82,8.7,259.1,100.0,159.9,401.3,9.2,0
5,Male,13.2,46.9,90.4,30.6,34.2,6.1,9.8,251.7,100.4,180.5,400.5,8.5,0
10,Male,13.0,44.9,89.7,29.1,33.2,4.05,5.1,251.5,99.4,179.6,399.2,8.4,0
11,Male,11.0,44.1,88.4,28.2,32.2,4.7,5.7,278.4,98.4,178.3,398.3,7.0,1
34,Male,13.8,44.0,88.5,28.3,32.4,4.7,6.2,353.0,98.1,178.4,398.4,6.5,1
14,Male,16.7,46.3,91.2,31.0,34.3,5.85,6.5,201.6,100.3,181.0,401.5,8.5,0
6,Female,13.5,42.9,91.0,31.3,34.6,5.4,5.9,339.2,101.0,159.8,400.2,9.7,0
31,Female,12.4,43.2,90.4,29.6,34.2,4.35,6.7,233.2,98.5,159.8,401.4,7.9,0
18,Male,16.5,46.7,90.6,30.2,34.4,5.55,6.5,264.0,100.9,180.5,400.3,9.5,0
19,Female,14.1,43.2,90.6,30.1,34.1,5.02,6.8,295.0,101.4,160.2,401.3,8.9,0
61,Male,13.6,44.3,88.3,28.3,32.4,4.7,4.5,224.9,98.0,178.0,398.2,7.0,1
32,Male,15.4,47.0,88.7,30.3,33.9,6.86,9.1,244.4,99.1,180.6,401.4,8.8,0
59,Female,13.8,42.7,88.9,31.1,35.3,4.29,5.7,208.7,99.5,157.7,400.9,8.0,1
33,Female,12.1,40.1,88.1,28.1,32.4,4.2,4.5,167.5,98.3,157.0,398.2,6.5,1
23,Male,16.8,46.9,90.8,30.6,35.2,5.67,5.7,309.8,101.0,181.2,400.4,9.7,0
78,Female,14.9,43.3,90.4,30.4,34.5,5.4,7.8,234.3,101.5,160.0,401.5,8.9,0
17,Female,14.6,43.4,90.3,30.5,34.1,5.34,6.8,225.4,100.8,160.5,401.2,9.7,0
16,Female,12.0,40.1,88.2,28.1,32.3,4.2,7.6,157.0,98.3,157.3,398.5,6.8,1
19,Male,13.9,44.5,88.4,28.4,32.3,4.7,6.2,229.7,98.4,178.4,398.2,6.5,1
18,Male,15.7,44.6,89.8,29.7,34.5,5.22,6.5,233.2,99.6,179.2,401.0,10.0,1
16,Male,16.8,46.4,90.6,31.3,35.0,5.91,6.9,336.5,101.2,181.4,401.4,9.9,0
73,Male,16.7,46.6,91.2,30.8,34.1,6.1,7.3,211.8,101.3,180.1,400.8,9.7,0
10,Male,13.4,46.6,90.7,30.9,35.3,6.1,6.3,322.7,100.6,181.1,400.4,8.7,0
47,Female,12.0,40.0,88.2,28.3,32.2,4.2,5.3,278.7,98.2,157.5,398.4,7.0,1
5,Female,11.0,40.5,88.4,28.4,32.3,4.2,8.3,297.0,98.1,157.1,398.1,6.7,1
24,Female,12.0,40.4,88.1,28.2,32.0,4.2,9.2,215.2,98.3,157.2,398.1,6.7,1
19,Female,14.6,40.8,90.3,29.3,33.3,6.28,8.2,230.7,99.9,158.6,398.9,9.0,1
25,Female,15.0,42.5,90.3,31.4,35.1,4.94,6.5,294.5,100.4,159.9,400.9,9.3,0
17,Female,14.8,43.2,90.3,30.6,35.4,5.17,6.6,245.3,100.5,159.6,400.1,8.5,0
4,Female,12.3,42.5,91.1,30.3,34.3,5.4,6.5,204.3,100.5,160.3,400.4,9.0,0
10,Female,11.4,41.8,89.8,30.6,32.7,3.86,9.5,150.0,98.6,158.8,400.4,7.4,0
17,Male,16.5,46.7,90.0,30.9,35.1,6.03,5.8,286.8,100.3,180.2,400.6,9.8,0
57,Female,15.0,42.7,90.2,30.6,35.5,5.4,7.9,266.8,100.1,159.4,400.6,8.5,0
14,Male,16.0,44.7,90.9,28.8,34.0,6.57,6.7,288.3,98.5,180.2,401.5,9.0,1
53,Male,13.7,44.5,88.1,28.1,32.2,4.7,6.4,205.5,98.1,178.4,398.4,6.6,1
71,Female,13.7,40.5,91.2,29.9,35.2,6.21,5.2,290.7,99.8,157.5,399.8,9.9,0
26,Male,13.8,44.2,88.1,28.4,32.2,4.7,4.5,254.2,98.4,178.1,398.4,6.7,1
15,Male,16.2,46.8,90.7,30.1,35.3,6.07,5.4,263.0,100.0,180.4,401.1,8.6,0
16,Male,14.0,44.4,88.2,28.2,32.2,4.7,7.1,232.3,98.0,178.1,398.3,6.6,1
64,Female,14.5,42.8,91.5,31.1,34.8,5.4,7.4,283.6,100.5,159.7,400.4,9.9,0
44,Male,15.5,46.2,91.2,31.0,34.5,6.1,7.4,288.1,100.6,180.2,400.4,10.0,0
14,Female,12.0,40.2,88.1,28.0,32.2,4.2,6.4,150.0,98.2,157.4,398.1,6.5,1
72,Female,12.2,40.4,88.5,28.5,32.2,4.2,5.4,250.8,98.2,157.3,398.3,6.5,1
17,Male,16.4,46.3,90.3,31.0,34.1,5.87,7.4,194.0,101.0,181.1,400.4,8.6,0
41,Female,12.1,40.0,88.4,28.4,32.5,4.2,6.6,242.8,98.5,157.3,398.5,6.6,1
21,Male,16.0,47.5,90.2,31.1,35.4,6.1,6.7,203.1,101.2,180.7,400.6,9.3,0
4,Male,11.0,44.2,88.4,28.1,32.4,4.7,4.5,274.4,98.5,178.4,398.4,6.9,1
50,Female,12.2,40.2,88.1,28.4,32.2,4.2,7.0,252.3,98.2,157.4,398.0,6.7,1
13,Female,12.0,40.5,88.2,28.4,32.1,4.2,7.7,318.7,98.2,157.3,398.5,6.8,1
12,Female,14.5,42.6,90.5,31.2,34.1,5.4,5.7,298.6,100.9,159.2,400.2,9.5,0
21,Female,12.0,40.2,88.1,28.2,32.5,4.2,6.8,242.3,98.5,157.1,398.3,6.6,1
5,Male,13.6,46.0,89.6,31.5,34.3,5.13,9.0,202.6,101.2,179.0,399.6,7.2,0
69,Male,14.0,44.1,88.1,28.4,32.3,4.7,9.4,324.2,98.2,178.5,398.1,7.0,1
69,Male,16.7,46.7,90.6,31.5,34.2,6.1,5.7,240.2,100.4,180.0,401.3,9.4,0
84,Male,15.6,46.5,91.5,30.5,34.7,6.1,7.7,257.3,101.3,181.2,401.4,8.8,0
87,Female,15.1,42.3,89.2,30.7,33.6,3.6,7.2,209.7,100.4,158.5,400.6,7.8,0
68,Female,15.1,42.2,90.3,30.9,34.7,5.4,7.6,160.6,100.6,159.4,401.1,9.7,0
0,Male,12.8,46.6,90.8,31.2,34.5,6.1,5.2,294.4,100.4,181.4,401.1,9.4,0
84,Female,14.3,43.0,91.5,30.7,35.0,5.09,5.0,281.7,100.3,159.8,400.3,9.6,0
17,Female,14.3,42.4,91.0,30.9,34.3,5.4,5.4,244.4,100.3,159.8,400.5,9.8,0
17,Female,12.1,40.1,88.1,28.1,32.1,4.2,6.9,252.1,98.5,157.5,398.3,6.8,1
0,Female,11.0,40.0,88.2,28.1,32.0,4.2,6.4,263.5,98.1,157.1,398.3,6.6,1
12,Female,12.7,42.3,88.9,29.9,34.2,4.37,8.4,241.1,99.0,159.4,400.2,9.7,0
18,Male,16.9,46.5,90.7,30.8,34.2,6.1,6.0,239.5,100.6,180.9,400.8,9.5,0
6,Female,13.5,42.8,90.7,31.5,34.4,5.4,5.8,268.7,100.5,160.2,400.4,9.2,0
0,Male,12.9,47.3,90.1,31.4,35.0,6.1,5.6,208.2,101.4,180.4,401.2,9.1,0
66,Female,12.0,40.4,88.4,28.2,32.4,4.2,5.8,228.8,98.3,157.4,398.5,6.5,1
17,Female,13.9,42.9,90.6,31.1,34.8,5.4,5.7,267.1,101.0,159.7,401.2,8.7,0
60,Female,12.0,40.1,88.0,28.1,32.0,4.2,7.9,309.5,98.1,157.4,398.2,6.6,1
70,Male,14.9,46.2,91.0,29.3,33.3,6.55,7.1,256.9,100.4,180.1,400.8,9.9,0
19,Male,17.0,47.2,91.4,31.1,34.1,6.0,5.0,315.4,100.4,180.9,401.4,8.6,0
17,Male,13.9,44.0,88.2,28.0,32.1,4.7,6.1,150.0,98.2,178.1,398.2,6.9,1
11,Female,11.0,40.3,88.1,28.0,32.1,4.2,7.2,189.8,98.2,157.3,398.0,7.0,1
81,Female,14.2,43.4,91.1,31.2,34.5,5.37,4.5,339.6,100.4,160.5,401.3,8.9,0
5,Female,12.3,42.3,90.5,30.7,35.3,5.27,4.7,195.5,100.0,160.4,400.2,8.9,0
13,Female,12.0,40.2,88.1,28.1,32.5,4.2,4.8,242.7,98.1,157.2,398.2,6.7,1
62,Female,14.5,42.0,90.7,30.1,35.3,5.4,5.1,218.6,100.4,159.9,400.1,8.6,0
85,Male,16.5,46.6,91.0,30.8,34.4,6.1,8.0,200.8,100.0,180.8,400.6,9.0,0
25,Female,14.4,42.3,90.5,30.8,35.0,5.4,4.5,206.0,101.2,160.4,401.4,9.3,0
7,Male,11.0,44.2,88.3,28.3,32.4,4.7,6.1,298.9,98.5,178.3,398.2,6.5,1
73,Female,14.5,42.6,91.0,30.4,35.4,5.4,7.0,250.4,101.2,159.8,401.3,9.3,0
0,Female,12.3,42.6,91.0,30.1,34.7,5.4,7.6,338.2,100.8,159.1,401.4,9.9,0
70,Male,16.1,46.4,91.1,30.4,35.2,6.1,6.0,293.7,100.8,180.8,401.4,8.9,0
10,Male,11.0,44.0,88.5,28.3,32.4,4.7,7.7,190.7,98.3,178.2,398.2,6.8,1
1,Male,11.0,44.4,88.1,28.2,32.4,4.7,6.2,314.4,98.3,178.1,398.3,6.9,1
2,Male,13.3,46.2,90.4,30.5,35.2,5.82,8.4,275.7,100.4,180.0,401.1,9.8,0
45,Male,14.0,44.2,88.1,28.3,32.2,4.7,7.6,198.5,98.4,178.4,398.5,6.6,1
13,Female,14.4,42.8,91.3,31.1,35.5,4.92,4.5,264.1,101.0,159.2,400.2,9.2,0
17,Male,16.8,46.7,91.1,30.1,34.1,6.1,8.9,246.0,101.2,181.4,400.4,9.9,0
65,Male,13.7,44.0,88.3,28.4,32.3,4.7,7.8,245.3,98.3,178.2,398.4,6.5,1
40,Male,16.3,47.2,90.8,30.4,35.2,5.8,8.0,323.6,100.3,181.4,400.3,10.0,0
68,Male,13.6,44.5,88.1,28.4,32.3,4.7,6.2,278.1,98.4,178.1,398.3,6.8,1
27,Male,13.6,44.1,88.3,28.5,32.1,4.7,8.9,183.7,98.1,178.1,398.1,6.8,1
73,Female,12.0,40.4,88.1,28.2,32.2,4.2,7.3,346.1,98.1,157.2,398.3,6.7,1
82,Female,14.4,42.3,90.3,30.4,34.0,5.4,5.8,243.3,100.2,159.5,400.8,9.6,0
18,Female,12.0,40.1,88.3,28.4,32.0,4.2,6.2,216.6,98.4,157.3,398.3,6.5,1
57,Male,15.9,46.0,90.2,31.3,35.3,5.84,8.4,216.6,101.4,181.2,400.9,8.9,0
16,Male,14.0,44.5,88.1,28.0,32.0,4.7,4.5,274.5,98.1,178.2,398.1,6.9,1
1,Male,12.3,46.6,90.5,30.5,34.7,5.88,6.1,201.7,101.5,180.6,400.7,9.4,0
71,Male,16.8,46.4,91.3,30.9,34.6,6.1,8.7,233.5,100.7,181.4,400.8,9.5,0
5,Male,11.0,44.2,88.2,28.0,32.3,4.7,9.0,226.8,98.2,178.3,398.0,6.7,1
19,Male,13.6,44.2,88.1,28.2,32.1,4.7,8.9,172.9,98.1,178.5,398.1,6.5,1
11,Male,11.0,44.0,88.1,28.3,32.0,4.7,8.3,267.2,98.2,178.3,398.1,6.5,1
1,Male,11.5,45.6,90.7,30.2,35.3,6.6,4.5,203.8,101.4,179.9,401.5,7.7,0
2,Female,11.0,40.4,88.1,28.5,32.2,4.2,7.3,160.7,98.3,157.1,398.2,6.7,1
17,Male,15.8,47.0,90.4,31.2,34.1,6.1,8.5,184.5,100.7,180.5,401.0,9.9,0
6,Female,13.0,42.8,90.9,30.8,34.4,5.4,5.7,298.2,100.7,159.5,400.8,9.0,0
13,Female,13.9,42.0,91.2,30.6,34.8,5.4,6.2,243.8,100.4,159.3,401.5,9.6,0
13,Male,16.1,46.5,91.1,31.1,34.1,5.73,7.5,163.9,100.2,180.2,401.4,9.7,0
6,Male,12.8,47.3,91.1,30.4,34.2,5.78,7.2,288.5,100.8,180.9,400.5,9.7,0
80,Male,16.8,46.6,90.1,31.1,35.4,6.1,4.8,271.2,100.0,181.0,400.3,9.8,0
78,Female,12.1,40.3,88.1,28.2,32.1,4.2,6.5,209.0,98.3,157.4,398.2,7.0,1
16,Male,16.7,46.5,90.3,30.7,34.0,5.34,6.3,223.0,99.3,180.7,401.3,7.4,1
79,Male,16.1,47.3,90.3,31.0,34.2,6.1,9.6,313.9,100.7,180.5,400.3,9.4,0
62,Male,13.7,44.4,88.4,28.1,32.1,4.7,7.3,168.9,98.1,178.3,398.0,6.9,1
16,Male,16.2,46.1,91.4,30.7,34.0,6.1,5.4,247.4,100.3,180.1,400.9,9.4,0
67,Female,12.0,40.5,88.4,28.2,32.3,4.2,9.0,252.3,98.3,157.1,398.2,6.9,1
4,Female,13.5,42.2,91.3,31.1,34.1,5.4,8.1,251.7,100.6,159.7,400.2,9.5,0
2,Female,11.0,40.4,88.1,28.2,32.3,4.2,7.8,226.5,98.3,157.1,398.4,6.6,1
35,Male,16.7,47.2,90.3,31.5,35.5,5.51,6.8,265.9,101.0,180.5,401.5,8.7,0
32,Male,15.7,47.1,90.2,31.1,35.0,6.09,6.4,210.1,100.5,181.1,400.2,9.7,0
86,Female,14.6,43.3,91.5,30.9,34.8,5.4,7.4,352.9,101.1,159.7,401.5,8.6,0
18,Male,13.9,44.3,88.5,28.3,32.5,4.7,9.2,172.3,98.4,178.2,398.2,6.8,1
19,Female,14.9,42.9,91.5,30.1,35.2,5.4,10.4,376.5,100.5,159.5,400.9,8.6,0
1,Female,13.2,43.0,90.9,30.8,34.3,5.3,6.0,337.6,100.6,160.1,400.0,9.5,0
8,Female,12.6,43.2,90.2,30.0,34.5,5.4,8.5,285.5,101.0,159.9,401.0,8.9,0
78,Female,12.0,40.2,88.5,28.2,32.3,4.2,4.5,264.7,98.4,157.3,398.4,6.9,1
77,Male,15.8,47.3,90.9,31.1,34.1,6.1,8.5,219.7,100.8,180.4,401.4,9.6,0
82,Male,16.1,46.8,90.5,30.5,34.9,6.1,7.7,334.8,101.2,180.7,400.7,9.5,0
7,Female,11.0,40.4,88.0,28.1,32.4,4.2,5.4,323.6,98.2,157.3,398.0,6.9,1
42,Female,14.1,42.5,90.3,30.5,35.2,5.4,7.3,204.0,101.0,160.3,401.3,8.6,0
19,Male,16.2,47.3,91.3,31.4,35.3,6.1,9.2,235.0,101.1,180.8,400.1,9.9,0
17,Male,13.8,44.1,88.0,28.1,32.1,4.7,6.9,185.9,98.3,178.4,398.1,6.6,1
48,Male,13.9,44.1,88.0,28.1,32.1,4.7,7.2,306.3,98.2,178.1,398.5,7.0,1
69,Male,16.8,47.0,89.5,29.5,35.1,5.2,9.4,150.0,100.8,179.6,399.8,8.3,0
12,Male,16.1,46.4,91.1,30.7,35.5,5.48,6.6,150.0,100.8,180.5,401.1,9.8,0
16,Male,14.0,44.2,88.0,28.3,32.4,4.7,8.1,274.0,98.1,178.2,398.5,6.7,1
16,Male,16.0,47.4,90.5,30.4,34.8,6.1,6.2,275.5,101.1,180.6,400.6,9.7,0
13,Female,12.2,40.0,88.4,28.4,32.3,4.2,8.6,273.8,98.2,157.4,398.1,6.6,1
0,Male,12.6,46.8,90.6,30.0,35.2,5.5,10.9,194.4,100.9,181.0,400.4,8.5,0
89,Male,13.7,44.3,88.4,28.5,32.4,4.7,9.1,199.9,98.2,178.0,398.4,6.5,1
19,Male,16.3,47.3,90.7,30.4,34.3,6.1,6.6,188.8,100.3,181.2,400.7,9.0,0
15,Male,16.3,46.8,91.4,31.4,35.3,6.1,6.9,163.1,101.3,180.8,401.1,8.7,0
28,Female,12.1,40.1,88.0,28.0,32.3,4.2,7.0,255.1,98.2,157.3,398.3,6.5,1
14,Female,14.4,43.5,91.2,30.6,34.7,5.17,7.9,273.2,101.4,159.8,401.0,9.2,0
15,Male,15.9,46.5,90.9,30.7,35.1,6.1,5.4,281.2,101.4,180.4,400.2,8.6,0
43,Male,16.9,46.9,90.2,30.3,35.5,5.69,5.0,342.4,101.3,181.1,400.9,8.5,0
67,Female,14.3,42.8,90.0,30.8,34.9,5.4,7.8,225.2,101.1,160.0,400.6,9.1,0
29,Male,16.3,46.1,90.6,30.5,34.8,6.1,5.9,270.9,101.2,181.0,401.3,9.2,0
9,Male,12.7,46.7,91.0,29.8,32.6,4.37,9.3,200.9,100.0,180.4,400.2,9.8,1
2,Female,12.3,42.8,91.2,31.2,35.1,5.4,9.0,300.1,100.7,159.9,401.3,9.0,0
20,Female,12.1,40.3,88.3,28.4,32.2,4.2,6.2,172.9,98.3,157.4,398.2,6.8,1
28,Female,12.1,40.4,88.2,28.1,32.1,4.2,7.0,258.0,98.1,157.0,398.2,6.9,1
8,Male,11.0,44.2,88.3,28.2,32.1,4.7,6.9,242.9,98.3,178.2,398.2,6.9,1
50,Female,12.0,40.3,88.1,28.4,32.5,4.2,7.1,262.1,98.4,157.3,398.1,7.0,1
85,Female,12.0,40.1,88.4,28.4,32.1,4.2,6.0,150.0,98.4,157.3,398.3,6.7,1
18,Female,15.0,42.9,90.7,31.3,34.6,5.4,10.6,206.1,100.1,159.7,400.8,9.2,0
45,Male,15.9,46.3,90.1,30.9,35.0,5.89,6.2,256.9,100.1,181.1,400.6,9.5,0
18,Male,16.6,46.5,91.0,31.1,34.9,6.1,6.3,202.3,100.3,180.9,401.1,9.0,0
13,Male,16.7,46.6,90.7,31.5,34.6,6.1,5.3,335.6,100.0,180.9,400.0,8.5,0
44,Male,13.9,44.4,88.2,28.5,32.3,4.7,8.1,207.0,98.2,178.1,398.3,6.9,1
1,Female,11.0,40.2,88.2,28.0,32.0,4.2,8.7,242.5,98.1,157.2,398.1,7.0,1
43,Male,13.9,44.3,88.3,28.4,32.4,4.7,5.2,202.7,98.3,178.1,398.1,7.0,1
72,Male,16.9,46.9,89.2,29.5,32.9,4.37,4.5,271.1,101.3,179.6,398.6,7.4,1
24,Female,12.1,40.3,88.2,28.1,32.5,4.2,7.5,252.0,98.4,157.2,398.3,6.7,1
8,Male,11.0,44.1,88.0,28.0,32.3,4.7,5.3,306.2,98.2,178.3,398.4,6.6,1
42,Female,15.2,42.3,90.5,30.9,34.3,5.4,7.8,243.9,100.9,159.5,401.1,9.8,0
40,Male,15.6,47.5,90.9,30.4,34.8,5.52,6.5,291.9,100.5,180.1,401.0,9.3,0
13,Female,12.2,40.5,88.3,28.2,32.3,4.2,4.5,260.3,98.3,157.4,398.1,6.5,1
74,Female,12.4,43.3,89.6,29.0,33.0,4.54,8.5,317.6,99.5,158.8,399.3,8.2,0
73,Male,16.4,46.1,89.1,31.0,34.8,6.22,6.3,314.1,99.9,181.4,398.6,7.4,1
71,Male,16.5,46.7,90.3,31.3,35.0,5.65,8.5,293.7,101.3,180.3,401.5,8.7,0
3,Male,11.0,44.2,88.1,28.3,32.3,4.7,4.5,282.9,98.3,178.5,398.4,6.6,1
19,Female,12.4,42.1,89.9,29.8,32.6,4.93,8.6,273.7,100.8,158.1,401.3,7.2,0
69,Male,15.2,47.4,90.1,31.3,32.6,5.92,6.4,226.3,101.5,178.7,401.4,8.2,0
89,Female,12.2,40.1,88.2,28.3,32.1,4.2,7.2,297.5,98.4,157.3,398.2,6.8,1
1,Male,11.0,44.2,88.2,28.1,32.2,4.7,9.4,150.0,98.4,178.0,398.4,6.6,1
18,Male,15.9,46.4,91.1,30.0,34.8,6.1,8.0,175.1,101.0,181.0,400.7,9.0,0
7,Male,12.5,47.1,90.3,30.1,34.8,6.1,7.3,301.3,100.5,181.2,400.8,8.6,0
9,Male,11.0,44.4,88.3,28.3,32.3,4.7,7.6,331.4,98.2,178.2,398.4,6.5,1
57,Female,15.1,42.3,90.1,30.0,34.3,4.91,5.7,150.0,100.7,159.2,400.7,8.5,0
1,Male,12.8,46.7,90.9,31.3,35.0,6.05,7.1,198.2,100.4,180.1,401.0,9.8,0
49,Female,13.9,42.8,90.2,31.4,34.6,5.4,8.0,200.7,101.0,159.6,401.3,9.2,0
28,Male,16.2,46.3,91.1,30.3,34.5,6.1,9.6,243.6,101.4,180.2,401.1,8.8,0
16,Female,12.1,40.2,88.3,28.1,32.1,4.2,6.8,232.1,98.0,157.1,398.3,6.9,1
15,Male,14.6,46.9,90.1,30.5,34.8,6.5,9.8,321.6,100.5,180.4,401.2,7.2,1
2,Female,11.0,40.4,88.3,28.2,32.5,4.2,7.4,284.4,98.5,157.3,398.3,6.6,1
17,Male,13.6,44.0,88.3,28.0,32.3,4.7,6.3,190.0,98.5,178.4,398.1,6.7,1
70,Male,13.6,44.0,88.4,28.2,32.3,4.7,7.9,177.2,98.5,178.4,398.2,6.9,1
12,Female,12.0,40.5,88.0,28.2,32.4,4.2,7.8,264.3,98.0,157.4,398.2,6.8,1
3,Male,11.0,44.2,88.1,28.4,32.0,4.7,5.8,239.6,98.2,178.4,398.1,7.0,1
48,Male,16.8,47.4,91.4,30.0,35.4,5.48,7.2,163.2,100.7,180.9,400.7,9.9,0
66,Male,16.5,46.3,91.4,31.0,35.3,5.89,6.4,305.8,100.4,181.4,400.1,9.9,0
15,Female,15.2,43.1,90.4,30.2,34.9,5.34,7.8,285.4,100.4,159.0,400.4,9.4,0
10,Male,11.0,44.3,88.4,28.2,32.1,4.7,7.5,182.9,98.1,178.4,398.4,6.8,1
70,Male,15.9,46.4,91.1,30.9,35.1,5.5,4.5,241.5,101.3,181.1,401.3,8.6,0
19,Female,12.1,40.4,88.4,28.0,32.1,4.2,7.6,313.3,98.5,157.4,398.2,7.0,1
85,Female,12.1,40.5,88.2,28.2,32.3,4.2,6.8,229.9,98.4,157.0,398.1,7.0,1
15,Female,12.2,40.0,88.2,28.2,32.3,4.2,6.4,288.2,98.1,157.3,398.1,6.7,1
4,Male,11.0,44.3,88.0,28.1,32.2,4.7,5.1,260.4,98.1,178.1,398.3,6.5,1
59,Female,14.1,42.6,90.4,30.3,34.1,5.31,7.1,208.5,100.0,160.4,401.4,9.0,0
16,Male,16.1,46.1,91.4,30.7,34.9,6.1,4.9,261.2,101.1,181.2,400.8,9.2,0
36,Male,16.1,46.3,91.1,30.3,33.6,6.11,7.9,181.8,98.6,179.8,398.7,9.9,0
73,Male,15.5,47.4,90.5,30.6,35.4,6.1,5.1,262.9,100.7,181.4,400.8,8.9,0
10,Male,13.5,46.8,90.0,30.4,34.9,6.1,5.0,287.3,101.0,180.8,401.2,8.7,0
11,Female,11.9,42.9,89.8,30.8,34.1,5.53,10.1,257.9,99.9,158.2,400.8,8.5,0
4,Female,13.5,42.5,91.5,30.1,35.1,5.4,6.3,188.9,100.5,159.1,400.9,10.0,0
17,Female,12.0,40.3,88.2,28.1,32.3,4.2,7.8,304.8,98.2,157.3,398.1,6.6,1
11,Female,11.0,40.4,88.2,28.1,32.0,4.2,5.5,357.2,98.5,157.1,398.4,6.7,1
68,Male,15.4,45.7,89.3,31.1,35.5,5.88,6.7,238.8,98.5,179.6,401.0,7.7,0
8,Female,12.9,43.0,91.0,31.2,34.9,5.18,7.1,254.6,100.2,160.2,401.5,9.5,0
88,Male,13.5,44.0,88.2,28.4,32.5,4.7,5.6,280.4,98.0,178.2,398.3,6.8,1
16,Female,14.2,42.8,90.6,30.8,34.1,5.4,5.7,273.2,100.2,159.2,400.1,8.9,0
77,Male,14.0,44.0,88.1,28.3,32.2,4.7,7.9,185.5,98.2,178.1,398.5,6.9,1
2,Female,12.4,43.2,91.4,30.2,34.4,5.4,6.9,257.7,101.3,159.8,401.4,8.7,0
53,Female,14.9,42.3,90.4,30.9,34.0,4.83,6.4,225.0,100.8,160.0,400.5,8.9,0
85,Female,15.1,42.0,90.7,30.9,34.2,4.9,10.5,336.6,100.5,160.3,400.5,9.3,0
4,Female,11.0,40.4,88.2,28.1,32.1,4.2,6.3,180.4,98.5,157.4,398.2,6.7,1
82,Male,16.7,47.5,90.7,30.1,35.4,5.41,4.9,220.2,100.3,180.7,400.3,9.5,0
67,Female,12.9,40.7,90.0,29.0,33.6,4.73,9.6,150.0,101.0,158.5,401.3,8.0,0
46,Female,12.2,40.5,88.4,28.2,32.1,4.2,6.8,348.9,98.4,157.0,398.5,6.7,1
11,Male,12.8,46.6,91.5,30.1,35.3,6.1,9.5,227.1,100.7,181.3,401.4,9.1,0
13,Male,16.1,46.3,91.4,30.3,34.4,6.1,5.7,216.0,100.9,180.1,400.1,9.1,0
63,Female,12.2,40.4,88.4,28.3,32.0,4.2,6.9,304.0,98.4,157.1,398.0,6.9,1
7,Male,11.0,44.4,88.1,28.1,32.4,4.7,8.2,188.3,98.5,178.2,398.3,6.8,1
86,Female,12.0,40.3,88.3,28.0,32.2,4.2,6.4,261.1,98.1,157.1,398.2,7.0,1
61,Female,13.9,42.8,90.9,30.6,34.8,4.93,5.5,348.3,100.3,159.8,401.2,9.1,0
11,Male,11.0,44.4,88.4,28.4,32.0,4.7,7.0,307.6,98.4,178.4,398.4,6.6,1
49,Female,14.8,42.9,90.3,30.4,35.1,5.4,7.0,284.0,101.3,159.0,401.3,9.2,0
19,Female,12.2,40.5,88.4,28.0,32.4,4.2,8.5,258.3,98.4,157.4,398.3,6.5,1
19,Male,15.5,46.4,90.2,30.4,34.3,5.44,6.0,273.4,101.4,181.3,401.0,9.5,0
55,Female,12.2,40.2,88.4,28.2,32.1,4.2,6.2,238.8,98.3,157.3,398.5,6.5,1
61,Female,12.2,40.1,88.3,28.4,32.5,4.2,5.7,268.5,98.3,157.2,398.3,6.7,1
13,Female,15.1,42.2,91.0,30.8,34.3,5.15,4.5,283.1,101.3,159.1,401.4,9.8,0
63,Male,13.6,44.2,88.4,28.1,32.4,4.7,6.5,248.3,98.1,178.2,398.5,6.6,1
60,Male,15.8,47.4,91.3,31.5,34.6,6.1,5.2,150.0,101.2,180.3,400.3,9.0,0
14,Male,15.8,46.5,90.3,30.9,35.2,6.1,4.5,327.5,101.3,181.1,401.1,8.8,0
17,Female,12.2,40.0,88.3,28.4,32.3,4.2,7.4,204.4,98.3,157.5,398.4,6.5,1
53,Male,13.6,44.0,88.1,28.5,32.3,4.7,8.2,201.0,98.4,178.4,398.3,6.9,1
79,Female,14.9,40.5,91.0,29.1,35.4,4.26,8.3,280.1,101.3,158.1,400.4,7.1,0
22,Male,13.8,44.1,88.2,28.0,32.1,4.7,6.3,220.6,98.4,178.5,398.4,6.5,1
51,Male,13.9,44.1,88.1,28.3,32.2,4.7,8.9,226.8,98.3,178.1,398.2,6.8,1
6,Female,13.5,42.1,91.3,30.7,34.5,5.4,5.9,281.7,100.6,160.3,400.8,8.6,0
51,Male,13.9,44.2,88.4,28.2,32.2,4.7,6.0,202.5,98.5,178.3,398.0,6.6,1
36,Male,16.2,47.4,90.3,30.0,34.1,5.74,7.0,223.8,100.5,180.3,401.1,8.8,0
87,Female,12.0,40.5,88.3,28.5,32.4,4.2,6.6,333.1,98.3,157.3,398.3,6.7,1
9,Female,11.0,40.1,88.4,28.2,32.4,4.2,7.7,254.0,98.3,157.1,398.1,6.6,1
33,Female,15.0,42.3,90.3,31.1,34.3,4.98,8.4,226.7,100.3,159.5,400.4,9.0,0
8,Male,12.5,47.1,89.5,28.9,34.4,6.12,5.5,257.7,98.5,178.8,401.3,8.7,0
9,Male,12.3,46.8,91.1,31.3,34.3,6.1,4.5,304.9,100.2,181.3,400.2,9.0,0
37,Male,16.1,46.1,90.6,31.2,35.2,6.1,7.1,217.4,100.2,180.3,401.4,9.2,0
19,Male,14.0,44.0,88.2,28.4,32.5,4.7,5.7,209.6,98.2,178.1,398.3,7.0,1
54,Male,15.7,45.4,89.1,29.1,35.4,4.36,7.1,298.0,99.6,179.9,398.6,9.0,1
29,Female,14.2,42.8,88.7,28.5,34.7,4.82,6.2,274.6,100.9,159.5,399.3,9.7,0
6,Male,12.6,46.3,91.0,30.0,35.2,5.52,6.3,189.3,100.7,180.5,400.5,9.9,0
9,Male,11.0,44.1,88.5,28.3,32.3,4.7,9.0,296.8,98.4,178.4,398.2,6.8,1
68,Male,16.8,47.4,91.4,31.3,35.3,5.83,7.6,200.3,100.7,180.1,401.0,9.3,0
27,Male,15.8,46.4,90.3,31.0,35.0,6.1,5.7,240.7,101.4,180.8,400.6,9.4,0
29,Male,15.9,45.2,89.4,29.0,33.8,4.89,5.9,218.1,101.0,181.0,400.1,8.8,1
20,Male,16.1,47.3,91.1,29.2,34.4,4.79,8.3,275.6,99.3,179.3,399.1,7.9,0
61,Female,14.1,42.7,90.7,30.1,34.8,5.4,7.2,334.5,101.2,160.1,400.3,9.1,0
2,Male,13.5,46.5,91.0,30.8,35.0,6.1,4.9,288.2,100.1,180.7,401.3,9.4,0
39,Male,13.6,44.3,88.2,28.4,32.2,4.7,6.9,254.2,98.4,178.2,398.0,6.8,1
6,Male,11.0,44.1,88.4,28.4,32.5,4.7,8.5,192.9,98.4,178.4,398.2,6.9,1
6,Female,13.1,42.6,90.1,30.9,34.1,5.4,4.5,397.8,100.1,160.0,400.6,9.1,0
7,Male,13.2,46.1,90.4,30.1,34.9,6.1,6.6,205.4,100.7,180.6,400.2,9.1,0
14,Female,12.0,40.0,88.3,28.4,32.2,4.2,8.7,253.9,98.3,157.1,398.1,6.7,1
75,Male,13.5,44.1,88.3,28.5,32.3,4.7,7.0,243.9,98.1,178.0,398.1,7.0,1
13,Female,14.6,42.4,90.2,30.0,35.1,5.4,5.6,247.2,100.3,160.2,400.7,9.9,0
19,Male,16.7,47.2,90.9,30.5,34.3,5.89,5.3,271.7,100.4,180.7,400.3,9.4,0
90,Male,15.5,47.4,90.6,31.3,34.1,5.62,5.3,184.5,101.3,180.0,401.0,8.7,0
73,Female,13.9,43.1,91.1,31.5,34.5,5.02,7.9,292.9,101.5,159.5,401.2,8.6,0
5,Female,11.0,40.3,88.3,28.3,32.3,4.2,6.8,244.7,98.0,157.0,398.0,6.8,1
8,Male,11.0,44.0,88.2,28.2,32.1,4.7,5.8,240.3,98.1,178.2,398.0,6.9,1
63,Female,12.1,40.4,88.4,28.1,32.1,4.2,7.2,291.1,98.2,157.3,398.3,7.0,1
14,Female,13.9,43.0,90.2,30.1,35.1,5.4,4.9,344.3,100.1,160.1,401.2,8.6,0
21,Male,16.8,47.0,90.1,28.8,35.3,5.07,5.9,285.9,100.4,179.8,400.0,7.6,1
19,Female,14.2,42.5,91.3,31.2,34.4,4.92,8.9,215.3,100.2,160.0,401.3,8.8,0
66,Male,13.6,44.3,88.5,28.1,32.1,4.7,5.7,305.8,98.2,178.4,398.3,6.8,1
60,Female,12.1,40.5,88.3,28.1,32.2,4.2,6.0,260.8,98.4,157.4,398.4,6.6,1
81,Female,12.0,40.3,88.2,28.0,32.2,4.2,7.0,183.5,98.1,157.2,398.4,6.5,1
84,Female,12.0,40.1,88.2,28.2,32.3,4.2,5.5,227.3,98.3,157.1,398.4,6.5,1
12,Female,12.0,40.3,88.2,28.1,32.1,4.2,8.6,244.6,98.2,157.3,398.4,7.0,1
0,Male,11.2,45.0,90.3,29.9,33.0,5.7,7.0,228.4,98.8,179.6,401.4,8.1,0
41,Female,13.0,41.9,91.5,30.3,34.2,5.04,7.8,203.0,98.6,158.5,399.4,7.2,0
18,Female,15.2,42.1,90.4,31.3,34.7,5.4,6.1,260.2,100.0,160.4,400.4,9.1,0
23,Female,14.4,42.1,90.1,30.4,34.2,5.18,6.9,244.5,100.3,160.3,401.3,9.0,0
62,Female,14.3,43.1,91.1,30.5,34.5,5.28,7.3,247.7,101.4,159.9,400.1,8.8,0
58,Female,12.1,40.0,88.1,28.4,32.1,4.2,6.4,272.7,98.1,157.4,398.4,6.6,1
15,Female,13.8,43.3,90.4,30.8,34.2,5.4,6.9,259.6,100.4,159.7,400.9,8.8,0
41,Male,16.9,47.0,90.7,31.2,34.7,6.1,7.6,210.1,100.7,180.5,400.7,8.8,0
17,Male,13.8,44.3,88.0,28.5,32.1,4.7,6.1,248.2,98.3,178.4,398.5,6.7,1
1,Female,12.4,42.4,90.8,30.2,35.4,5.4,7.5,270.5,101.4,159.8,401.2,8.6,0
4,Female,11.0,40.2,88.4,28.0,32.2,4.2,10.2,163.6,98.2,157.1,398.2,6.7,1
15,Male,16.0,47.5,90.0,30.0,35.2,5.7,9.4,224.0,100.9,180.4,400.8,9.9,0
2,Male,13.0,46.3,91.3,31.1,35.5,5.63,6.0,217.0,101.2,180.3,400.1,10.0,0
64,Female,15.1,40.7,90.9,31.3,34.5,4.28,7.8,225.8,98.8,158.9,400.9,9.5,1
48,Female,14.7,42.3,90.3,31.5,32.5,4.35,6.7,282.9,99.2,158.8,400.8,9.3,0
81,Male,16.7,47.4,90.3,30.0,34.5,5.45,6.9,314.9,101.0,180.6,400.5,8.8,0
71,Female,12.0,40.2,88.1,28.3,32.3,4.2,7.8,275.5,98.5,157.4,398.1,6.8,1
52,Male,14.0,44.2,88.2,28.2,32.2,4.7,7.1,333.4,98.4,178.1,398.0,7.0,1
38,Female,14.9,42.6,90.3,30.2,34.0,5.4,8.9,197.9,101.5,159.3,400.4,9.0,0
13,Male,16.0,46.3,91.2,30.7,34.3,5.69,7.7,221.1,100.3,180.8,400.7,9.4,0
61,Male,13.5,44.2,88.0,28.2,32.2,4.7,7.1,253.0,98.5,178.3,398.2,6.9,1
83,Male,14.0,44.4,88.4,28.5,32.1,4.7,6.6,254.5,98.4,178.1,398.5,6.9,1
84,Female,12.6,40.7,90.9,28.9,34.8,3.62,4.5,248.2,100.5,157.9,400.3,8.7,1
0,Female,13.0,40.9,88.7,29.4,34.8,5.88,5.5,238.2,100.7,160.0,398.8,8.3,1
2,Female,11.0,40.2,88.1,28.1,32.1,4.2,6.5,221.3,98.2,157.3,398.1,6.6,1
2,Female,12.9,43.0,90.2,30.8,34.2,5.4,6.6,170.7,101.0,160.3,400.2,9.8,0
70,Female,12.2,40.2,88.3,28.3,32.2,4.2,6.6,261.4,98.1,157.3,398.3,6.5,1
35,Female,15.2,41.9,89.9,30.2,34.6,5.4,8.3,253.2,99.0,158.1,400.7,9.2,0
66,Male,14.0,44.0,88.4,28.0,32.5,4.7,7.0,231.4,98.3,178.2,398.3,6.9,1
21,Male,13.8,44.0,88.5,28.3,32.0,4.7,7.6,266.4,98.2,178.1,398.5,7.0,1
29,Male,13.6,44.4,88.3,28.3,32.4,4.7,4.7,224.9,98.3,178.1,398.3,6.7,1
45,Female,12.1,40.2,88.2,28.2,32.4,4.2,7.0,265.8,98.4,157.3,398.4,6.8,1
15,Male,13.7,44.4,88.1,28.2,32.3,4.7,8.5,231.8,98.3,178.4,398.5,6.9,1
17,Female,14.0,42.6,90.8,30.1,34.2,5.28,8.7,244.0,100.3,159.5,400.7,8.9,0
6,Female,13.4,42.0,90.1,31.4,35.3,5.4,9.1,248.5,100.2,160.0,400.7,9.6,0
72,Male,16.3,46.5,90.6,30.9,35.4,6.09,7.0,258.3,100.2,180.3,401.1,8.6,0
83,Female,12.2,40.0,88.3,28.3,32.2,4.2,7.5,234.7,98.1,157.5,398.1,6.9,1
7,Female,13.1,42.3,91.3,30.9,34.1,5.25,4.7,305.0,100.8,160.4,400.5,9.0,0
31,Female,14.7,42.3,90.3,30.3,34.6,5.1,7.3,269.3,101.3,160.3,401.1,8.9,0
87,Male,16.9,46.4,90.7,30.3,34.8,6.1,8.4,220.4,101.4,180.1,401.1,8.9,0
10,Male,12.9,44.6,90.4,29.3,32.7,4.72,6.5,229.5,100.6,181.0,399.8,8.3,0
25,Female,13.9,42.3,91.1,31.3,35.1,5.4,7.4,229.1,100.2,159.5,400.5,9.0,0
3,Male,13.1,46.2,90.0,31.4,34.4,6.1,8.3,188.5,101.4,181.4,400.8,9.7,0
14,Female,15.0,42.9,90.9,30.1,35.1,5.4,5.2,245.2,101.5,159.4,400.6,8.6,0
2,Male,12.2,47.2,90.7,30.8,34.0,5.07,5.4,150.0,98.7,178.8,399.4,8.2,1
15,Male,16.9,47.3,91.4,30.7,34.8,6.1,8.0,266.4,101.1,181.5,400.5,9.7,0
17,Female,12.0,40.0,88.1,28.2,32.2,4.2,5.9,165.5,98.2,157.3,398.5,6.8,1
2,Female,11.0,40.1,88.3,28.4,32.3,4.2,8.0,343.7,98.5,157.3,398.5,6.5,1
6,Male,13.5,47.3,91.3,30.7,34.6,5.81,7.0,252.3,101.2,181.4,401.3,8.9,0
18,Male,13.7,44.3,88.1,28.3,32.0,4.7,6.3,220.5,98.0,178.2,398.2,6.6,1
5,Female,11.0,40.3,88.4,28.2,32.1,4.2,8.0,308.1,98.3,157.5,398.3,6.5,1
63,Female,12.1,40.1,88.2,28.4,32.1,4.2,5.1,331.4,98.2,157.1,398.3,6.8,1
24,Female,12.7,42.6,89.7,29.7,33.6,6.18,7.2,242.3,101.1,159.5,399.3,8.9,1
26,Female,13.7,42.3,89.5,29.3,35.3,5.46,5.9,210.4,100.7,158.7,400.0,9.4,1
7,Male,11.0,44.3,88.4,28.4,32.2,4.7,7.3,219.9,98.5,178.1,398.1,6.8,1
38,Female,12.0,40.4,88.3,28.4,32.3,4.2,4.5,171.4,98.4,157.3,398.1,6.9,1
65,Male,16.7,46.1,90.5,30.5,34.5,6.1,6.3,163.2,100.6,181.1,400.9,9.5,0
10,Female,13.0,42.3,90.4,30.1,34.0,5.4,7.4,245.7,100.3,160.2,400.5,8.8,0
13,Female,12.0,40.1,88.3,28.3,32.3,4.2,7.8,287.0,98.0,157.1,398.3,6.6,1
4,Female,11.0,40.1,88.0,28.2,32.1,4.2,9.3,232.0,98.1,157.4,398.2,6.8,1
10,Male,11.0,44.1,88.4,28.2,32.4,4.7,8.2,178.2,98.2,178.1,398.1,6.7,1
46,Male,14.8,47.5,89.6,28.9,35.5,4.8,7.8,266.4,99.6,180.4,398.7,8.2,0
17,Male,13.9,44.2,88.4,28.1,32.3,4.7,5.1,261.4,98.5,178.3,398.3,7.0,1
5,Male,11.0,44.3,88.4,28.1,32.2,4.7,7.8,206.9,98.0,178.3,398.1,6.5,1
16,Female,12.0,40.1,88.4,28.4,32.4,4.2,4.8,265.7,98.4,157.3,398.5,6.8,1
0,Female,13.5,42.6,90.2,30.4,34.6,5.4,6.5,265.3,101.1,159.3,401.3,9.0,0
14,Male,16.1,47.2,91.1,30.1,34.9,5.6,4.5,302.3,100.1,180.8,400.6,8.7,0
37,Male,13.6,44.0,88.2,28.5,32.2,4.7,6.6,252.0,98.3,178.5,398.3,6.8,1
43,Male,16.9,47.3,90.6,30.1,34.1,5.83,8.8,340.9,101.0,181.1,400.0,8.7,0
41,Female,15.1,43.0,91.5,30.1,35.1,5.27,6.3,223.3,100.5,160.2,400.9,8.9,0
1,Female,13.5,42.1,90.7,29.7,33.2,5.26,5.5,201.7,100.7,160.1,400.0,7.1,1
5,Male,11.0,44.2,88.4,28.3,32.3,4.7,8.8,245.7,98.0,178.3,398.1,6.8,1
81,Male,13.7,44.2,88.4,28.1,32.4,4.7,5.5,171.1,98.2,178.1,398.3,6.7,1
21,Male,16.7,47.1,91.0,30.7,35.3,6.1,6.8,236.6,100.9,181.1,400.8,9.7,0
18,Female,12.1,40.2,88.2,28.4,32.1,4.2,7.1,274.5,98.5,157.4,398.5,7.0,1
63,Male,14.0,44.4,88.5,28.2,32.5,4.7,7.5,231.9,98.2,178.1,398.4,6.6,1
77,Male,13.9,44.2,88.1,28.1,32.5,4.7,8.2,222.5,98.3,178.4,398.3,6.9,1
14,Male,15.8,44.5,90.3,28.7,33.8,6.7,9.1,328.1,100.5,178.9,398.8,8.1,0
75,Female,15.0,42.0,90.2,31.1,34.2,5.4,8.4,312.4,101.2,159.8,401.3,9.4,0
59,Male,13.5,44.0,88.0,28.1,32.0,4.7,7.4,238.2,98.4,178.3,398.0,6.9,1
13,Female,14.4,42.3,90.9,30.9,34.8,4.94,7.2,285.9,100.4,160.0,400.5,9.3,0
1,Female,13.3,43.2,90.4,31.1,35.2,5.16,8.0,216.1,100.3,160.0,401.3,9.9,0
15,Female,14.2,43.4,90.4,31.3,34.3,5.4,5.3,222.8,101.4,159.3,401.5,8.7,0
46,Female,13.9,43.1,90.4,31.0,34.5,5.4,7.8,241.8,100.2,159.1,401.2,9.1,0
15,Male,16.2,46.8,91.0,30.1,35.1,5.49,8.9,243.8,100.7,180.2,401.5,9.8,0
80,Female,14.0,43.4,91.5,31.3,34.4,5.22,9.3,159.7,101.5,160.4,401.4,8.6,0
15,Female,14.6,42.2,90.9,30.9,35.2,4.87,8.2,246.8,101.5,159.3,401.3,8.7,0
10,Female,12.3,40.7,89.6,30.8,34.8,5.28,7.2,269.6,99.5,159.5,399.6,8.8,0
39,Male,15.2,46.1,91.2,30.4,35.1,5.06,9.7,301.6,101.2,180.9,398.9,9.0,0
16,Male,14.5,46.7,91.3,30.1,33.6,6.0,8.4,278.4,101.3,179.5,398.9,9.7,1
62,Male,16.7,46.8,90.9,31.1,35.4,5.54,8.8,200.5,101.4,181.5,401.0,8.8,0
12,Male,13.6,44.2,88.4,28.1,32.1,4.7,8.1,381.6,98.1,178.3,398.5,6.6,1
79,Female,12.1,40.0,88.2,28.3,32.1,4.2,9.6,221.4,98.1,157.2,398.2,6.6,1
0,Female,11.0,40.2,88.3,28.1,32.0,4.2,4.7,233.6,98.2,157.3,398.5,6.9,1
19,Male,13.9,44.4,88.5,28.3,32.3,4.7,10.2,241.8,98.3,178.4,398.5,6.7,1
12,Female,13.8,43.1,90.8,31.4,34.9,5.4,5.7,228.1,101.2,160.2,400.3,9.6,0
19,Female,15.2,42.2,90.4,30.2,34.5,5.23,8.3,266.6,100.3,159.5,400.3,9.9,0
14,Female,14.7,42.6,91.2,31.4,34.0,4.92,5.3,287.3,101.4,160.0,400.6,9.1,0
1,Female,11.0,40.1,88.2,28.1,32.5,4.2,6.6,206.3,98.1,157.4,398.2,6.8,1
18,Female,12.0,40.4,88.2,28.4,32.1,4.2,6.1,214.1,98.1,157.2,398.3,6.6,1
73,Female,12.0,40.2,88.0,28.1,32.1,4.2,7.0,211.0,98.2,157.1,398.3,6.6,1
26,Female,14.2,42.9,90.2,31.4,35.4,5.4,8.4,176.6,100.9,159.6,400.4,8.8,0
65,Male,13.9,44.1,88.0,28.1,32.4,4.7,5.1,215.5,98.4,178.2,398.3,6.5,1
31,Male,16.5,47.4,91.2,31.0,34.2,5.96,8.2,290.1,101.0,180.8,400.2,9.0,0
18,Female,14.9,42.0,90.7,30.1,34.8,5.32,6.9,226.6,100.9,159.4,401.1,9.1,0
70,Male,13.5,44.3,88.3,28.5,32.4,4.7,7.6,274.7,98.0,178.5,398.3,6.8,1
17,Female,14.5,42.5,90.3,31.3,35.1,5.32,7.9,315.6,100.0,159.6,400.4,8.8,0
14,Male,16.1,47.2,91.2,30.3,35.1,5.84,5.4,197.5,101.1,180.3,400.0,9.6,0
27,Male,15.7,46.6,91.2,30.7,35.3,5.91,5.8,287.9,101.5,180.8,401.4,9.3,0
72,Female,13.9,42.9,91.1,30.9,34.4,5.19,5.2,237.3,101.0,160.4,400.1,9.8,0
40,Male,16.2,44.6,89.7,30.9,32.9,5.7,6.3,276.5,100.9,179.4,399.7,9.3,0
15,Female,12.0,40.4,88.3,28.4,32.2,4.2,6.9,216.8,98.1,157.1,398.3,6.8,1
8,Male,11.0,44.2,88.2,28.3,32.4,4.7,9.2,319.4,98.3,178.5,398.5,6.7,1
10,Female,11.0,40.4,88.5,28.2,32.3,4.2,8.0,262.2,98.1,157.5,398.1,6.6,1
53,Male,13.8,44.2,88.2,28.0,32.3,4.7,6.8,215.4,98.2,178.4,398.1,7.0,1
75,Male,13.9,44.1,88.4,28.4,32.2,4.7,7.3,247.6,98.3,178.1,398.4,6.9,1
14,Female,13.1,41.0,89.8,30.5,33.6,5.31,9.4,242.6,98.9,159.4,401.1,9.7,1
34,Male,15.8,47.1,91.0,30.2,34.8,6.1,7.6,233.9,100.1,181.2,400.9,9.0,0
15,Male,15.9,46.2,90.7,30.6,34.9,6.1,7.1,333.1,100.2,181.3,400.5,10.0,0
15,Female,12.0,40.0,88.3,28.2,32.1,4.2,6.7,257.6,98.1,157.1,398.2,6.5,1
11,Female,12.7,43.3,91.5,30.2,34.0,5.4,6.2,194.4,100.6,160.4,401.0,8.6,0
23,Female,12.0,40.0,88.2,28.3,32.1,4.2,4.6,303.1,98.4,157.3,398.2,6.6,1
26,Female,13.8,42.7,90.1,30.7,34.3,4.8,7.8,297.3,101.2,160.3,401.5,8.7,0
71,Male,16.4,47.4,90.1,30.2,35.3,5.56,6.8,233.5,100.7,180.9,400.8,9.9,0
15,Male,16.7,46.4,91.1,30.3,34.1,5.7,6.2,198.8,100.6,180.8,400.7,8.9,0
78,Male,14.0,44.5,88.3,28.3,32.2,4.7,7.5,279.2,98.3,178.3,398.1,7.0,1
8,Male,12.9,45.8,89.7,28.7,35.2,6.54,8.9,237.0,100.4,179.3,399.0,7.2,1
18,Male,13.9,44.2,88.4,28.4,32.0,4.7,7.5,282.4,98.2,178.1,398.0,6.6,1
12,Female,14.5,42.7,90.9,30.4,34.3,5.4,8.5,287.2,100.2,159.3,400.9,9.8,0
29,Female,12.0,40.1,88.5,28.4,32.2,4.2,7.1,224.4,98.4,157.4,398.4,6.6,1
20,Male,13.5,44.1,88.3,28.3,32.0,4.7,6.0,313.8,98.3,178.2,398.2,6.8,1
53,Male,13.6,44.2,88.1,28.1,32.4,4.7,5.5,324.5,98.3,178.2,398.4,6.9,1
89,Female,15.2,42.7,91.0,30.3,34.4,5.4,7.6,255.7,100.9,159.1,400.6,8.9,0
10,Male,11.0,44.3,88.1,28.4,32.2,4.7,6.7,258.2,98.2,178.4,398.3,6.5,1
25,Female,15.0,42.7,90.4,30.4,34.5,5.4,7.0,312.5,100.6,160.2,400.4,9.5,0
19,Female,14.0,42.2,91.2,31.0,35.2,5.03,6.5,294.3,100.2,159.4,400.3,9.2,0
10,Female,12.7,43.2,90.2,31.0,34.6,5.4,7.7,186.1,101.0,159.1,401.2,9.8,0
10,Female,11.0,40.3,88.4,28.2,32.2,4.2,9.7,230.1,98.4,157.3,398.4,6.8,1
6,Female,11.9,41.2,89.2,29.4,33.4,5.04,5.1,289.7,98.9,158.8,399.4,9.8,1
35,Female,15.0,42.4,90.1,30.9,32.9,5.91,9.3,290.4,100.4,160.0,400.9,8.7,1
4,Female,12.8,42.4,90.1,29.4,35.0,5.88,6.2,214.6,100.7,159.7,399.2,8.6,0
39,Male,16.6,47.2,91.1,30.3,35.0,5.42,5.7,169.5,101.3,180.6,400.0,9.0,0
76,Female,12.0,40.3,88.2,28.2,32.3,4.2,5.5,217.2,98.2,157.4,398.3,6.9,1
84,Female,15.1,43.2,90.2,31.4,34.8,5.4,7.3,180.1,100.5,160.5,400.7,9.6,0
69,Male,15.5,44.6,89.9,31.3,35.0,4.04,6.9,232.6,98.8,179.6,400.6,8.0,0
9,Female,11.0,40.4,88.5,28.1,32.5,4.2,5.6,246.5,98.3,157.3,398.3,6.8,1
13,Female,12.2,40.2,88.1,28.3,32.1,4.2,4.5,217.5,98.3,157.4,398.1,7.0,1
17,Female,13.6,41.9,89.2,28.8,33.3,5.35,7.0,223.3,99.8,158.3,399.4,7.7,1
70,Female,12.0,40.5,88.3,28.4,32.4,4.2,6.4,268.7,98.1,157.3,398.2,7.0,1
81,Male,16.2,46.2,91.4,30.9,35.3,6.1,7.4,237.2,101.3,180.8,400.2,8.7,0
16,Male,13.6,44.0,88.1,28.3,32.3,4.7,6.5,169.8,98.1,178.3,398.4,6.7,1
56,Female,14.4,43.0,91.2,31.5,34.3,5.32,8.7,258.0,101.5,159.8,400.2,9.0,0
12,Male,13.6,44.3,88.2,28.2,32.5,4.7,6.5,270.7,98.2,178.5,398.2,6.8,1
80,Male,13.6,44.2,88.5,28.0,32.4,4.7,10.4,248.8,98.3,178.5,398.0,6.9,1
18,Female,14.5,43.4,91.2,30.8,34.2,5.4,7.5,370.9,100.9,160.4,400.9,8.9,0
12,Female,12.2,40.3,88.5,28.3,32.4,4.2,5.2,243.5,98.1,157.5,398.3,6.8,1
75,Female,12.2,40.4,88.2,28.1,32.2,4.2,10.4,323.1,98.3,157.4,398.5,6.7,1
3,Female,11.0,40.4,88.0,28.0,32.1,4.2,6.4,186.1,98.3,157.2,398.2,6.9,1
85,Female,12.1,40.5,88.1,28.2,32.3,4.2,5.6,293.6,98.1,157.3,398.3,6.8,1
66,Female,12.0,40.5,88.0,28.3,32.3,4.2,6.7,238.1,98.5,157.5,398.1,6.5,1
13,Male,16.9,46.2,91.5,30.3,35.2,5.91,8.6,185.7,100.8,180.7,400.7,9.6,0
25,Female,14.3,42.2,90.4,31.4,34.5,4.96,7.0,195.8,100.5,160.3,401.3,9.2,0
86,Male,16.8,45.3,89.0,31.0,34.6,5.35,8.3,257.1,101.4,178.5,400.7,9.9,1
76,Female,12.0,40.4,88.3,28.3,32.4,4.2,9.8,262.3,98.1,157.1,398.2,6.7,1
16,Male,16.3,47.0,90.6,31.1,35.3,5.63,4.5,191.6,101.0,180.4,401.0,9.8,0
8,Female,13.1,42.9,91.4,30.9,35.5,4.85,5.9,323.2,100.9,159.5,400.2,9.6,0
19,Male,16.4,46.2,91.1,31.0,34.0,6.02,8.8,189.5,100.3,180.9,401.4,9.7,0
17,Male,13.6,44.2,88.2,28.3,32.2,4.7,7.5,316.2,98.4,178.3,398.1,6.5,1
30,Male,14.3,45.7,90.2,30.4,33.4,3.92,7.9,160.0,99.6,179.6,401.0,8.3,0
47,Male,15.0,45.0,90.7,30.2,33.1,4.49,8.2,247.7,101.5,180.0,398.8,9.4,0
19,Male,14.0,45.6,89.6,30.0,35.4,4.14,6.6,175.1,99.5,180.2,400.9,8.3,0
13,Male,15.7,47.0,91.0,31.3,35.1,6.07,9.3,296.6,100.8,180.7,401.0,9.3,0
39,Female,12.0,40.3,88.2,28.3,32.2,4.2,6.4,277.3,98.2,157.3,398.4,6.7,1
7,Female,12.8,42.5,90.0,31.5,34.9,5.4,7.4,220.9,100.4,160.5,401.4,9.6,0
14,Female,14.7,42.4,91.4,30.4,35.0,5.4,5.3,233.4,100.1,160.4,401.1,9.9,0
2,Female,12.1,42.3,89.5,28.9,32.7,4.92,6.3,196.0,99.4,158.6,399.0,9.3,1
80,Male,16.6,46.8,90.7,31.0,34.1,5.74,8.6,267.7,100.6,180.4,400.8,9.4,0
65,Female,12.0,40.3,88.0,28.3,32.2,4.2,7.9,301.2,98.5,157.1,398.2,6.6,1
16,Female,14.9,42.3,91.0,30.2,34.2,4.85,7.3,289.5,100.5,160.2,400.9,9.4,0
36,Female,14.0,42.7,90.6,30.1,35.2,5.4,8.1,175.9,100.5,160.2,401.0,8.6,0
16,Male,16.7,46.3,90.0,30.9,35.5,5.9,7.3,200.4,101.4,181.2,400.9,9.0,0
15,Male,13.6,44.1,88.3,28.3,32.1,4.7,8.8,258.8,98.1,178.3,398.2,7.0,1
7,Male,11.0,44.4,88.4,28.0,32.4,4.7,7.4,274.5,98.1,178.2,398.2,6.7,1
25,Female,15.1,41.4,90.9,28.9,33.6,4.63,5.8,255.0,99.7,158.4,399.9,9.2,0
38,Female,14.5,43.3,90.5,31.3,34.7,4.8,7.9,268.1,100.7,159.7,401.2,9.8,0
58,Female,14.2,43.0,91.2,30.2,35.4,4.85,8.1,249.4,100.7,160.4,400.4,9.4,0
14,Male,15.9,46.8,90.8,30.2,34.9,5.87,8.3,266.4,101.0,180.5,400.8,9.5,0
16,Female,12.2,40.4,88.2,28.3,32.1,4.2,9.0,179.5,98.1,157.1,398.2,6.6,1
24,Male,15.7,46.8,90.1,31.2,34.8,6.1,4.5,186.8,100.1,180.8,400.8,9.2,0
36,Female,12.1,40.5,88.2,28.5,32.2,4.2,6.5,254.1,98.0,157.5,398.2,6.5,1
8,Female,11.0,40.5,88.2,28.3,32.0,4.2,8.0,195.1,98.1,157.2,398.3,6.7,1
9,Female,11.0,40.4,88.4,28.3,32.5,4.2,8.7,246.3,98.3,157.3,398.1,7.0,1
17,Female,12.0,40.5,88.4,28.3,32.3,4.2,7.6,188.1,98.0,157.3,398.3,6.7,1
15,Female,13.3,40.6,90.7,29.0,34.4,3.9,8.6,272.7,101.1,159.4,399.5,8.7,0
10,Female,13.5,42.4,90.1,30.2,34.1,3.58,6.6,263.3,99.4,158.6,399.8,8.4,0
17,Female,14.5,42.7,90.4,30.9,34.5,5.35,7.3,205.3,101.0,160.1,401.4,9.6,0
49,Female,14.5,42.5,91.2,30.1,34.1,5.32,9.1,237.9,101.4,159.8,400.7,8.8,0
33,Female,12.0,40.1,88.4,28.1,32.4,4.2,7.1,330.0,98.4,157.3,398.1,6.8,1
16,Male,13.6,44.1,88.2,28.3,32.4,4.7,7.4,191.9,98.3,178.2,398.3,6.8,1
83,Female,12.0,40.4,88.4,28.3,32.2,4.2,7.2,267.8,98.4,157.4,398.1,6.8,1
56,Male,14.2,45.1,91.3,29.0,34.4,4.02,4.5,259.7,100.6,180.0,400.0,8.9,0
16,Female,14.8,43.3,89.2,31.2,32.6,5.82,5.7,255.1,98.7,157.9,398.6,9.1,0
18,Male,13.6,44.2,88.2,28.3,32.3,4.7,7.4,250.9,98.1,178.1,398.4,6.7,1
14,Male,13.9,44.1,88.3,28.5,32.2,4.7,5.2,150.0,98.4,178.1,398.4,6.6,1
19,Male,13.7,44.1,88.1,28.3,32.2,4.7,8.2,284.5,98.3,178.2,398.4,6.7,1
87,Female,12.0,40.0,88.3,28.5,32.3,4.2,5.1,363.4,98.1,157.1,398.1,6.8,1
3,Male,11.0,44.2,88.2,28.2,32.4,4.7,8.9,281.8,98.0,178.3,398.3,6.6,1
14,Male,13.7,44.0,88.1,28.2,32.0,4.7,6.4,221.0,98.4,178.0,398.5,6.6,1
71,Male,16.6,47.0,90.4,31.0,35.4,6.1,7.5,292.4,100.5,180.3,400.2,8.6,0
15,Female,12.0,40.0,88.0,28.1,32.2,4.2,7.4,221.8,98.3,157.3,398.5,7.0,1
89,Female,14.0,42.6,91.3,31.3,34.9,5.4,7.4,290.7,100.3,160.1,401.2,9.5,0
18,Female,14.2,42.4,90.5,30.3,34.4,5.19,4.5,256.5,101.0,159.8,400.3,9.7,0
43,Female,12.0,40.3,88.1,28.4,32.4,4.2,8.6,297.2,98.2,157.1,398.4,6.5,1
15,Male,15.8,46.3,90.5,30.5,35.4,6.1,5.8,279.6,101.4,181.2,400.2,9.8,0
7,Male,11.0,44.1,88.3,28.0,32.0,4.7,4.5,289.0,98.3,178.3,398.3,6.5,1
13,Female,14.6,42.8,91.4,30.5,35.5,5.26,6.9,245.3,100.6,160.0,400.8,9.1,0
0,Male,11.0,44.2,88.4,28.2,32.1,4.7,8.0,297.2,98.2,178.5,398.2,6.7,1
18,Male,16.8,46.3,90.6,31.2,34.0,5.57,8.9,214.3,101.0,180.9,400.8,9.8,0
9,Female,13.4,42.0,91.4,30.1,34.7,5.4,5.9,249.0,100.3,159.9,400.1,9.1,0
0,Female,11.0,40.3,88.4,28.1,32.3,4.2,5.6,161.6,98.0,157.2,398.2,6.8,1
78,Male,13.8,44.0,88.3,28.1,32.2,4.7,8.8,286.5,98.2,178.5,398.4,6.7,1
73,Female,14.5,42.1,90.9,30.4,34.3,5.4,9.0,208.7,100.9,160.2,400.1,8.9,0
13,Female,12.2,40.3,88.0,28.4,32.5,4.2,5.0,267.8,98.1,157.3,398.4,6.7,1
13,Male,15.5,46.5,91.0,30.2,34.3,5.77,6.9,288.2,98.8,181.1,398.7,7.1,0
9,Female,11.0,40.3,88.4,28.4,32.0,4.2,5.9,260.9,98.0,157.3,398.1,6.6,1
39,Female,15.2,43.2,90.5,31.4,35.0,5.04,6.8,227.6,101.2,159.9,400.8,8.5,0
23,Female,12.0,40.0,88.1,28.3,32.5,4.2,4.5,227.6,98.2,157.4,398.4,6.7,1
17,Female,14.1,42.1,90.9,30.8,34.8,4.96,5.2,249.0,100.6,159.1,401.3,8.5,0
83,Male,15.8,46.9,91.1,31.1,34.3,6.1,4.9,230.5,100.8,181.3,401.5,9.6,0
19,Female,12.0,40.5,88.4,28.1,32.1,4.2,8.8,292.3,98.3,157.2,398.4,6.6,1
19,Female,14.0,43.2,90.5,30.0,34.9,5.17,6.8,257.8,100.7,159.4,401.0,9.3,0
27,Female,14.2,43.0,89.1,28.9,34.5,3.43,5.8,197.6,101.3,158.6,400.1,9.3,0
5,Female,12.6,42.4,90.4,30.3,35.1,5.4,5.2,196.4,101.3,159.9,400.4,9.6,0
81,Male,13.6,44.5,88.0,28.3,32.3,4.7,8.5,150.0,98.2,178.4,398.5,6.7,1
19,Female,14.7,43.2,91.0,30.5,34.6,4.88,8.5,261.0,100.6,160.2,401.2,8.6,0
21,Female,14.7,40.8,90.6,30.6,35.4,4.67,7.6,328.2,101.4,159.0,401.3,8.2,0
13,Female,14.6,42.9,91.1,31.4,34.7,5.33,8.4,248.9,101.5,160.5,400.3,9.2,0
71,Male,16.9,47.5,91.1,31.1,34.8,6.1,6.9,307.3,100.9,180.8,400.8,9.8,0
4,Male,13.5,46.3,91.4,31.0,35.2,6.1,5.6,216.2,101.1,180.4,401.3,8.7,0
65,Female,13.6,42.2,91.3,31.1,34.9,6.15,5.8,274.8,101.2,159.6,400.8,8.7,1
1,Female,11.0,40.4,88.0,28.4,32.0,4.2,5.4,326.6,98.1,157.3,398.4,6.7,1
1,Male,13.6,46.1,89.0,31.0,33.8,6.17,6.1,239.8,101.5,181.0,399.2,9.5,1
2,Female,13.3,42.1,90.3,30.3,34.8,5.11,7.6,343.0,100.0,160.1,400.3,9.7,0
57,Male,15.8,47.5,91.3,30.4,34.8,5.87,8.7,223.6,100.7,180.6,401.4,9.3,0
69,Male,15.9,46.8,90.4,30.8,35.1,6.1,7.8,216.2,101.0,180.0,400.1,9.5,0
88,Female,14.0,40.8,90.2,29.6,34.8,4.62,6.8,270.6,100.1,159.7,399.2,7.0,1
42,Male,16.3,46.5,90.5,30.4,34.7,5.91,9.3,263.2,101.0,180.4,400.8,9.8,0
3,Male,11.0,44.3,88.2,28.1,32.2,4.7,7.1,278.9,98.5,178.3,398.1,6.7,1
13,Male,13.6,44.4,88.4,28.2,32.4,4.7,7.9,299.8,98.2,178.4,398.1,6.6,1
32,Female,15.2,40.7,89.6,30.4,35.4,4.17,7.7,261.8,99.0,159.8,400.0,8.8,1
12,Male,13.8,44.0,88.2,28.4,32.3,4.7,6.4,299.3,98.3,178.3,398.4,6.8,1
62,Male,16.7,46.1,90.1,30.8,34.9,6.1,8.0,225.6,101.4,180.7,401.1,9.3,0
64,Female,13.8,42.3,90.9,31.3,34.3,5.4,7.3,193.9,100.0,159.8,400.8,8.6,0
39,Male,14.4,45.4,89.3,29.4,33.8,4.69,4.9,212.6,101.4,179.4,399.4,8.1,0
42,Female,14.7,42.5,91.2,31.4,34.8,5.4,7.9,233.4,101.4,160.1,401.2,9.2,0
77,Male,14.0,44.5,88.1,28.3,32.3,4.7,7.5,272.4,98.4,178.0,398.5,6.9,1
1,Female,13.1,42.2,90.6,30.6,35.1,5.4,7.4,287.1,100.5,160.2,400.7,8.8,0
87,Male,16.0,47.0,91.0,31.0,35.0,5.73,6.9,219.7,100.6,180.5,401.2,9.6,0
7,Female,13.7,40.8,90.3,30.1,34.7,3.97,5.2,307.4,101.4,158.9,400.6,7.5,0
46,Female,14.3,43.0,90.4,29.5,34.9,3.61,8.7,229.1,100.7,160.4,399.6,8.9,1
82,Male,15.9,46.1,90.8,30.5,34.8,5.71,8.4,226.5,101.3,181.5,400.5,9.6,0
14,Male,16.7,46.0,91.0,30.5,34.9,6.1,5.9,234.7,100.1,180.9,400.8,9.6,0
18,Male,16.6,46.3,90.4,31.2,35.4,5.6,4.8,249.4,100.1,180.5,400.2,9.6,0
81,Female,14.5,43.3,90.5,30.4,34.4,5.4,5.4,254.1,101.1,159.2,400.1,8.9,0
75,Female,12.0,40.3,88.3,28.2,32.2,4.2,7.7,220.0,98.4,157.2,398.0,6.5,1
12,Male,13.6,44.1,88.4,28.2,32.2,4.7,10.4,288.8,98.4,178.3,398.0,6.5,1
12,Male,13.5,44.2,88.2,28.0,32.0,4.7,4.5,252.1,98.4,178.1,398.4,6.6,1
38,Male,15.3,45.0,89.0,29.4,35.2,4.45,6.5,261.0,100.9,178.7,399.2,7.7,1
65,Female,13.8,43.4,91.1,31.1,34.6,5.4,7.9,289.9,100.4,159.9,400.8,9.3,0
3,Male,11.0,44.4,88.3,28.1,32.3,4.7,7.7,224.5,98.0,178.3,398.4,6.6,1
55,Male,13.8,44.4,88.3,28.2,32.0,4.7,8.8,326.7,98.1,178.4,398.1,6.7,1
53,Female,13.9,42.6,90.9,31.5,34.4,5.0,5.4,236.8,100.0,159.8,401.3,9.8,0
14,Male,14.0,44.4,88.5,28.4,32.1,4.7,6.1,199.2,98.2,178.4,398.2,6.9,1
48,Female,12.0,40.2,88.3,28.2,32.4,4.2,8.7,185.7,98.3,157.1,398.1,6.6,1
32,Female,14.5,42.0,89.9,29.7,32.6,5.83,6.5,363.9,100.1,158.1,401.4,7.8,1
15,Female,12.2,40.2,88.2,28.1,32.4,4.2,8.6,214.3,98.0,157.2,398.1,6.6,1
34,Male,14.0,44.2,88.1,28.3,32.3,4.7,6.7,282.8,98.5,178.4,398.5,6.6,1
29,Female,12.1,40.2,88.3,28.2,32.1,4.2,7.3,265.8,98.5,157.4,398.2,7.0,1
17,Male,13.8,44.5,88.4,28.2,32.2,4.7,5.8,262.6,98.1,178.2,398.3,6.8,1
67,Male,16.9,46.1,91.0,30.9,34.7,5.76,8.6,240.4,101.3,181.4,400.5,9.1,0
10,Male,11.0,44.4,88.4,28.2,32.4,4.7,6.4,279.5,98.3,178.3,398.2,6.9,1
27,Male,16.9,44.7,91.0,31.3,34.8,5.01,6.4,245.8,99.1,181.3,400.7,8.7,1
43,Female,14.0,42.5,90.8,30.0,34.3,5.06,6.0,224.4,100.3,160.5,400.9,9.6,0
1,Female,11.0,40.1,88.3,28.3,32.3,4.2,6.0,271.3,98.4,157.4,398.4,6.7,1
9,Male,11.0,44.3,88.3,28.1,32.1,4.7,6.6,219.1,98.3,178.3,398.1,6.5,1
9,Male,12.5,46.6,90.1,31.5,34.8,6.1,7.0,248.8,100.3,181.3,400.3,8.8,0
13,Male,16.4,47.3,91.4,30.1,34.8,5.96,8.8,276.4,100.4,180.8,401.1,8.7,0
14,Female,13.9,42.5,90.7,30.9,34.5,5.4,10.3,267.0,100.4,160.2,400.9,9.8,0
17,Female,14.2,42.0,90.1,31.2,34.1,5.4,9.3,232.7,100.2,160.4,400.1,8.6,0
12,Female,14.8,43.2,91.3,30.2,34.7,5.4,6.4,264.4,100.8,160.4,400.7,9.8,0
6,Male,12.6,47.0,90.1,30.7,34.2,5.68,6.3,187.2,100.1,180.6,400.8,9.2,0
67,Female,12.1,40.5,88.1,28.3,32.0,4.2,6.5,298.9,98.3,157.3,398.4,6.7,1
26,Male,14.0,44.3,88.2,28.3,32.0,4.7,5.5,203.6,98.4,178.2,398.3,6.7,1
18,Male,16.3,46.6,90.6,30.0,34.5,6.1,6.4,290.4,100.9,181.3,400.7,8.5,0
18,Male,16.3,46.9,90.2,30.6,34.5,6.0,6.8,330.3,101.4,180.4,400.6,9.7,0
22,Female,15.1,43.1,91.0,31.3,35.0,5.08,7.3,359.5,101.5,159.8,400.1,8.9,0
4,Female,13.5,42.8,91.0,30.2,34.3,5.4,5.6,279.8,100.9,160.4,400.5,8.8,0
18,Male,13.9,44.1,88.1,28.5,32.2,4.7,7.3,206.2,98.3,178.4,398.5,6.7,1
11,Male,11.0,44.3,88.1,28.1,32.3,4.7,8.1,252.6,98.1,178.0,398.4,6.9,1
71,Female,15.0,42.1,90.8,31.4,35.3,5.4,7.4,282.3,100.4,159.7,401.1,9.7,0
31,Male,13.8,44.4,88.1,28.4,32.4,4.7,8.8,273.4,98.4,178.3,398.4,6.7,1
54,Male,13.7,44.1,88.0,28.5,32.4,4.7,5.9,217.5,98.0,178.1,398.1,6.8,1
10,Female,12.4,43.0,91.4,30.3,35.3,5.4,7.1,374.6,100.8,159.3,401.0,8.9,0
81,Male,14.9,47.5,89.8,30.9,33.0,4.19,6.7,293.0,100.7,179.8,400.9,8.8,1
5,Male,11.0,44.2,88.3,28.5,32.1,4.7,6.6,260.9,98.5,178.3,398.5,6.9,1
4,Male,13.2,45.4,91.2,28.9,32.6,5.41,7.2,242.9,99.5,179.5,401.3,8.9,0
15,Female,15.1,42.9,88.6,29.8,35.1,4.05,7.5,307.5,98.5,160.2,401.2,9.5,1
1,Male,11.0,44.0,88.3,28.3,32.1,4.7,5.2,261.6,98.1,178.3,398.4,6.8,1
16,Male,15.9,46.5,91.0,31.1,35.1,6.1,6.6,316.1,100.2,180.8,401.4,9.7,0
70,Female,14.3,41.4,89.0,28.6,33.7,4.42,7.0,331.2,99.0,157.8,398.7,7.1,0
3,Female,13.4,42.9,91.0,30.7,34.3,5.4,10.6,291.5,101.5,160.5,400.9,8.6,0
19,Female,15.1,43.1,90.9,30.8,34.6,5.4,6.3,266.8,101.5,159.4,400.7,8.5,0
86,Female,12.0,40.4,88.4,28.3,32.5,4.2,9.6,184.2,98.3,157.3,398.2,6.8,1
3,Male,12.7,45.1,89.7,29.8,34.5,6.68,6.4,187.2,99.1,181.0,400.7,9.5,1
67,Male,16.4,46.0,91.5,30.4,34.4,6.1,9.3,262.3,100.6,180.7,400.8,9.1,0
22,Female,14.8,42.6,91.1,31.0,34.5,5.4,7.5,342.7,101.3,160.4,401.1,10.0,0
25,Female,12.2,40.4,88.5,28.1,32.2,4.2,10.0,276.4,98.2,157.2,398.3,6.7,1
1,Female,11.0,40.1,88.0,28.2,32.4,4.2,7.1,250.9,98.2,157.3,398.3,6.8,1
5,Male,13.7,45.5,90.5,31.1,35.5,5.63,7.3,183.8,100.5,179.9,399.4,7.9,1
86,Female,12.1,40.3,88.2,28.3,32.3,4.2,8.9,317.2,98.1,157.2,398.2,6.8,1
0,Male,12.6,44.6,89.0,29.2,35.0,5.74,6.1,212.5,99.9,178.8,399.7,9.4,0
0,Female,11.0,40.0,88.3,28.5,32.1,4.2,9.0,307.1,98.3,157.0,398.3,6.7,1
76,Female,14.3,42.9,90.9,31.1,34.3,5.4,4.5,222.0,100.7,160.4,401.4,8.9,0
11,Male,13.5,46.2,91.0,31.4,34.3,6.1,8.0,246.5,101.0,180.5,400.3,9.0,0
4,Male,11.0,44.1,88.0,28.2,32.3,4.7,5.9,286.8,98.2,178.3,398.1,6.9,1
19,Female,12.0,40.3,88.0,28.3,32.3,4.2,6.5,207.9,98.2,157.1,398.2,6.7,1
51,Female,15.1,42.6,91.1,30.3,35.2,5.31,8.5,245.5,101.2,160.4,400.5,8.7,0
68,Male,13.7,44.3,88.3,28.4,32.2,4.7,7.9,262.1,98.4,178.5,398.5,6.7,1
4,Female,11.0,40.5,88.4,28.4,32.1,4.2,5.9,237.5,98.4,157.2,398.3,6.9,1
8,Female,12.4,43.0,90.6,30.2,35.5,5.4,7.3,262.5,101.0,160.0,400.2,9.9,0
3,Female,12.3,43.1,91.5,31.0,34.6,5.4,9.4,267.4,100.9,159.1,400.3,8.6,0
89,Male,13.8,44.3,88.1,28.3,32.4,4.7,5.5,263.0,98.2,178.2,398.4,6.8,1
17,Female,12.0,40.5,88.4,28.1,32.2,4.2,8.5,218.8,98.3,157.4,398.5,6.6,1
2,Male,13.2,47.2,90.1,31.3,34.1,5.98,5.9,208.7,99.3,179.8,400.8,10.0,0
17,Male,15.7,45.0,89.7,30.1,33.4,5.15,6.9,240.9,100.4,179.9,400.2,9.3,1
75,Female,12.0,40.2,88.1,28.0,32.5,4.2,6.2,202.3,98.2,157.2,398.5,6.6,1
13,Male,16.2,47.1,91.2,31.1,35.4,6.07,6.1,228.9,100.8,180.3,400.1,8.6,0
0,Female,11.0,40.0,88.0,28.2,32.2,4.2,5.3,180.2,98.3,157.3,398.2,6.8,1
67,Female,14.5,43.2,90.1,30.7,34.0,5.4,4.5,268.6,100.5,159.7,400.2,8.8,0
66,Female,14.7,42.6,90.3,30.9,35.2,5.4,6.3,209.3,101.5,159.2,400.2,10.0,0
22,Female,13.8,42.1,90.1,31.4,35.3,5.4,6.8,245.6,100.6,159.9,401.2,8.6,0
12,Female,14.6,43.0,91.1,30.0,34.2,5.4,4.5,246.4,100.6,160.3,401.4,8.7,0
18,Male,15.8,46.0,91.1,30.2,34.4,5.85,4.5,311.1,101.0,180.1,400.2,9.2,0
29,Male,15.7,46.2,91.4,31.2,34.8,6.1,9.1,281.0,100.3,180.3,401.1,9.0,0
2,Female,13.6,42.7,88.6,30.3,34.4,6.25,8.2,203.4,101.5,160.3,399.6,7.4,0
57,Female,12.0,40.4,88.2,28.4,32.5,4.2,8.2,198.9,98.4,157.5,398.1,7.0,1
63,Female,12.2,40.3,88.4,28.3,32.4,4.2,7.2,291.9,98.2,157.3,398.0,6.8,1
28,Male,13.9,44.4,88.4,28.2,32.4,4.7,7.4,307.3,98.3,178.1,398.0,6.6,1
5,Female,11.0,40.4,88.5,28.4,32.1,4.2,9.3,298.2,98.0,157.3,398.3,6.8,1
14,Female,12.0,40.5,88.1,28.0,32.0,4.2,4.9,310.3,98.2,157.4,398.3,6.7,1
17,Male,13.9,44.1,88.3,28.2,32.5,4.7,5.8,269.5,98.5,178.0,398.0,6.5,1
46,Male,13.7,44.2,88.2,28.3,32.4,4.7,7.4,233.6,98.3,178.4,398.2,7.0,1
16,Female,14.8,43.1,90.5,30.7,35.3,5.4,6.3,259.3,100.1,159.2,400.9,9.3,0
17,Male,16.7,47.1,91.4,31.4,35.1,6.1,7.3,179.2,101.1,181.3,401.2,8.8,0
53,Female,12.2,40.3,88.5,28.5,32.3,4.2,6.5,244.1,98.4,157.3,398.5,6.5,1
37,Female,12.2,40.1,88.0,28.3,32.1,4.2,5.8,339.8,98.0,157.3,398.1,6.7,1
13,Male,13.9,44.2,88.1,28.0,32.3,4.7,6.4,255.5,98.2,178.4,398.0,6.9,1
86,Male,15.6,46.3,90.3,31.0,34.6,6.1,5.7,280.5,100.8,181.1,400.9,9.4,0
14,Male,13.6,44.4,88.3,28.1,32.2,4.7,5.6,220.9,98.2,178.3,398.5,6.6,1
6,Female,11.0,40.3,88.1,28.3,32.4,4.2,5.7,158.0,98.3,157.2,398.3,6.7,1
13,Female,12.1,40.2,88.2,28.4,32.4,4.2,7.7,329.9,98.5,157.3,398.4,6.9,1
14,Male,16.5,46.4,91.4,30.2,35.5,6.1,7.6,258.5,101.1,180.3,400.7,8.6,0
9,Male,13.5,46.8,91.4,30.1,34.6,5.79,8.2,187.3,100.3,180.8,400.7,10.0,0
84,Male,13.8,44.1,88.5,28.4,32.1,4.7,6.6,228.7,98.4,178.3,398.0,6.7,1
23,Male,16.4,45.8,90.7,31.3,35.1,5.59,6.4,216.6,101.0,180.8,399.7,8.6,0
26,Female,13.9,43.1,90.7,31.0,34.8,5.0,7.8,248.7,101.1,159.5,401.4,9.7,0
6,Female,13.1,42.9,90.8,30.9,34.3,5.4,6.1,150.6,100.5,159.7,400.9,9.8,0
71,Male,15.6,46.5,90.1,31.5,34.3,6.1,8.4,185.0,100.3,181.2,400.2,9.8,0
48,Female,12.0,40.3,88.2,28.5,32.1,4.2,6.6,277.8,98.3,157.0,398.1,6.5,1
46,Male,13.6,44.0,88.3,28.1,32.0,4.7,5.7,337.4,98.1,178.4,398.4,6.7,1
67,Male,16.9,47.3,90.6,28.8,33.8,6.63,7.5,250.1,99.1,180.3,399.1,9.4,1
15,Female,14.6,42.4,90.7,30.9,34.1,5.4,8.0,268.1,100.6,159.1,400.7,8.7,0
85,Male,16.8,47.2,91.2,30.0,34.1,6.1,5.7,231.2,101.0,181.0,400.2,9.2,0
11,Male,13.2,47.3,91.1,30.2,35.4,5.5,5.3,255.4,100.0,180.6,400.4,9.2,0
63,Male,16.1,46.2,90.1,30.2,35.4,6.1,8.0,252.2,100.9,181.1,400.4,9.4,0
58,Male,16.0,46.7,90.4,30.3,34.2,5.95,5.9,249.4,101.4,181.1,401.1,8.8,0
16,Female,12.0,40.1,88.0,28.0,32.1,4.2,6.3,266.5,98.4,157.1,398.1,6.6,1
14,Male,13.5,44.4,88.3,28.3,32.2,4.7,5.8,233.3,98.0,178.2,398.3,6.6,1
15,Female,14.1,43.1,89.2,28.8,35.4,6.0,8.1,198.8,99.6,159.2,398.7,8.6,0
0,Female,11.0,40.1,88.3,28.3,32.0,4.2,6.6,281.1,98.0,157.0,398.5,6.7,1
72,Male,13.6,44.1,88.4,28.0,32.2,4.7,7.5,236.2,98.4,178.5,398.1,6.5,1
67,Female,12.0,40.1,88.2,28.4,32.4,4.2,8.0,295.4,98.1,157.4,398.1,6.7,1
89,Female,14.3,42.2,90.9,31.4,35.0,5.4,8.3,170.5,101.3,159.6,400.4,9.2,0
18,Female,12.1,40.5,88.0,28.2,32.3,4.2,6.0,222.0,98.4,157.3,398.1,6.5,1
14,Male,14.9,44.9,90.4,29.4,33.8,5.33,8.5,275.8,101.4,179.8,401.1,8.6,0
40,Male,16.5,46.1,91.3,31.2,35.5,6.1,5.2,166.2,101.1,180.2,400.5,8.7,0
53,Male,16.3,46.6,90.1,30.5,34.6,6.1,7.3,178.3,101.5,181.2,401.5,10.0,0
18,Female,13.3,43.0,88.7,29.5,34.7,3.84,4.5,246.7,99.5,158.7,400.1,7.9,1
18,Female,12.0,40.3,88.1,28.1,32.4,4.2,8.7,231.9,98.1,157.1,398.3,6.8,1
68,Female,12.0,40.4,88.4,28.4,32.3,4.2,5.4,280.4,98.1,157.5,398.3,6.9,1
74,Male,16.4,46.7,91.4,30.4,35.0,5.57,9.2,217.4,100.3,180.9,400.2,8.7,0
89,Male,13.9,44.5,88.0,28.1,32.4,4.7,4.5,150.0,98.4,178.1,398.3,6.7,1
47,Male,15.6,46.4,90.5,30.2,34.8,5.42,7.6,241.0,100.5,180.5,400.7,9.3,0
7,Female,12.3,43.2,90.2,30.3,34.7,5.39,8.1,248.9,101.0,159.4,400.3,9.1,0
15,Male,16.2,46.5,90.7,30.5,34.8,5.76,7.0,265.1,100.3,180.7,401.3,8.5,0
76,Female,12.4,41.1,89.8,30.5,33.7,5.47,7.3,254.1,98.9,160.4,398.7,9.4,0
19,Male,13.7,44.4,88.3,28.5,32.4,4.7,6.3,221.0,98.1,178.2,398.4,6.9,1
15,Male,15.6,46.9,90.3,30.5,34.5,6.1,5.9,234.5,100.2,180.1,400.7,9.9,0
61,Male,16.5,47.4,91.3,31.2,34.7,5.86,8.7,447.1,100.9,180.3,401.0,9.2,0
77,Male,16.1,46.2,90.2,30.2,35.3,6.1,5.0,203.1,100.3,181.2,400.3,9.9,0
78,Female,12.0,40.1,88.1,28.1,32.4,4.2,6.8,150.0,98.3,157.4,398.4,6.7,1
52,Male,16.1,47.4,91.1,30.4,34.9,6.1,6.4,202.8,101.4,180.9,400.3,8.7,0
39,Male,15.0,45.6,90.7,30.7,34.3,5.13,4.7,208.8,98.7,178.6,401.3,7.4,1
13,Male,16.1,47.1,90.9,30.6,34.3,5.74,4.5,337.0,100.8,180.3,401.0,9.8,0
12,Male,13.8,44.3,88.5,28.3,32.3,4.7,8.5,177.5,98.2,178.4,398.1,6.7,1
76,Male,13.9,44.0,88.0,28.3,32.1,4.7,9.3,253.5,98.1,178.4,398.1,6.8,1
14,Female,12.6,41.4,90.8,30.6,35.0,5.11,6.9,367.5,99.4,159.0,398.9,10.0,0
17,Female,15.2,43.4,90.5,29.7,33.6,3.37,6.1,192.5,100.4,158.4,399.6,8.4,0
40,Male,16.8,47.3,90.7,30.7,34.3,6.1,6.1,221.9,101.0,180.4,401.4,8.5,0
74,Male,16.4,46.9,91.2,30.9,34.9,6.1,4.7,236.9,100.2,180.6,401.1,8.6,0
11,Female,11.9,43.1,89.4,30.3,34.8,5.65,7.4,150.0,100.7,159.5,400.5,7.8,1
34,Male,16.3,47.1,90.4,29.3,32.9,5.53,6.7,238.7,100.2,178.8,401.2,7.6,0
13,Male,14.0,44.4,88.4,28.2,32.1,4.7,7.0,217.9,98.3,178.2,398.3,6.7,1
17,Female,14.9,42.7,90.6,31.2,35.3,5.01,9.9,272.3,100.1,160.4,400.8,9.5,0
79,Female,13.2,42.9,89.2,31.3,33.6,5.86,8.7,150.0,100.9,158.4,398.5,7.5,1
1,Female,12.9,40.6,90.1,29.9,32.9,4.55,8.6,225.2,99.1,160.5,401.2,9.2,1
11,Male,11.0,44.4,88.5,28.2,32.2,4.7,8.1,296.0,98.0,178.0,398.3,6.6,1
6,Male,13.3,46.4,90.8,29.6,33.1,4.69,7.2,286.6,100.4,181.1,399.4,7.8,1
18,Male,13.9,44.2,88.1,28.3,32.0,4.7,8.8,285.9,98.3,178.3,398.3,6.9,1
12,Female,14.4,42.6,90.2,30.2,35.2,5.4,4.5,275.9,101.4,159.9,401.2,8.5,0
81,Male,13.5,44.5,88.2,28.5,32.4,4.7,8.5,244.8,98.2,178.2,398.3,6.9,1
13,Male,16.0,46.8,89.0,29.2,34.9,5.32,5.2,190.7,101.4,179.7,400.7,7.7,1
27,Female,12.0,40.4,88.4,28.1,32.2,4.2,8.2,238.8,98.3,157.4,398.1,6.6,1
10,Female,13.5,42.8,90.3,31.3,34.5,5.23,8.7,213.7,100.3,159.6,400.0,9.7,0
59,Female,15.0,42.3,90.5,31.4,34.8,5.4,8.9,285.0,101.4,160.2,401.4,9.7,0
59,Male,14.0,44.3,88.3,28.4,32.0,4.7,6.6,218.6,98.2,178.5,398.3,6.5,1
14,Male,13.7,44.2,88.3,28.2,32.0,4.7,5.1,360.1,98.2,178.5,398.3,6.9,1
79,Female,13.4,42.6,89.4,31.5,34.9,3.66,8.1,193.8,99.0,157.5,400.4,7.7,0
36,Male,13.6,44.4,88.3,28.2,32.0,4.7,6.7,232.0,98.1,178.3,398.3,6.6,1
15,Male,13.6,44.1,88.1,28.3,32.2,4.7,8.6,228.6,98.3,178.4,398.1,6.9,1
57,Male,14.9,44.9,88.8,31.0,34.3,5.02,7.9,150.0,99.3,178.6,399.7,9.6,0
40,Male,13.7,44.2,88.2,28.1,32.2,4.7,7.7,150.0,98.3,178.3,398.3,6.8,1
61,Male,14.1,46.9,90.5,30.7,33.1,4.71,6.9,243.1,99.6,181.2,399.3,9.4,1
38,Male,15.8,46.4,91.0,31.4,34.3,5.52,5.8,178.1,101.0,180.5,401.3,8.7,0
47,Female,14.8,43.4,91.1,30.9,35.1,5.15,5.3,308.8,100.3,159.4,401.0,9.7,0
45,Female,12.2,40.1,88.2,28.4,32.3,4.2,8.8,246.3,98.5,157.3,398.1,6.9,1
14,Male,13.9,44.5,88.2,28.3,32.0,4.7,7.3,231.5,98.1,178.4,398.2,6.9,1
83,Female,12.0,40.3,88.3,28.3,32.5,4.2,4.5,236.8,98.1,157.2,398.5,6.6,1
10,Male,12.3,46.5,90.4,31.4,34.8,5.92,5.4,262.0,100.7,180.9,400.7,9.1,0
24,Male,13.7,44.4,88.3,28.1,32.3,4.7,6.8,330.3,98.3,178.3,398.1,6.8,1
41,Female,13.8,42.6,90.5,30.1,35.1,5.4,8.1,211.4,101.0,159.3,401.5,8.8,0
4,Female,12.4,43.1,91.1,30.8,34.3,5.4,4.5,269.2,100.7,159.2,400.3,8.6,0
67,Male,16.8,46.9,90.9,30.7,34.7,6.1,6.8,194.6,101.0,180.6,400.4,8.9,0
75,Female,12.1,40.3,88.4,28.4,32.3,4.2,7.9,219.4,98.4,157.3,398.5,6.6,1
33,Female,15.0,42.9,90.0,30.3,34.7,5.4,8.4,284.2,100.8,160.0,401.2,9.6,0
35,Female,14.8,42.6,91.1,28.9,33.2,3.55,6.7,277.7,101.3,158.9,400.7,9.3,1
84,Female,12.0,40.1,88.1,28.2,32.1,4.2,7.7,222.1,98.5,157.4,398.2,6.9,1
5,Female,12.1,42.6,91.4,29.7,34.1,5.5,9.7,174.4,99.6,160.5,399.2,9.2,0
39,Male,16.7,46.5,91.1,30.1,34.8,6.1,5.9,245.3,101.3,180.9,400.6,8.7,0
72,Female,12.1,40.1,88.2,28.3,32.4,4.2,5.7,159.3,98.1,157.3,398.2,7.0,1
9,Male,12.7,46.8,90.8,30.9,34.2,5.97,7.5,254.3,101.1,181.4,401.1,9.4,0
56,Male,16.2,46.8,90.3,30.0,35.1,5.43,5.9,344.8,100.1,180.7,400.8,9.8,0
5,Male,11.3,46.9,91.1,30.6,32.6,6.68,4.9,273.1,100.0,180.2,398.7,8.8,1
74,Male,13.6,44.2,88.3,28.2,32.1,4.7,7.6,258.0,98.2,178.2,398.2,6.5,1
18,Female,12.0,40.3,88.1,28.1,32.0,4.2,6.2,249.8,98.2,157.2,398.2,6.5,1
44,Male,15.2,45.0,91.0,29.8,34.4,6.54,8.6,268.9,100.5,180.9,399.9,9.9,1
34,Female,14.8,43.4,90.8,31.3,34.1,5.4,9.2,150.0,100.7,160.5,400.1,8.9,0
0,Female,12.8,41.1,88.9,30.5,33.7,3.45,7.3,321.9,99.8,159.5,400.0,8.8,0
31,Male,13.8,44.1,88.2,28.1,32.3,4.7,6.9,248.8,98.3,178.2,398.0,7.0,1
16,Female,12.1,40.2,88.5,28.4,32.4,4.2,6.6,284.8,98.5,157.1,398.4,6.6,1
17,Male,14.1,45.6,89.8,29.0,33.1,4.71,5.8,250.9,100.0,179.6,400.0,8.7,1
22,Female,12.0,40.2,88.0,28.2,32.3,4.2,6.6,253.8,98.3,157.0,398.4,7.0,1
12,Male,13.7,44.0,88.2,28.2,32.5,4.7,7.7,280.9,98.1,178.5,398.3,6.8,1
62,Male,16.4,46.3,90.2,30.9,34.5,6.06,9.1,185.0,100.7,181.4,400.5,9.6,0
46,Male,13.6,44.4,88.3,28.3,32.1,4.7,7.4,283.7,98.3,178.1,398.3,6.9,1
18,Female,12.2,40.3,88.4,28.0,32.1,4.2,7.7,218.6,98.1,157.2,398.0,6.7,1
19,Male,16.6,47.0,91.2,30.4,34.9,6.1,6.6,150.0,100.5,180.2,400.3,8.7,0
36,Male,13.7,44.4,88.2,28.4,32.5,4.7,5.9,271.7,98.2,178.3,398.0,6.9,1
14,Male,13.7,44.5,88.0,28.1,32.2,4.7,4.5,263.6,98.4,178.4,398.4,6.7,1
4,Male,13.5,46.6,91.2,30.7,35.3,5.67,8.7,211.1,100.6,180.9,400.7,9.6,0
14,Female,14.3,42.5,91.1,30.0,35.3,5.4,9.9,216.8,101.0,159.4,401.4,10.0,0
85,Female,14.7,42.0,91.3,30.5,35.3,5.4,7.9,275.7,100.5,160.0,400.9,9.2,0
67,Female,15.2,43.2,91.4,30.6,34.7,5.16,8.8,278.6,100.7,159.4,400.8,8.6,0
6,Female,11.9,41.5,89.1,30.0,33.1,4.04,6.4,327.5,99.1,158.4,399.1,7.7,1
2,Female,11.0,40.1,88.4,28.5,32.4,4.2,6.6,264.1,98.0,157.4,398.4,7.0,1
19,Female,15.2,42.8,90.4,31.5,34.4,5.4,7.8,201.8,100.6,160.5,400.3,9.1,0
23,Male,16.6,46.5,90.6,30.5,34.1,6.1,9.2,262.2,101.0,180.8,400.1,9.5,0
60,Male,13.6,44.2,88.3,28.4,32.4,4.7,7.2,254.0,98.3,178.3,398.5,6.9,1
87,Male,14.3,47.5,90.0,30.3,33.5,4.3,6.7,258.5,100.0,181.0,400.5,9.0,0
22,Male,16.3,47.1,90.1,30.0,34.1,6.06,10.0,276.3,100.4,180.5,400.5,9.5,0
81,Male,16.5,46.7,90.7,30.4,34.6,5.92,5.8,265.8,100.1,181.0,400.8,9.1,0
50,Male,13.9,44.3,88.4,28.5,32.4,4.7,7.0,246.7,98.1,178.4,398.4,6.5,1
28,Male,16.3,46.7,90.5,31.3,34.7,6.1,7.1,267.0,100.8,180.8,400.3,9.6,0
56,Female,14.4,43.0,91.4,30.1,34.6,5.4,7.2,254.2,100.1,160.3,401.2,9.7,0
82,Female,12.0,40.3,88.2,28.0,32.3,4.2,7.7,251.6,98.3,157.4,398.2,6.5,1
17,Male,13.6,44.4,88.3,28.2,32.2,4.7,8.8,277.7,98.2,178.3,398.4,6.7,1
6,Male,13.2,46.4,91.1,30.1,34.3,6.1,5.8,215.5,100.4,180.4,400.1,9.2,0
12,Male,16.3,46.0,91.1,30.1,35.1,5.7,6.8,271.0,100.5,180.2,400.5,9.8,0
63,Male,16.3,47.0,90.7,30.8,34.6,6.1,6.6,272.1,101.3,180.3,400.7,9.6,0
8,Male,11.0,44.2,88.2,28.1,32.2,4.7,6.9,254.4,98.3,178.5,398.5,6.8,1
43,Male,16.1,47.3,91.0,30.2,35.0,5.69,5.2,234.0,100.0,180.3,400.8,9.2,0
43,Male,13.8,44.2,88.1,28.0,32.3,4.7,7.1,257.3,98.2,178.3,398.0,6.8,1
5,Male,13.5,46.9,90.8,30.2,34.9,5.58,5.7,229.6,101.0,180.3,400.6,9.8,0
80,Female,13.8,41.2,90.0,31.2,32.6,5.75,5.2,247.7,99.2,160.5,399.5,7.2,1
34,Female,12.0,40.5,88.2,28.2,32.1,4.2,6.3,316.8,98.4,157.2,398.5,6.9,1
1,Female,13.2,42.8,90.7,31.4,34.8,5.4,7.9,230.7,100.0,159.8,400.6,9.4,0
8,Female,13.5,42.8,91.2,31.3,34.7,5.34,10.1,220.0,100.6,160.2,401.4,8.9,0
0,Female,12.8,42.7,90.3,30.6,34.3,5.4,9.2,249.7,100.5,159.8,400.4,9.9,0
9,Male,13.4,47.0,91.1,31.2,35.3,5.91,5.8,238.2,100.9,180.1,400.7,9.3,0
54,Male,15.5,47.5,91.5,31.5,34.7,6.1,6.5,246.3,100.3,181.4,400.0,9.3,0
2,Male,11.0,44.0,88.5,28.4,32.1,4.7,6.6,284.9,98.0,178.1,398.4,7.0,1
50,Male,16.7,46.4,90.5,31.0,35.0,6.1,5.6,329.9,100.6,180.4,400.2,9.5,0
86,Male,16.6,47.1,91.5,30.4,35.0,6.1,9.1,268.9,100.6,180.9,400.1,10.0,0
36,Male,13.9,44.0,88.5,28.2,32.0,4.7,6.5,251.2,98.5,178.4,398.3,7.0,1
81,Male,15.2,47.2,89.5,30.4,35.3,6.89,10.4,288.3,99.8,180.7,400.7,8.1,0
15,Female,12.1,40.3,88.3,28.4,32.1,4.2,4.5,318.5,98.3,157.3,398.4,6.6,1
57,Female,14.1,42.2,90.6,30.2,35.3,5.4,5.4,267.9,101.1,160.5,400.7,9.9,0
6,Male,12.4,46.6,90.4,31.1,34.4,6.1,6.8,257.4,100.9,180.1,400.6,9.6,0
62,Male,13.6,44.3,88.0,28.4,32.4,4.7,7.6,308.9,98.1,178.5,398.1,6.6,1
13,Female,14.4,42.6,90.7,30.5,34.5,5.4,5.2,209.3,100.5,159.9,401.4,9.7,0
71,Female,12.1,40.2,88.3,28.4,32.2,4.2,10.2,189.5,98.2,157.2,398.3,6.7,1
46,Female,14.8,40.7,90.8,29.0,35.4,3.5,7.8,217.9,98.6,160.1,399.3,9.6,0
65,Female,12.6,41.4,90.9,30.3,33.4,5.35,5.7,221.1,98.8,159.3,399.3,9.0,1
27,Male,15.9,46.5,90.9,31.4,35.0,6.1,4.9,209.6,100.7,181.2,400.7,9.8,0
0,Male,12.7,46.9,90.0,30.1,35.2,5.94,7.1,196.1,101.2,180.3,400.9,8.6,0
52,Male,13.6,44.5,88.2,28.1,32.1,4.7,6.3,316.8,98.2,178.5,398.1,6.7,1
0,Male,13.4,46.1,91.3,30.9,34.8,6.1,7.4,302.3,100.9,181.5,401.1,9.2,0
6,Male,11.0,44.1,88.0,28.0,32.5,4.7,6.4,290.1,98.0,178.1,398.3,6.6,1
74,Male,16.1,46.9,90.8,30.8,34.4,6.1,6.9,230.7,100.9,180.3,400.4,8.8,0
2,Female,11.0,40.2,88.3,28.4,32.3,4.2,5.7,262.4,98.1,157.2,398.1,6.8,1
12,Female,12.0,40.4,88.5,28.1,32.4,4.2,6.8,335.0,98.1,157.4,398.3,6.6,1
74,Female,12.0,40.1,88.4,28.5,32.5,4.2,4.5,278.4,98.2,157.3,398.1,7.0,1
75,Female,12.0,40.3,88.2,28.4,32.4,4.2,6.5,262.0,98.3,157.2,398.2,6.6,1
62,Female,14.8,43.1,91.1,30.1,34.6,5.22,9.5,192.3,100.3,159.8,401.3,9.6,0
8,Male,12.6,46.4,90.1,30.3,34.8,5.84,4.5,188.6,101.3,181.4,400.7,9.0,0
39,Female,12.0,40.5,88.3,28.3,32.2,4.2,8.1,259.0,98.2,157.3,398.3,6.8,1
8,Female,13.5,42.2,90.6,30.5,35.3,5.4,6.1,230.0,100.7,160.1,400.3,8.7,0
12,Female,14.6,42.9,90.8,31.1,34.2,5.4,8.4,246.3,100.8,160.4,400.5,10.0,0
18,Female,14.1,43.3,91.4,30.4,34.3,5.31,7.3,281.2,101.1,160.0,400.6,9.4,0
90,Male,15.2,47.1,91.3,31.4,35.5,6.47,5.0,212.8,99.1,180.7,400.4,8.7,1
37,Male,13.8,44.0,88.1,28.2,32.3,4.7,6.2,299.9,98.0,178.0,398.4,7.0,1
89,Female,15.0,42.1,91.0,31.4,34.2,4.85,7.5,293.8,101.0,160.4,401.2,9.1,0
87,Female,13.7,41.3,88.7,29.8,35.4,4.27,5.7,227.7,100.2,159.1,399.7,9.7,0
8,Female,11.0,40.2,88.2,28.2,32.4,4.2,8.3,340.9,98.0,157.3,398.5,6.9,1
32,Male,13.8,44.4,88.4,28.2,32.1,4.7,6.9,283.0,98.1,178.3,398.0,6.8,1
7,Male,11.0,44.4,88.3,28.1,32.2,4.7,5.1,150.0,98.5,178.1,398.4,6.6,1
6,Male,11.0,44.0,88.1,28.0,32.2,4.7,5.7,290.6,98.4,178.4,398.3,6.9,1
56,Male,16.6,46.0,90.5,31.2,35.0,6.1,7.8,280.6,101.0,180.7,401.5,9.4,0
79,Male,13.8,44.2,88.0,28.5,32.1,4.7,5.2,257.6,98.0,178.3,398.3,6.9,1
27,Female,12.1,40.3,88.1,28.5,32.3,4.2,7.9,230.3,98.4,157.4,398.4,6.9,1
13,Male,13.9,44.1,88.4,28.2,32.2,4.7,8.1,267.2,98.3,178.2,398.3,6.8,1
74,Female,14.5,42.4,90.5,30.5,34.4,5.4,5.3,279.0,101.0,159.4,400.3,9.6,0
6,Female,11.0,40.4,88.2,28.3,32.0,4.2,5.1,187.1,98.1,157.3,398.0,6.5,1
4,Female,12.9,43.3,90.5,30.9,34.4,5.4,6.2,275.3,100.9,160.5,400.8,8.8,0
54,Female,12.5,43.4,91.3,31.2,34.4,3.31,5.2,198.9,100.2,157.9,399.5,9.7,1
54,Male,15.3,45.0,90.4,29.2,33.2,5.63,7.9,293.9,99.6,181.2,400.9,9.1,0
14,Male,13.6,44.2,88.1,28.2,32.4,4.7,6.4,261.8,98.2,178.4,398.4,7.0,1
10,Male,13.1,47.1,91.0,30.5,35.2,5.84,9.4,272.8,100.6,180.5,400.7,9.7,0
45,Female,12.0,40.2,88.1,28.3,32.1,4.2,6.0,295.0,98.2,157.3,398.2,6.5,1
41,Male,16.0,46.8,90.9,30.3,35.1,6.1,9.0,238.5,100.4,181.3,400.8,9.4,0
15,Female,12.0,40.5,88.4,28.3,32.0,4.2,7.8,216.6,98.4,157.1,398.0,6.7,1
88,Male,15.8,47.0,90.7,30.6,34.5,6.1,11.0,268.9,101.4,181.0,401.4,8.7,0
79,Male,13.6,44.4,88.4,28.4,32.5,4.7,4.5,255.4,98.0,178.2,398.2,6.6,1
18,Male,16.8,46.7,90.1,30.8,34.5,5.63,7.1,309.7,101.4,181.2,401.0,8.5,0
84,Male,16.8,46.3,90.6,31.5,35.2,5.56,9.6,253.3,101.0,181.1,400.7,8.8,0
19,Female,12.2,40.2,88.3,28.4,32.4,4.2,6.1,287.4,98.3,157.0,398.2,6.7,1
15,Male,13.9,44.4,88.1,28.5,32.3,4.7,7.2,246.1,98.0,178.0,398.1,6.8,1
47,Male,15.4,44.8,90.2,29.5,34.0,4.16,7.2,235.4,100.0,179.7,401.4,7.6,0
12,Female,14.6,42.4,88.7,28.6,33.0,4.6,6.5,297.8,99.4,158.4,400.4,8.1,0
16,Female,12.2,40.1,88.2,28.3,32.1,4.2,5.4,313.4,98.0,157.3,398.4,6.9,1
45,Male,13.9,44.3,88.2,28.4,32.4,4.7,6.7,248.5,98.4,178.1,398.2,6.7,1
3,Female,12.7,40.6,90.2,29.1,33.3,3.51,4.6,222.4,101.0,160.1,398.6,9.3,1
18,Male,15.7,46.7,91.2,31.5,33.7,6.55,7.5,310.7,100.2,181.4,399.6,8.3,1
22,Male,15.6,46.8,90.1,31.3,35.1,6.15,8.5,167.7,98.9,179.7,400.1,8.0,1
7,Female,13.5,42.9,91.0,30.0,34.7,5.4,5.7,325.1,101.5,160.0,401.0,9.9,0
63,Male,13.9,44.5,88.0,28.0,32.4,4.7,7.0,236.4,98.3,178.3,398.0,6.8,1
68,Male,16.9,47.2,91.1,30.1,34.2,6.1,8.0,216.0,100.1,180.4,400.9,9.6,0
2,Male,13.0,46.7,91.3,31.2,34.6,5.9,11.0,234.7,100.4,181.2,400.7,9.0,0
14,Female,12.0,40.5,88.3,28.2,32.3,4.2,6.7,205.7,98.3,157.4,398.0,6.9,1
61,Male,15.4,45.0,89.5,29.2,35.4,5.21,6.2,235.0,99.5,181.2,400.6,7.4,1
1,Female,12.7,41.9,90.8,28.8,33.4,4.04,5.5,218.8,101.1,159.0,400.4,9.3,0
83,Male,13.5,44.5,88.0,28.3,32.1,4.7,6.7,304.2,98.1,178.5,398.0,6.7,1
16,Female,12.0,40.2,88.4,28.4,32.2,4.2,6.4,223.5,98.0,157.1,398.3,6.6,1
82,Female,12.0,40.3,88.5,28.4,32.2,4.2,7.8,266.9,98.3,157.5,398.3,6.6,1
2,Female,11.0,40.1,88.4,28.1,32.4,4.2,6.7,311.7,98.1,157.3,398.1,6.6,1
66,Male,16.7,46.4,90.2,30.6,34.1,5.79,8.5,231.5,101.2,180.7,401.1,9.4,0
28,Female,14.8,43.2,90.4,31.0,35.0,5.4,6.7,294.8,100.4,159.8,400.1,9.0,0
73,Male,15.9,46.4,90.1,30.9,34.7,6.1,9.1,261.0,101.1,181.2,400.7,9.0,0
15,Male,13.6,44.4,88.3,28.1,32.5,4.7,6.9,154.1,98.3,178.3,398.2,6.8,1
21,Male,15.8,46.6,90.9,30.7,34.3,5.61,6.7,242.6,100.9,180.1,400.9,9.8,0
13,Male,16.9,46.7,91.2,30.2,34.6,5.81,6.0,231.3,101.2,180.0,400.5,8.8,0
75,Female,15.1,42.8,90.5,31.0,34.9,5.4,6.0,241.3,100.9,159.6,400.6,8.9,0
19,Male,17.0,47.0,90.0,30.2,33.3,4.57,7.1,192.3,99.0,178.7,399.0,8.2,1
60,Female,14.7,42.3,90.7,30.3,34.8,4.85,4.7,180.3,100.4,159.1,401.2,9.1,0
86,Female,15.1,43.1,91.0,31.0,34.4,5.4,4.7,261.4,100.3,160.2,400.4,8.6,0
54,Male,13.9,44.2,88.3,28.1,32.1,4.7,7.8,272.1,98.4,178.2,398.4,6.7,1
34,Male,15.9,47.5,90.6,30.0,34.2,5.44,6.4,254.5,100.1,180.7,400.6,9.4,0
55,Male,15.9,46.9,90.6,30.4,34.8,6.1,7.4,263.9,100.5,181.2,400.3,9.6,0
18,Male,14.0,44.2,88.0,28.3,32.5,4.7,7.6,202.9,98.5,178.4,398.3,6.6,1
76,Female,12.0,40.4,88.3,28.4,32.4,4.2,7.4,150.0,98.2,157.1,398.3,6.7,1
19,Male,13.7,44.1,88.1,28.2,32.3,4.7,6.5,294.3,98.5,178.2,398.4,6.9,1
78,Female,14.2,43.3,90.2,30.9,34.8,5.2,6.6,205.3,100.7,159.7,400.4,9.9,0
19,Male,13.8,44.1,88.1,28.4,32.4,4.7,6.7,275.9,98.2,178.4,398.3,6.7,1
73,Male,14.3,45.2,88.9,28.7,33.3,5.5,6.0,204.8,101.0,180.8,398.6,7.2,1
79,Female,13.4,41.0,88.6,29.8,33.1,3.95,9.8,223.8,99.8,159.7,400.8,9.0,0
12,Male,14.0,47.3,90.3,31.3,33.5,6.05,5.1,285.6,99.3,179.7,399.1,8.0,0
53,Male,13.6,44.5,88.4,28.5,32.4,4.7,6.0,257.5,98.1,178.4,398.2,6.7,1
17,Male,13.9,44.4,88.5,28.4,32.3,4.7,4.9,349.7,98.1,178.4,398.1,6.8,1
33,Female,12.0,40.3,88.3,28.4,32.0,4.2,8.8,175.3,98.0,157.2,398.4,6.7,1
70,Male,14.0,44.4,88.3,28.5,32.3,4.7,6.3,174.9,98.3,178.1,398.5,6.6,1
8,Female,11.0,40.0,88.1,28.1,32.1,4.2,10.3,205.3,98.2,157.5,398.3,6.9,1
15,Female,14.5,42.9,90.3,30.0,35.4,4.84,7.6,178.0,101.3,159.7,401.2,9.9,0
19,Male,15.5,46.5,90.9,30.6,34.8,6.1,6.7,270.0,100.7,180.8,401.4,10.0,0
43,Female,14.4,42.9,91.3,30.5,34.0,5.4,6.8,150.0,101.3,159.7,400.8,8.8,0
51,Female,12.6,43.1,90.0,29.4,35.1,3.73,5.4,226.9,101.1,158.8,399.4,9.6,0
59,Male,15.7,46.4,90.8,30.5,34.9,5.48,4.5,258.5,100.8,180.6,400.4,9.9,0
10,Female,11.0,40.1,88.3,28.1,32.3,4.2,6.8,235.7,98.3,157.4,398.3,6.6,1
12,Male,15.8,46.4,91.2,30.1,35.2,6.04,5.8,259.4,100.5,180.1,401.4,9.7,0
4,Female,11.0,40.2,88.4,28.4,32.4,4.2,8.3,314.7,98.3,157.5,398.3,6.7,1
19,Male,16.2,47.3,90.0,31.0,35.1,6.1,7.5,278.2,101.4,180.5,400.8,8.5,0
87,Female,14.1,42.6,90.4,31.4,35.2,5.4,10.8,309.8,100.5,159.8,401.1,9.3,0
18,Male,16.8,46.6,90.0,31.3,34.3,6.1,6.9,233.2,101.5,180.2,400.6,9.0,0
9,Male,13.1,47.3,91.5,30.6,35.2,6.1,7.8,254.5,100.3,180.2,401.3,9.2,0
2,Female,11.0,40.1,88.4,28.1,32.2,4.2,7.6,237.5,98.1,157.5,398.3,6.6,1
1,Male,12.8,46.1,90.2,30.8,34.4,6.1,6.7,200.3,100.7,180.6,400.8,9.4,0
2,Female,11.0,40.2,88.0,28.1,32.1,4.2,6.4,263.8,98.0,157.4,398.1,6.7,1
2,Female,12.6,43.2,90.4,30.2,35.4,5.4,8.2,362.8,100.1,159.3,401.4,9.4,0
37,Female,12.0,40.3,88.5,28.2,32.2,4.2,7.6,190.0,98.2,157.2,398.4,6.6,1
23,Female,14.0,41.2,88.8,28.6,33.2,3.55,6.5,185.5,99.0,159.7,398.5,9.8,1
38,Male,16.9,46.7,91.1,31.4,35.4,5.49,6.8,177.6,100.6,181.0,401.4,8.7,0
75,Female,14.8,41.5,90.1,31.2,32.9,3.77,5.8,150.0,99.2,159.1,401.2,9.7,0
18,Female,14.0,42.1,90.4,31.1,35.3,5.4,8.3,187.7,100.3,159.9,401.3,8.6,0
8,Male,12.3,47.3,90.3,31.3,34.5,6.1,7.9,236.0,100.2,180.3,400.7,8.6,0
19,Male,16.6,45.1,88.7,30.9,34.6,4.38,5.8,300.0,98.6,178.6,398.9,9.5,0
60,Male,13.9,44.2,88.2,28.3,32.2,4.7,4.5,270.8,98.5,178.4,398.3,6.8,1
13,Female,12.9,41.3,91.3,29.7,34.9,4.67,7.5,253.7,98.5,157.7,399.3,8.5,1
9,Female,11.0,40.5,88.2,28.4,32.3,4.2,9.0,301.1,98.2,157.4,398.2,6.9,1
84,Male,13.8,44.4,88.1,28.2,32.4,4.7,5.1,241.0,98.4,178.4,398.2,6.6,1
60,Male,15.3,45.2,89.2,31.1,33.2,6.44,7.3,184.8,99.9,180.8,401.2,7.8,1
14,Female,12.0,40.4,88.3,28.0,32.4,4.2,7.3,197.9,98.2,157.2,398.3,6.9,1
63,Female,14.4,42.2,91.2,30.2,34.8,4.96,4.5,231.2,101.4,159.1,401.0,9.5,0
44,Female,12.0,40.1,88.1,28.3,32.1,4.2,7.2,260.3,98.4,157.4,398.1,6.5,1
5,Male,11.0,44.1,88.2,28.3,32.2,4.7,4.5,207.7,98.3,178.1,398.2,6.9,1
50,Female,13.8,41.0,90.7,31.4,34.5,5.47,7.3,188.6,100.8,160.1,401.4,9.2,0
76,Male,15.9,47.0,90.2,31.1,35.0,6.1,6.6,273.9,100.0,181.0,400.9,8.5,0
7,Male,11.0,44.4,88.3,28.1,32.3,4.7,4.5,196.5,98.5,178.0,398.2,6.9,1
61,Female,12.0,40.3,88.2,28.1,32.4,4.2,4.5,217.5,98.3,157.0,398.3,6.7,1
68,Female,14.3,42.7,91.2,30.4,34.5,5.04,5.8,240.5,100.5,159.6,400.4,8.7,0
13,Male,15.5,46.2,91.0,31.2,35.5,5.92,8.0,257.3,100.3,181.1,401.1,8.6,0
76,Male,16.8,46.8,90.4,30.3,35.4,5.7,6.3,308.3,101.5,180.6,400.5,9.5,0
85,Male,13.5,44.1,88.2,28.0,32.0,4.7,7.1,286.7,98.2,178.2,398.3,6.6,1
19,Male,13.9,44.0,88.1,28.1,32.1,4.7,6.4,219.6,98.2,178.3,398.4,6.8,1
65,Male,13.6,44.4,88.2,28.1,32.3,4.7,6.5,227.1,98.3,178.4,398.0,6.9,1
69,Female,12.8,41.5,89.5,31.0,34.0,4.43,7.2,255.5,99.5,160.5,400.1,7.2,1
1,Male,13.5,46.3,90.2,31.1,34.8,6.1,7.6,202.1,100.3,180.2,401.0,9.4,0
2,Female,13.1,43.3,91.0,31.2,35.3,5.4,7.4,264.7,100.1,159.4,400.8,9.6,0
3,Female,12.4,43.1,91.0,31.0,34.4,5.4,5.7,227.4,101.5,160.1,400.6,9.9,0
17,Male,16.3,47.5,91.1,31.2,35.3,5.72,6.9,207.3,100.8,181.2,400.7,9.4,0
33,Female,12.8,40.9,91.3,30.7,32.9,3.54,5.7,237.0,100.6,158.0,400.0,8.1,0
10,Male,13.4,45.5,89.3,28.6,34.6,6.0,7.0,313.4,101.2,178.8,400.2,8.4,0
3,Female,12.7,42.1,90.4,30.6,35.4,5.4,6.0,304.4,100.2,159.4,400.4,9.4,0
7,Female,11.0,40.3,88.0,28.3,32.4,4.2,5.4,281.1,98.2,157.1,398.2,6.8,1
11,Male,11.0,44.3,88.1,28.2,32.4,4.7,6.0,189.4,98.0,178.2,398.0,6.9,1
9,Male,11.0,44.4,88.1,28.3,32.4,4.7,4.6,184.1,98.2,178.3,398.0,6.7,1
12,Male,16.4,46.9,90.2,30.7,34.8,6.1,8.0,209.4,100.0,180.5,401.2,9.3,0
9,Female,13.5,43.0,90.0,30.4,34.0,5.4,7.3,249.4,101.1,159.8,401.2,9.6,0
9,Female,12.2,43.3,90.0,28.6,34.6,5.92,6.3,230.1,98.6,159.8,401.2,8.5,1
8,Male,12.9,46.1,90.6,31.2,35.4,5.71,8.3,150.0,101.5,180.1,401.0,8.6,0
15,Female,12.0,40.1,88.3,28.0,32.5,4.2,7.0,272.8,98.2,157.0,398.0,6.8,1
9,Female,11.0,40.1,88.4,28.2,32.5,4.2,7.8,314.9,98.1,157.3,398.0,6.9,1
11,Female,13.6,42.7,89.4,31.2,34.0,6.06,7.3,222.2,98.5,157.9,399.4,9.2,0
69,Female,14.2,42.7,90.2,29.1,34.3,5.46,7.7,282.6,98.7,159.2,400.6,9.9,1
34,Female,12.1,40.4,88.3,28.5,32.4,4.2,8.2,213.8,98.1,157.0,398.4,6.7,1
84,Female,14.2,42.2,90.4,31.2,34.5,5.4,8.0,277.6,101.3,159.9,400.4,8.7,0
1,Male,11.0,44.4,88.2,28.2,32.4,4.7,6.6,202.6,98.4,178.1,398.3,6.6,1
29,Female,12.0,40.2,88.0,28.0,32.0,4.2,8.8,150.0,98.0,157.2,398.5,6.9,1
90,Male,14.6,47.0,90.2,29.7,34.7,4.95,9.1,270.4,100.7,179.5,399.9,7.2,1
15,Female,14.1,42.7,90.6,30.6,35.4,5.31,8.0,329.4,101.4,160.0,400.3,8.7,0
19,Female,14.4,43.0,91.0,30.0,34.7,5.3,8.4,353.6,101.0,160.0,400.4,8.9,0
14,Female,14.2,42.2,90.8,31.3,35.0,5.0,8.2,248.8,101.1,160.5,401.3,9.1,0
34,Male,16.3,46.6,90.2,31.3,35.5,6.1,7.8,269.3,101.1,180.1,400.2,8.6,0
5,Female,11.0,40.3,88.4,28.2,32.2,4.2,6.8,281.4,98.3,157.3,398.2,6.5,1
43,Female,12.0,40.3,88.3,28.3,32.3,4.2,4.9,199.3,98.4,157.3,398.0,6.6,1
16,Male,16.2,47.3,90.9,31.0,35.2,6.1,7.5,150.0,101.2,180.6,400.6,8.6,0
11,Male,11.0,44.2,88.3,28.2,32.5,4.7,6.5,296.0,98.5,178.4,398.5,6.8,1
32,Female,14.6,42.8,90.7,30.3,34.7,5.08,6.8,227.1,100.0,159.8,400.1,9.2,0
13,Male,16.2,46.1,90.1,30.7,34.6,5.61,9.4,181.9,101.4,181.2,400.7,9.6,0
19,Male,16.4,44.6,89.3,29.3,35.0,5.54,4.8,224.8,99.5,180.7,401.1,7.3,0
35,Male,15.7,47.5,91.1,31.1,34.1,6.1,8.0,305.8,100.4,180.7,400.2,9.2,0
0,Female,13.5,42.6,91.2,30.4,34.4,5.4,4.5,228.2,100.9,159.3,400.1,9.1,0
32,Female,13.9,42.6,90.4,30.7,34.6,5.4,5.2,339.7,100.3,159.9,401.4,8.8,0
60,Female,14.3,42.2,90.9,31.2,34.8,5.05,6.8,252.6,101.3,160.4,400.9,9.8,0
42,Male,13.7,44.3,88.2,28.1,32.3,4.7,6.3,293.9,98.3,178.4,398.4,6.8,1
76,Female,14.1,42.7,90.8,31.1,35.4,5.4,5.1,211.0,101.0,160.4,401.1,8.8,0
68,Male,13.9,44.3,88.4,28.3,32.3,4.7,5.5,187.3,98.1,178.1,398.2,6.7,1
13,Male,14.0,46.1,91.0,28.6,34.2,6.34,6.6,208.2,98.8,178.6,400.0,9.0,0
31,Male,13.8,44.3,88.2,28.1,32.2,4.7,6.6,298.1,98.4,178.2,398.5,6.5,1
17,Male,16.9,46.6,91.0,30.4,34.2,5.49,5.7,225.9,100.3,181.1,400.0,9.3,0
88,Female,15.0,42.6,90.8,30.7,35.5,4.85,7.5,245.5,100.6,159.6,400.9,9.9,0
13,Female,12.1,40.3,88.2,28.5,32.3,4.2,8.6,209.7,98.0,157.3,398.4,6.6,1
0,Male,11.0,46.9,89.9,28.6,35.0,5.46,9.8,200.7,99.7,179.9,399.5,7.8,1
79,Female,12.1,40.4,88.5,28.1,32.3,4.2,8.6,272.9,98.3,157.1,398.2,6.9,1
1,Female,12.8,43.1,90.0,31.0,34.2,4.9,8.3,317.6,101.3,159.8,400.8,9.6,0
89,Male,16.4,47.0,90.6,30.7,35.3,6.1,5.4,249.6,100.0,180.2,401.4,9.6,0
2,Female,11.0,40.3,88.4,28.0,32.0,4.2,7.2,311.7,98.2,157.5,398.0,6.6,1
10,Male,11.0,44.2,88.3,28.2,32.0,4.7,8.0,221.2,98.2,178.3,398.5,6.6,1
5,Male,11.0,44.0,88.5,28.2,32.2,4.7,6.2,211.9,98.4,178.3,398.3,6.9,1
18,Female,12.1,40.4,88.4,28.1,32.1,4.2,8.9,186.8,98.1,157.4,398.5,7.0,1
68,Female,13.1,43.3,91.0,31.0,34.4,3.59,10.0,213.0,99.1,158.7,399.9,9.5,0
16,Male,13.6,44.1,88.4,28.3,32.5,4.7,8.4,280.4,98.1,178.0,398.2,7.0,1
19,Male,15.9,46.3,91.2,30.2,34.7,6.1,8.5,321.8,101.2,180.1,400.4,8.9,0
13,Male,16.3,46.2,90.2,30.5,34.4,6.1,7.8,284.2,100.4,180.4,401.4,8.5,0
19,Male,16.3,47.3,91.0,30.6,34.6,6.08,7.7,194.8,100.5,181.3,401.1,9.4,0
84,Female,12.0,40.4,88.0,28.1,32.4,4.2,7.9,291.3,98.0,157.5,398.1,6.7,1
10,Female,11.0,40.0,88.1,28.4,32.1,4.2,5.2,270.3,98.3,157.4,398.1,6.5,1
78,Male,13.7,44.3,88.4,28.3,32.0,4.7,7.1,256.4,98.4,178.3,398.2,6.8,1
13,Female,12.2,40.4,88.4,28.2,32.0,4.2,4.5,216.8,98.3,157.3,398.1,7.0,1
85,Female,13.3,42.1,88.9,30.2,33.9,6.02,10.3,222.1,99.6,158.3,398.9,8.5,1
56,Male,16.5,46.0,90.3,29.3,35.1,4.73,6.8,270.9,99.8,180.0,399.7,8.7,0
14,Male,15.2,46.1,91.4,29.8,33.6,6.67,7.9,246.3,99.5,180.7,401.0,9.7,0
18,Male,15.8,47.0,91.1,31.3,34.4,6.1,9.7,274.7,100.9,180.2,401.4,8.7,0
1,Female,13.0,42.7,90.3,30.5,34.3,5.4,7.7,188.3,100.4,160.0,400.8,9.1,0
67,Male,13.6,44.1,88.4,28.0,32.1,4.7,6.7,269.1,98.1,178.5,398.3,6.5,1
50,Male,13.9,44.2,88.4,28.4,32.1,4.7,8.7,228.3,98.4,178.1,398.2,6.8,1
19,Female,12.1,40.3,88.5,28.1,32.5,4.2,7.9,234.8,98.1,157.2,398.5,6.9,1
8,Female,13.0,42.9,90.7,30.7,35.2,5.13,7.7,244.5,100.3,159.4,400.3,8.5,0
58,Female,14.6,42.7,90.8,31.5,35.3,5.26,5.3,234.4,101.1,159.3,401.1,9.0,0
15,Female,12.0,40.1,88.2,28.0,32.4,4.2,5.7,346.4,98.2,157.1,398.5,6.7,1
16,Female,14.6,42.0,91.0,30.9,34.1,5.4,4.8,255.4,100.8,159.9,401.4,9.6,0
16,Male,15.5,47.1,89.8,29.7,33.9,5.36,5.9,150.0,99.9,181.5,400.4,9.6,1
1,Female,13.2,42.6,91.1,31.0,34.8,5.4,5.5,244.8,100.3,159.4,400.1,9.6,0
41,Male,15.5,46.5,90.6,30.4,34.1,6.1,8.3,217.1,100.0,181.3,401.4,9.6,0
72,Female,13.0,42.8,88.8,29.1,33.2,5.25,8.2,306.8,100.0,160.5,400.6,7.8,1
17,Female,14.6,43.0,90.3,30.6,34.1,5.4,9.4,237.7,100.3,159.7,400.3,9.4,0
18,Female,12.2,40.4,88.2,28.2,32.4,4.2,6.1,274.7,98.1,157.1,398.3,6.6,1
18,Female,12.2,40.2,88.1,28.3,32.2,4.2,10.1,236.5,98.2,157.1,398.0,6.7,1
44,Male,16.7,46.4,90.1,30.3,33.4,4.95,5.8,283.7,99.0,180.1,400.7,7.9,0
32,Female,14.7,43.3,89.8,31.4,34.6,3.48,7.8,245.5,99.2,157.8,399.4,8.8,1
51,Female,14.0,42.6,90.5,30.3,34.2,5.4,5.8,294.5,100.7,159.7,400.5,8.9,0
29,Male,16.3,46.2,90.1,31.1,34.0,6.1,7.6,250.6,100.1,180.9,400.5,9.8,0
75,Male,14.9,46.6,88.8,30.6,32.5,6.01,8.0,299.7,100.8,181.0,399.9,8.1,1
5,Female,13.3,42.2,90.4,31.4,34.4,5.4,7.4,243.4,101.4,159.1,401.2,8.8,0
60,Male,15.6,45.2,90.5,29.1,34.8,6.54,6.8,354.9,101.4,180.9,399.9,8.6,1
49,Female,12.0,40.0,88.3,28.5,32.1,4.2,5.9,215.2,98.0,157.2,398.4,6.6,1
13,Male,13.7,44.5,88.0,28.3,32.4,4.7,7.6,228.5,98.5,178.5,398.2,6.9,1
55,Male,15.7,46.7,89.4,30.6,34.8,6.73,6.6,190.6,98.5,181.4,401.4,9.9,1
3,Female,12.1,42.4,89.1,30.8,33.4,5.86,8.6,271.5,100.1,159.6,399.2,8.9,1
17,Female,12.0,40.4,88.0,28.3,32.2,4.2,9.4,393.8,98.4,157.3,398.5,6.8,1
78,Female,12.2,40.5,88.5,28.4,32.1,4.2,7.0,257.2,98.2,157.1,398.2,6.9,1
24,Male,16.8,47.3,91.1,30.4,34.8,5.68,7.2,159.5,101.1,180.1,400.4,9.9,0
84,Female,12.0,40.1,88.2,28.4,32.4,4.2,8.0,252.3,98.3,157.2,398.1,7.0,1
14,Female,14.4,42.1,90.2,31.2,35.4,4.85,6.7,288.0,100.3,159.2,401.2,9.2,0
6,Male,11.0,44.1,88.2,28.4,32.5,4.7,6.6,258.9,98.2,178.5,398.5,6.6,1
50,Female,12.0,40.5,88.3,28.4,32.0,4.2,6.5,247.3,98.4,157.5,398.3,6.9,1
41,Male,16.7,46.9,89.2,28.6,34.4,4.26,6.8,317.3,99.7,179.2,400.1,9.5,0
4,Male,11.0,44.4,88.4,28.3,32.4,4.7,5.1,262.3,98.1,178.2,398.4,6.9,1
18,Male,13.8,44.3,88.0,28.2,32.4,4.7,5.2,284.6,98.3,178.2,398.1,6.9,1
10,Male,11.0,44.1,88.2,28.4,32.0,4.7,7.0,331.3,98.2,178.1,398.1,6.6,1
77,Female,14.5,42.1,89.7,30.5,33.9,5.65,7.7,294.0,100.2,158.2,400.2,9.4,0
36,Male,16.2,46.1,91.0,30.1,34.4,5.93,6.9,335.8,100.0,180.9,400.6,9.9,0
3,Female,11.6,41.2,90.7,29.6,33.0,3.9,7.3,300.9,100.5,157.8,400.2,7.6,0
85,Female,13.9,42.2,90.2,30.2,34.1,4.98,9.0,245.5,100.2,159.5,400.2,8.6,0
14,Female,13.8,43.1,91.0,30.4,34.1,5.4,6.0,233.2,101.0,159.3,400.7,8.6,0
4,Male,12.7,46.6,91.2,31.2,34.6,6.1,9.1,225.8,100.7,181.3,401.4,8.6,0
14,Male,16.2,46.5,90.9,31.0,34.3,6.1,5.7,220.4,100.6,181.1,401.4,9.7,0
57,Male,16.2,46.2,91.1,30.3,35.1,6.1,8.7,242.3,101.1,180.0,400.4,9.8,0
75,Female,12.1,40.1,88.2,28.4,32.3,4.2,7.6,258.5,98.1,157.0,398.0,6.6,1
12,Female,14.4,43.0,90.7,30.0,35.2,4.97,10.6,195.9,101.1,159.6,401.1,8.7,0
6,Female,13.5,42.9,90.9,30.7,34.9,5.4,7.9,350.4,100.2,159.5,400.3,9.0,0
14,Female,12.0,40.2,88.2,28.5,32.4,4.2,10.0,273.6,98.3,157.5,398.1,6.5,1
53,Male,13.7,44.1,88.4,28.1,32.2,4.7,7.5,263.4,98.3,178.3,398.4,6.7,1
87,Female,12.0,40.3,88.2,28.5,32.1,4.2,7.1,244.7,98.5,157.4,398.0,6.8,1
3,Female,11.0,40.3,88.0,28.1,32.5,4.2,5.6,268.4,98.4,157.3,398.2,6.7,1
48,Male,14.9,46.5,90.3,29.9,35.3,5.54,7.0,233.6,98.7,181.4,400.7,7.0,1
15,Male,16.9,46.4,90.8,31.4,34.3,6.1,9.3,299.6,100.5,180.5,401.0,8.8,0
13,Female,12.2,40.1,88.1,28.2,32.5,4.2,7.2,265.2,98.2,157.0,398.3,6.7,1
2,Female,13.2,42.5,90.8,30.4,34.1,5.01,6.5,174.2,100.7,159.6,400.1,9.3,0
14,Female,14.4,42.5,91.5,31.3,35.2,5.4,6.1,290.6,100.8,159.6,400.3,8.6,0
12,Male,16.2,46.6,90.5,31.4,35.2,6.1,7.6,219.8,101.4,180.3,400.1,9.6,0
85,Male,15.6,46.5,90.9,31.4,35.3,6.1,7.3,258.0,100.5,181.4,400.6,9.5,0
22,Male,13.5,44.2,88.0,28.5,32.3,4.7,5.5,258.0,98.1,178.0,398.4,6.8,1
52,Female,14.4,42.7,91.1,30.9,34.3,5.4,8.2,261.5,99.9,158.0,399.1,7.1,0
52,Male,15.7,47.4,91.1,30.9,34.5,5.64,9.6,201.2,101.0,180.6,400.9,9.7,0
40,Female,12.2,40.4,88.0,28.2,32.2,4.2,7.4,207.7,98.3,157.5,398.2,6.5,1
2,Male,11.8,46.0,91.1,31.3,32.6,5.3,7.2,302.3,99.9,179.0,399.8,9.2,1
14,Male,13.9,44.2,88.5,28.1,32.2,4.7,8.2,208.7,98.2,178.1,398.2,6.9,1
65,Female,14.9,43.1,91.4,30.2,34.4,5.18,7.2,325.2,100.4,159.2,401.3,9.5,0
25,Female,15.2,43.3,90.3,31.4,34.3,5.4,8.4,322.7,100.5,159.2,400.2,9.8,0
14,Female,12.2,40.4,88.4,28.5,32.5,4.2,8.6,247.6,98.3,157.3,398.4,6.9,1
13,Female,14.4,42.4,90.9,30.9,34.6,5.4,8.6,271.5,100.9,159.5,401.1,8.8,0
72,Male,16.0,46.1,90.3,30.6,34.8,6.1,8.8,188.8,101.4,181.0,400.2,9.4,0
16,Male,16.9,46.0,90.3,30.4,34.6,5.75,8.6,248.7,101.1,180.9,400.1,9.5,0
66,Male,14.0,44.0,88.3,28.4,32.0,4.7,8.1,281.8,98.5,178.4,398.1,7.0,1
15,Female,12.1,40.1,88.3,28.1,32.5,4.2,7.1,287.7,98.5,157.2,398.0,6.6,1
19,Female,15.1,42.0,90.3,30.1,34.1,5.4,8.5,270.3,100.1,159.2,400.5,9.7,0
10,Female,13.5,43.4,91.3,31.2,34.7,5.12,7.4,272.9,100.4,159.5,401.0,9.2,0
59,Male,15.4,46.8,90.0,29.5,33.9,5.33,6.3,195.2,99.7,178.7,400.4,7.6,0
24,Female,12.0,40.3,88.3,28.3,32.1,4.2,6.4,174.5,98.5,157.4,398.1,6.6,1
10,Male,13.4,46.9,91.3,30.6,34.9,6.1,5.4,237.3,100.1,180.0,401.3,8.9,0
16,Female,14.4,42.3,90.4,30.5,35.5,5.29,7.8,225.3,100.6,159.7,400.8,9.4,0
17,Male,13.9,44.4,88.0,28.5,32.3,4.7,6.5,369.7,98.4,178.1,398.1,6.5,1
3,Male,12.9,46.3,91.4,30.5,34.2,6.1,8.6,260.5,100.7,181.5,401.0,8.6,0
29,Male,16.0,47.1,90.9,30.1,35.0,6.1,6.8,266.8,101.1,181.1,400.3,9.9,0
7,Male,11.9,47.2,90.1,29.8,33.2,5.0,8.6,369.6,99.4,181.3,400.3,9.5,1
10,Female,11.0,40.3,88.3,28.1,32.1,4.2,6.5,221.3,98.4,157.0,398.0,6.8,1
6,Female,11.0,40.0,88.5,28.5,32.4,4.2,8.6,248.0,98.2,157.2,398.1,6.7,1
8,Male,13.5,47.4,90.1,30.7,34.5,6.1,4.5,231.3,100.5,180.6,400.8,8.7,0
19,Female,12.2,40.2,88.5,28.2,32.2,4.2,4.9,193.3,98.1,157.0,398.4,6.7,1
37,Male,13.7,44.1,88.4,28.2,32.3,4.7,7.6,176.3,98.1,178.4,398.2,6.9,1
67,Female,15.1,42.6,91.2,30.6,34.5,5.4,8.3,274.7,100.8,160.4,401.1,8.6,0
0,Female,11.0,40.2,88.1,28.3,32.2,4.2,8.1,197.0,98.2,157.5,398.1,6.8,1
57,Female,13.8,42.6,90.5,30.8,34.2,5.4,8.2,254.5,101.2,159.3,400.2,9.8,0
68,Male,15.2,45.2,89.6,31.1,34.6,4.9,8.3,322.7,99.6,179.7,399.6,8.9,0
7,Male,11.0,44.4,88.4,28.3,32.2,4.7,9.2,226.5,98.2,178.2,398.3,6.9,1
10,Male,11.0,44.3,88.5,28.3,32.4,4.7,5.6,255.8,98.1,178.1,398.0,6.6,1
16,Male,15.8,46.1,91.3,31.3,35.5,6.1,7.4,308.2,100.6,181.4,400.6,9.3,0
16,Female,14.3,42.7,90.5,30.5,34.3,5.4,6.3,221.7,100.8,160.2,400.1,9.5,0
82,Female,12.0,40.5,88.2,28.4,32.2,4.2,6.2,164.0,98.0,157.2,398.1,6.8,1
71,Male,13.8,44.0,88.3,28.0,32.5,4.7,4.7,259.2,98.3,178.2,398.3,6.7,1
14,Female,14.9,42.7,90.3,30.4,34.6,4.97,7.0,183.7,101.4,159.9,400.6,8.9,0
17,Female,12.0,40.0,88.3,28.5,32.1,4.2,5.9,235.8,98.3,157.3,398.4,6.6,1
46,Male,16.0,46.7,90.4,30.3,34.8,6.1,7.5,309.1,101.4,180.7,401.5,8.9,0
28,Male,14.9,46.1,89.4,31.3,35.4,6.84,10.0,188.1,101.0,179.0,399.6,7.9,1
16,Female,14.6,42.9,89.6,30.6,34.1,4.84,8.4,337.9,99.0,159.4,399.8,8.4,1
54,Female,12.0,40.1,88.0,28.1,32.3,4.2,6.1,303.8,98.2,157.3,398.5,6.8,1
56,Male,13.5,44.4,88.2,28.3,32.2,4.7,6.8,222.4,98.3,178.5,398.4,7.0,1
0,Male,12.4,46.5,90.6,31.0,35.0,5.51,5.2,230.2,100.2,181.2,400.1,9.1,0
57,Male,13.6,44.3,88.1,28.2,32.2,4.7,10.5,248.7,98.0,178.1,398.1,6.9,1
35,Female,12.0,40.0,88.3,28.3,32.2,4.2,5.9,201.1,98.2,157.5,398.5,6.5,1
52,Male,13.8,44.3,88.1,28.1,32.2,4.7,6.4,217.7,98.1,178.5,398.0,6.9,1
67,Female,12.0,40.1,88.3,28.2,32.2,4.2,6.0,309.2,98.0,157.3,398.3,6.5,1
43,Male,16.0,46.5,90.5,31.5,35.2,6.1,5.8,332.7,100.6,180.7,400.6,9.7,0
34,Female,13.5,41.1,90.8,31.5,33.1,3.99,6.1,311.3,100.7,158.5,400.7,9.2,1
19,Female,12.0,40.2,88.4,28.1,32.0,4.2,8.0,199.3,98.0,157.3,398.2,7.0,1
77,Male,13.6,44.5,88.1,28.3,32.2,4.7,6.8,274.0,98.3,178.4,398.3,6.9,1
22,Male,16.3,46.3,91.4,30.3,35.2,6.1,5.2,281.5,100.3,180.5,400.0,9.5,0
87,Female,12.7,42.0,89.3,29.6,33.5,6.24,7.0,206.6,99.1,158.1,401.0,7.7,0
65,Male,16.3,47.1,91.1,30.3,34.2,5.51,6.9,150.0,100.9,181.4,400.5,9.6,0
16,Male,16.4,47.5,91.4,31.3,35.3,6.1,8.1,264.9,100.6,181.4,400.6,9.4,0
2,Female,13.5,42.3,91.4,31.1,34.6,5.4,6.9,290.8,100.6,159.8,400.3,8.9,0
62,Female,12.0,40.1,88.4,28.5,32.5,4.2,6.7,302.6,98.5,157.3,398.4,6.6,1
14,Female,14.7,43.1,91.1,30.6,35.3,5.4,9.0,236.9,100.4,160.3,400.8,9.9,0
5,Male,12.8,46.9,90.1,30.3,35.2,6.1,5.1,174.9,100.8,180.0,400.4,8.8,0
15,Male,13.6,44.5,88.4,28.3,32.2,4.7,7.3,266.6,98.2,178.3,398.0,6.6,1
12,Female,14.7,43.1,91.0,31.1,35.0,5.4,7.5,228.3,100.0,160.5,401.2,9.5,0
2,Male,11.0,44.2,88.1,28.0,32.0,4.7,8.2,161.5,98.3,178.5,398.4,6.9,1
0,Female,11.0,40.3,88.4,28.3,32.4,4.2,5.9,231.0,98.4,157.0,398.3,7.0,1
13,Male,16.3,46.5,90.7,31.0,35.3,5.71,6.2,234.4,100.2,180.4,400.9,9.7,0
70,Male,16.4,46.3,90.6,31.2,35.2,5.77,6.0,263.7,100.0,180.8,400.3,8.6,0
46,Female,14.3,42.8,90.4,31.5,34.7,4.88,7.2,184.8,100.8,160.5,400.9,9.5,0
20,Female,12.0,40.1,88.2,28.0,32.2,4.2,5.5,237.2,98.3,157.4,398.3,6.8,1
49,Male,13.5,44.2,88.4,28.4,32.2,4.7,7.0,326.5,98.0,178.4,398.3,6.5,1
2,Female,12.8,42.5,91.4,31.1,34.2,5.4,8.7,165.7,100.7,159.3,401.0,9.0,0
13,Female,12.2,40.4,88.3,28.2,32.4,4.2,6.1,214.3,98.3,157.3,398.1,6.9,1
16,Female,15.0,42.1,90.3,30.5,34.9,5.4,8.0,295.4,101.2,160.0,401.1,9.1,0
29,Male,15.9,46.3,91.4,30.7,34.3,6.1,5.5,204.2,101.3,180.2,400.1,8.9,0
79,Male,15.4,46.9,90.5,30.7,35.4,6.24,6.0,270.5,99.6,180.3,399.4,9.0,0
76,Male,17.0,47.5,90.9,30.5,34.3,5.81,6.9,217.8,100.1,181.1,400.6,8.8,0
11,Male,13.1,46.6,90.8,31.3,34.3,5.43,7.3,303.7,101.3,180.9,401.2,9.1,0
17,Male,16.7,46.6,90.4,30.4,34.8,6.07,5.7,243.7,101.1,180.3,400.3,9.1,0
6,Female,11.0,40.1,88.2,28.0,32.3,4.2,4.6,228.1,98.1,157.3,398.1,6.5,1
4,Male,13.1,47.4,90.1,30.3,34.1,5.89,4.8,214.0,101.2,180.5,400.4,9.3,0
57,Female,12.0,40.1,88.3,28.4,32.3,4.2,9.0,178.7,98.4,157.1,398.4,6.7,1
8,Male,12.3,46.8,90.8,31.0,35.1,6.1,4.5,259.3,101.2,180.4,400.7,8.6,0
5,Male,11.0,44.3,88.0,28.3,32.4,4.7,6.4,282.6,98.2,178.0,398.4,6.7,1
58,Female,14.4,43.0,91.4,31.3,34.9,5.4,5.8,314.3,100.9,159.0,401.2,10.0,0
33,Male,16.7,46.4,90.5,30.6,34.7,6.02,9.0,250.8,101.2,181.2,400.2,9.7,0
76,Male,14.1,46.2,88.8,30.3,33.0,6.58,5.8,348.2,101.2,179.0,401.1,7.3,0
4,Male,13.5,46.0,90.8,31.1,34.7,5.53,7.0,273.6,100.9,180.4,400.7,9.1,0
27,Female,14.9,42.9,90.1,30.3,34.2,5.4,5.4,256.7,100.4,160.4,401.0,9.0,0
27,Female,14.4,43.4,91.5,30.8,34.8,5.4,6.9,224.8,100.2,160.1,400.3,9.8,0
9,Female,13.5,42.2,90.1,31.0,34.6,5.4,6.3,257.7,100.4,159.7,400.4,8.6,0
83,Female,12.1,40.2,88.1,28.2,32.1,4.2,4.9,241.8,98.0,157.3,398.3,6.8,1
69,Male,13.8,44.0,88.3,28.5,32.1,4.7,8.6,274.8,98.3,178.3,398.2,6.5,1
10,Male,12.7,46.0,90.7,30.4,35.1,5.44,8.0,256.2,100.3,180.7,400.1,9.4,0
75,Female,14.5,42.6,91.4,30.6,34.9,5.4,7.1,235.7,100.8,159.9,400.1,8.6,0
40,Female,15.1,42.3,90.5,31.5,34.8,5.32,7.6,280.9,100.9,160.3,400.1,9.1,0
57,Female,12.0,40.3,88.5,28.4,32.4,4.2,6.4,303.0,98.0,157.5,398.4,6.6,1
17,Female,12.0,40.4,88.3,28.0,32.1,4.2,8.7,213.1,98.3,157.1,398.0,6.6,1
27,Female,13.9,42.5,90.8,31.1,35.1,5.18,7.3,252.9,100.6,159.8,400.0,9.9,0
59,Male,16.4,47.0,90.8,31.3,34.9,6.1,5.2,265.1,101.4,181.0,401.0,10.0,0
40,Male,15.5,47.5,90.6,29.8,34.6,5.05,7.0,150.0,99.8,181.4,401.4,8.0,0
6,Male,11.0,44.0,88.2,28.1,32.4,4.7,6.6,209.9,98.0,178.4,398.2,6.6,1
38,Male,13.8,44.3,88.1,28.5,32.3,4.7,5.4,156.6,98.0,178.4,398.3,7.0,1
15,Male,13.7,44.3,88.1,28.2,32.1,4.7,6.7,217.9,98.2,178.1,398.2,6.7,1
2,Female,11.0,40.1,88.1,28.5,32.2,4.2,6.1,303.0,98.1,157.4,398.3,6.7,1
16,Male,15.5,47.5,91.3,31.3,35.0,5.92,6.5,280.0,100.8,180.1,401.4,8.7,0
14,Male,15.2,45.1,90.7,28.5,33.6,4.03,8.3,214.6,100.1,178.9,399.7,9.7,1
30,Male,16.6,46.6,90.0,30.6,32.8,4.07,5.3,223.8,101.2,179.4,400.5,9.7,1
1,Male,13.5,47.1,90.9,30.1,34.7,6.1,5.4,324.1,101.4,180.3,400.8,9.5,0
15,Female,14.3,42.0,88.7,28.7,35.4,3.64,5.5,294.9,101.4,159.0,399.4,7.9,1
29,Male,13.9,44.4,88.2,28.1,32.1,4.7,8.3,328.5,98.4,178.5,398.4,6.7,1
17,Male,16.5,46.7,90.1,31.0,35.3,6.1,6.3,275.1,101.3,180.5,400.0,9.8,0
14,Female,14.8,42.4,91.1,31.3,34.5,5.0,4.9,318.2,100.8,160.0,400.6,9.9,0
17,Male,13.9,44.4,88.3,28.0,32.0,4.7,7.4,334.2,98.1,178.0,398.1,6.8,1
33,Female,12.0,40.2,88.2,28.0,32.1,4.2,8.0,279.3,98.0,157.4,398.4,6.8,1
37,Male,13.8,44.3,88.0,28.1,32.3,4.7,6.4,230.8,98.4,178.3,398.2,6.5,1
10,Male,11.0,44.2,88.3,28.1,32.3,4.7,7.6,314.2,98.4,178.1,398.1,6.6,1
52,Female,12.0,40.0,88.4,28.1,32.1,4.2,7.8,222.9,98.5,157.3,398.4,6.6,1
63,Male,16.1,46.0,90.9,30.2,34.6,5.79,6.8,150.0,100.5,180.8,400.4,9.5,0
11,Male,13.5,46.7,89.0,31.4,34.5,4.42,4.7,150.0,100.4,181.4,399.7,8.8,1
13,Female,14.5,42.8,90.9,30.6,34.2,4.88,6.4,240.0,100.9,159.1,400.1,9.4,0
1,Male,13.5,46.3,91.2,31.4,35.4,6.1,7.6,251.0,101.1,180.2,400.7,9.6,0
54,Male,14.7,45.6,90.5,29.9,34.3,5.69,7.6,259.5,100.5,179.0,399.9,7.6,0
25,Male,15.8,45.3,90.5,29.4,34.7,5.82,6.2,219.6,99.9,180.6,399.0,7.9,1
8,Male,12.8,46.2,91.2,31.1,34.6,5.44,4.7,232.1,101.1,181.2,400.8,10.0,0
0,Male,13.5,46.8,91.1,30.5,34.7,6.1,4.5,219.6,100.7,181.2,400.5,8.8,0
0,Male,11.0,44.4,88.2,28.5,32.3,4.7,7.6,335.8,98.4,178.1,398.3,6.8,1
7,Male,12.4,47.5,91.0,31.3,34.5,6.1,9.5,326.2,101.0,180.9,400.6,8.9,0
29,Female,14.9,43.1,90.4,30.6,34.3,5.4,7.4,296.2,100.8,159.3,401.2,8.5,0
65,Female,14.1,42.2,90.8,30.1,35.0,5.16,10.1,220.1,100.7,159.4,401.3,9.6,0
9,Male,11.0,44.4,88.3,28.4,32.3,4.7,9.1,176.0,98.3,178.5,398.3,6.6,1
16,Male,15.8,47.1,90.8,31.2,35.2,5.72,8.3,282.1,100.5,180.3,400.0,9.2,0
2,Female,11.0,40.4,88.3,28.0,32.3,4.2,5.4,237.7,98.3,157.1,398.3,6.8,1
42,Female,15.0,42.1,90.4,30.5,35.3,5.4,8.6,278.1,100.7,160.3,400.4,9.6,0
15,Male,13.5,44.3,88.0,28.4,32.0,4.7,5.2,271.1,98.2,178.4,398.1,6.8,1
19,Male,13.7,44.2,88.3,28.4,32.4,4.7,7.6,265.2,98.0,178.0,398.3,6.7,1
73,Female,12.2,40.3,88.3,28.1,32.3,4.2,7.7,227.6,98.3,157.1,398.4,6.6,1
69,Male,16.4,46.4,90.7,30.6,34.5,5.55,4.5,270.2,101.0,180.5,400.6,8.6,0
89,Female,14.6,43.3,90.1,30.6,35.5,5.4,6.1,205.5,101.4,159.3,400.7,9.0,0
79,Male,14.1,45.0,91.4,29.3,34.7,5.05,6.9,238.4,99.7,179.2,401.4,10.0,0
11,Female,11.0,40.3,88.2,28.4,32.5,4.2,7.5,275.2,98.2,157.2,398.3,7.0,1
12,Male,15.6,45.5,91.5,31.3,34.6,3.96,7.6,220.8,100.3,179.2,398.8,8.1,0
18,Male,16.3,46.2,90.0,31.2,34.3,6.1,8.4,161.5,100.5,180.1,400.3,8.8,0
13,Female,12.0,40.4,88.4,28.1,32.1,4.2,7.3,158.3,98.5,157.2,398.5,6.7,1
6,Male,13.5,46.6,90.1,30.9,34.2,5.92,8.6,251.1,100.7,181.1,401.5,8.7,0
14,Female,14.5,43.1,90.8,31.2,35.3,5.15,10.2,217.8,101.5,160.0,401.3,9.8,0
76,Male,15.8,46.4,91.0,30.5,34.8,6.02,8.9,275.0,100.5,180.6,401.2,8.8,0
56,Female,14.6,42.3,90.2,31.3,34.9,4.97,6.8,299.1,101.5,159.4,400.8,8.8,0
26,Male,13.5,44.4,88.4,28.2,32.2,4.7,7.4,213.8,98.5,178.3,398.3,7.0,1
84,Male,15.7,46.1,91.4,30.5,35.4,5.81,7.0,290.7,101.3,181.4,400.5,9.1,0
85,Female,14.2,43.3,91.2,31.2,34.4,5.4,4.5,269.8,100.2,159.1,400.9,9.0,0
49,Female,12.2,40.4,88.5,28.4,32.3,4.2,5.4,209.0,98.1,157.3,398.3,6.7,1
3,Female,13.6,41.0,90.0,30.0,33.7,5.54,5.7,245.3,100.0,159.8,401.4,7.3,0
19,Male,13.5,44.3,88.2,28.3,32.1,4.7,6.9,210.2,98.2,178.2,398.5,6.5,1
74,Female,13.8,42.9,91.5,31.1,34.4,5.4,8.5,209.0,101.3,159.5,400.0,9.0,0
6,Male,11.0,44.5,88.4,28.5,32.0,4.7,5.7,266.4,98.2,178.1,398.5,6.8,1
12,Male,15.6,45.2,90.5,29.0,33.8,4.57,5.6,255.1,100.3,180.7,399.8,9.9,1
13,Female,12.1,40.0,88.2,28.2,32.0,4.2,7.9,267.6,98.2,157.3,398.5,6.6,1
6,Male,11.0,44.2,88.3,28.4,32.4,4.7,7.4,284.5,98.3,178.3,398.3,7.0,1
83,Male,13.9,44.4,88.1,28.3,32.2,4.7,4.5,254.0,98.2,178.0,398.5,6.6,1
17,Male,16.5,46.3,90.7,31.2,35.2,6.08,7.8,271.8,101.0,180.3,400.4,9.0,0
19,Male,16.3,46.5,91.2,31.1,35.4,5.42,6.4,265.5,100.1,180.0,400.9,9.4,0
63,Male,13.7,44.3,88.3,28.1,32.2,4.7,6.0,230.4,98.4,178.2,398.2,6.8,1
16,Female,12.1,40.0,88.5,28.2,32.3,4.2,4.5,180.7,98.1,157.4,398.2,6.8,1
2,Female,11.0,40.0,88.5,28.2,32.3,4.2,5.1,239.4,98.1,157.1,398.1,6.5,1
0,Male,13.3,47.4,89.4,29.1,34.4,4.83,6.9,243.6,98.6,181.2,399.6,9.3,1
9,Male,13.3,46.3,90.5,30.8,35.2,6.1,5.5,271.0,100.8,180.1,400.6,9.1,0
58,Female,12.2,40.2,88.1,28.1,32.1,4.2,8.8,153.1,98.0,157.3,398.4,6.8,1
11,Male,11.0,44.3,88.3,28.2,32.5,4.7,9.5,197.8,98.4,178.1,398.4,6.9,1
76,Female,12.2,40.1,88.1,28.1,32.4,4.2,7.0,297.1,98.5,157.1,398.3,6.7,1
82,Female,12.5,41.0,89.6,29.3,34.4,3.42,9.0,358.3,98.6,158.6,401.3,7.6,1
19,Male,16.1,47.3,90.2,31.5,34.2,5.42,6.6,272.2,101.1,181.2,401.3,10.0,0
13,Female,15.1,42.8,90.5,31.1,34.9,5.26,5.8,171.1,100.1,160.4,400.3,8.8,0
16,Female,12.1,40.1,88.2,28.5,32.2,4.2,6.8,193.8,98.2,157.0,398.3,6.7,1
3,Female,12.4,43.1,90.6,31.4,34.8,5.32,5.7,231.9,100.9,159.9,401.2,8.8,0
88,Female,14.6,42.1,90.7,30.9,35.1,5.4,7.8,235.8,101.0,159.1,400.6,9.2,0
17,Female,12.0,40.3,88.5,28.2,32.4,4.2,6.8,335.1,98.3,157.2,398.2,6.8,1
16,Female,13.0,41.9,89.9,30.4,35.0,4.15,5.5,213.8,100.8,159.4,399.1,8.3,0
6,Female,11.0,40.1,88.4,28.3,32.2,4.2,7.5,286.7,98.2,157.2,398.5,6.7,1
0,Female,13.0,41.2,90.8,29.4,32.8,5.11,7.6,217.0,100.3,157.7,398.8,9.3,1
65,Male,16.2,46.0,91.5,30.5,34.4,5.73,5.9,169.0,101.3,181.0,400.6,9.8,0
21,Female,14.6,41.1,88.8,31.3,35.0,4.56,7.1,326.5,98.5,157.5,399.9,8.8,0
65,Male,17.0,46.8,90.8,30.5,35.0,6.1,5.2,206.6,101.4,180.4,400.7,9.0,0
6,Female,11.0,40.5,88.1,28.1,32.1,4.2,5.9,198.1,98.3,157.3,398.3,6.6,1
2,Female,12.9,42.2,90.2,31.0,35.1,5.4,7.1,217.4,100.9,159.6,401.2,9.5,0
12,Female,12.0,40.5,88.5,28.3,32.4,4.2,7.5,277.1,98.0,157.2,398.2,6.8,1
84,Male,13.8,44.4,88.1,28.5,32.4,4.7,5.2,210.4,98.1,178.3,398.0,6.8,1
0,Male,13.3,47.0,89.8,28.5,34.2,5.69,7.3,259.6,100.8,181.1,399.2,8.7,0
50,Male,13.7,44.2,88.1,28.1,32.5,4.7,11.0,301.8,98.3,178.0,398.4,6.9,1
79,Female,12.0,40.1,88.3,28.0,32.5,4.2,6.7,276.2,98.3,157.3,398.2,6.7,1
48,Female,14.9,42.8,90.2,31.0,35.4,5.4,7.2,348.0,100.5,159.5,400.5,9.9,0
18,Female,12.0,40.4,88.3,28.4,32.1,4.2,6.2,330.0,98.3,157.3,398.4,6.9,1
71,Male,16.9,46.7,90.1,30.5,34.5,6.1,8.3,305.3,100.0,181.4,400.3,9.4,0
60,Female,13.6,42.8,91.1,30.8,35.4,5.58,6.1,184.9,100.7,157.9,399.2,9.9,0
22,Male,14.4,45.6,88.9,30.2,35.1,4.97,5.4,291.9,100.2,178.9,398.5,10.0,1
69,Male,13.9,44.3,88.1,28.2,32.4,4.7,4.5,219.7,98.1,178.2,398.1,6.5,1
11,Female,12.6,42.3,91.3,31.0,34.7,5.4,7.7,262.1,100.1,159.8,401.1,8.8,0
15,Female,12.2,40.5,88.2,28.3,32.0,4.2,7.2,238.1,98.2,157.3,398.3,6.6,1
12,Male,15.6,47.5,90.6,30.6,35.2,6.1,5.9,239.3,101.2,180.8,400.6,9.9,0
8,Male,12.3,46.7,89.0,30.6,32.8,5.05,5.5,266.5,100.5,181.4,401.4,8.8,1
19,Male,13.6,44.3,88.3,28.4,32.3,4.7,6.5,271.2,98.5,178.2,398.3,7.0,1
40,Male,15.4,46.7,90.0,30.1,33.6,5.71,10.1,249.0,98.9,179.7,400.2,7.6,1
76,Male,16.0,46.9,90.3,30.2,34.4,5.45,5.7,293.6,100.2,181.0,401.3,8.5,0
84,Male,16.6,46.3,90.4,31.4,34.7,6.1,7.8,243.7,101.4,181.0,400.0,9.1,0
7,Female,12.5,42.8,90.5,30.4,35.5,5.4,6.5,269.2,101.4,160.2,401.2,9.1,0
48,Female,12.0,40.2,88.3,28.1,32.5,4.2,6.9,217.6,98.4,157.2,398.2,7.0,1
49,Male,16.7,47.1,90.6,30.5,35.3,6.1,6.7,248.9,101.2,180.4,400.0,9.7,0
75,Female,14.3,42.7,90.1,30.5,35.2,5.4,5.0,214.1,101.0,159.5,401.4,8.7,0
19,Male,15.0,46.7,90.3,28.9,34.9,5.89,8.5,261.1,101.0,179.4,400.1,9.6,0
19,Female,12.2,40.5,88.4,28.2,32.4,4.2,9.6,297.3,98.2,157.5,398.0,6.9,1
3,Female,13.7,42.5,89.1,30.1,32.7,5.64,7.0,220.4,101.3,160.0,398.6,8.1,1
11,Female,11.0,40.2,88.2,28.2,32.2,4.2,6.6,161.4,98.0,157.1,398.0,6.6,1
62,Male,15.7,46.5,90.8,30.1,34.2,6.1,5.9,253.5,101.0,180.1,401.1,9.6,0
3,Male,13.5,46.4,91.4,31.5,34.9,5.61,8.8,224.3,100.6,180.1,400.8,9.8,0
15,Male,15.5,46.9,91.3,30.5,35.2,3.98,4.5,263.7,99.1,179.3,401.0,8.9,0
13,Male,16.6,47.0,91.0,30.8,34.0,6.1,7.8,242.2,101.2,180.9,400.4,8.8,0
76,Male,13.9,44.2,88.3,28.5,32.2,4.7,6.0,150.0,98.2,178.1,398.5,6.7,1
36,Male,16.0,46.1,90.7,30.4,35.1,6.1,8.0,267.0,100.7,181.2,401.3,9.6,0
89,Female,14.3,42.2,90.8,30.2,35.4,5.4,5.9,247.8,100.8,159.9,401.3,8.6,0
65,Female,14.2,42.5,90.7,30.6,34.8,5.09,6.2,195.7,100.7,159.5,400.9,9.0,0
39,Male,13.9,44.1,88.1,28.2,32.4,4.7,6.7,239.9,98.4,178.2,398.1,6.8,1
81,Female,14.2,42.9,91.3,31.3,34.3,5.4,4.7,286.3,100.6,159.4,400.8,9.7,0
8,Female,11.4,43.1,90.7,28.8,34.1,5.39,6.7,215.9,100.8,158.8,399.1,7.5,0
9,Female,12.9,42.9,90.6,30.6,35.2,4.84,8.4,220.3,101.4,159.6,401.3,8.8,0
38,Female,12.2,40.4,88.3,28.2,32.0,4.2,7.7,228.1,98.1,157.2,398.1,6.9,1
17,Female,12.1,40.5,88.4,28.1,32.3,4.2,6.2,293.5,98.5,157.3,398.2,6.7,1
0,Female,11.0,40.2,88.0,28.2,32.5,4.2,8.3,150.0,98.4,157.2,398.2,6.7,1
2,Male,11.0,44.1,88.5,28.2,32.4,4.7,7.9,214.7,98.1,178.3,398.1,6.6,1
86,Female,14.3,43.4,90.2,31.3,35.1,5.4,5.7,228.5,100.7,160.2,401.1,9.5,0
18,Male,13.9,44.3,88.4,28.2,32.3,4.7,6.8,286.6,98.4,178.3,398.4,6.5,1
64,Male,16.3,44.7,91.3,31.3,34.5,6.66,5.4,164.8,99.8,181.2,401.3,8.8,1
42,Female,12.1,40.2,88.1,28.3,32.3,4.2,5.2,244.5,98.4,157.4,398.1,6.9,1
85,Male,15.7,46.3,90.4,30.1,34.5,5.51,5.7,326.2,100.5,180.2,400.3,8.8,0
14,Female,12.0,40.3,88.1,28.1,32.2,4.2,8.0,187.1,98.5,157.1,398.2,6.6,1
69,Male,16.8,46.5,91.2,31.3,34.4,6.01,6.2,264.1,101.1,180.2,401.4,8.9,0
66,Female,12.0,40.0,88.2,28.4,32.3,4.2,10.1,191.1,98.1,157.0,398.3,6.5,1
35,Male,16.4,46.4,91.3,30.1,34.3,6.1,5.5,300.9,100.1,181.3,400.5,8.8,0
19,Male,16.4,47.1,91.1,31.2,35.3,5.52,8.9,195.6,100.7,180.3,400.8,9.1,0
66,Female,14.7,42.3,91.3,30.4,35.2,5.1,8.3,256.0,100.4,159.1,400.8,8.8,0
75,Male,16.3,47.2,90.6,30.5,34.5,6.1,6.9,219.4,100.4,181.3,400.1,9.1,0
10,Male,13.5,46.3,90.6,31.2,35.2,5.98,4.5,230.6,101.4,180.2,401.4,9.5,0
11,Female,11.0,40.1,88.4,28.3,32.2,4.2,7.7,237.1,98.0,157.0,398.3,6.7,1
49,Female,14.1,42.9,90.6,31.0,35.5,4.87,5.1,150.0,100.4,159.9,401.3,8.9,0
11,Female,11.0,40.3,88.1,28.2,32.4,4.2,10.0,219.2,98.2,157.0,398.5,6.9,1
78,Female,12.2,40.1,88.5,28.1,32.4,4.2,6.2,209.7,98.2,157.1,398.3,6.7,1
8,Female,11.0,40.2,88.4,28.2,32.5,4.2,6.2,278.4,98.4,157.4,398.2,6.6,1
63,Female,12.0,40.3,88.2,28.2,32.5,4.2,7.6,224.4,98.1,157.1,398.2,6.6,1
82,Female,15.1,41.4,89.8,30.2,33.5,3.49,8.4,288.0,100.1,158.8,400.7,10.0,0
18,Female,14.9,42.2,90.1,30.9,34.0,5.4,7.1,212.4,101.1,159.4,400.2,8.8,0
15,Male,14.0,44.3,88.5,28.3,32.4,4.7,8.3,309.5,98.2,178.3,398.1,6.8,1
16,Male,15.5,45.1,88.6,29.5,33.5,5.11,9.1,251.0,101.2,179.0,399.7,7.1,0
63,Male,15.1,46.1,88.6,29.5,34.7,4.21,6.5,214.7,98.8,179.6,400.7,9.9,1
62,Male,13.6,44.3,88.1,28.5,32.4,4.7,7.2,317.6,98.0,178.1,398.5,6.9,1
14,Male,16.3,46.6,90.7,31.5,34.5,6.08,7.6,322.8,101.1,180.2,400.9,8.9,0
29,Male,13.8,44.1,88.4,28.3,32.1,4.7,4.5,364.0,98.5,178.1,398.4,6.9,1
81,Female,12.0,40.4,88.4,28.3,32.1,4.2,7.4,255.1,98.1,157.2,398.2,6.8,1
12,Female,12.1,40.2,88.5,28.3,32.5,4.2,7.2,238.0,98.1,157.4,398.3,6.6,1
12,Male,13.6,44.2,88.3,28.2,32.1,4.7,5.5,196.1,98.3,178.2,398.3,6.9,1
78,Female,14.0,42.7,90.6,30.8,35.1,5.4,7.7,153.6,100.1,160.1,400.8,9.6,0
58,Male,16.5,47.0,90.8,30.1,35.4,6.1,7.0,259.5,101.1,180.1,400.9,9.6,0
0,Male,11.0,44.3,88.1,28.1,32.2,4.7,8.7,278.2,98.5,178.4,398.5,6.7,1
54,Female,13.8,42.0,90.1,31.4,35.2,5.0,9.2,326.3,100.0,159.6,401.1,8.8,0
5,Female,11.0,40.3,88.2,28.5,32.2,4.2,7.1,321.1,98.1,157.0,398.5,6.8,1
3,Male,13.1,47.4,90.6,30.4,34.2,5.63,10.0,180.7,100.1,181.4,401.1,9.4,0
1,Female,12.3,43.5,90.3,31.0,35.4,5.4,7.3,305.4,100.5,159.7,401.3,9.8,0
15,Male,16.2,47.0,89.8,29.9,32.7,5.91,7.3,333.6,101.1,178.8,398.8,7.4,0
13,Female,14.1,40.6,91.3,28.8,34.7,5.86,6.1,260.2,100.2,158.9,400.8,7.8,0
2,Female,11.0,40.4,88.0,28.0,32.0,4.2,9.0,236.8,98.3,157.5,398.4,6.9,1
56,Female,12.1,40.2,88.5,28.5,32.2,4.2,8.0,187.7,98.0,157.4,398.4,7.0,1
14,Female,14.0,42.1,90.7,31.3,34.1,5.4,8.6,336.9,101.3,160.3,400.1,9.0,0
40,Male,13.7,44.4,88.2,28.0,32.2,4.7,7.9,250.0,98.2,178.1,398.3,6.9,1
16,Female,14.6,43.3,91.3,31.1,35.4,5.4,7.8,152.1,101.4,160.3,400.3,9.3,0
33,Male,15.2,45.9,89.1,28.9,34.8,5.72,7.0,190.2,101.5,180.1,401.2,9.5,0
2,Male,13.0,45.0,90.4,29.9,33.3,5.48,6.3,205.1,99.6,179.5,398.8,8.2,0
63,Male,15.7,46.4,90.2,30.8,34.1,5.74,5.3,150.0,100.8,181.1,400.1,8.6,0
4,Male,11.0,46.4,89.3,30.4,33.5,4.13,7.3,309.2,99.3,179.6,400.4,9.0,0
53,Male,16.9,47.3,90.1,31.1,34.5,6.1,5.4,210.8,100.9,181.3,400.3,9.6,0
5,Female,11.0,40.0,88.5,28.4,32.1,4.2,6.5,238.0,98.1,157.4,398.3,6.5,1
26,Female,12.2,40.2,88.3,28.0,32.3,4.2,6.8,295.4,98.3,157.4,398.2,6.6,1
9,Female,13.5,42.0,91.3,30.2,35.1,5.4,8.6,323.6,100.2,159.8,400.4,9.3,0
4,Male,11.0,44.4,88.1,28.1,32.2,4.7,5.5,309.5,98.2,178.2,398.3,6.8,1
87,Female,15.2,43.0,91.5,30.3,35.2,5.05,10.1,260.2,101.0,160.0,400.5,10.0,0
1,Male,11.0,44.1,88.4,28.5,32.5,4.7,5.7,277.7,98.3,178.0,398.3,6.9,1
47,Male,16.8,46.6,91.2,31.0,34.3,6.1,5.8,209.7,101.2,180.2,400.3,9.3,0
19,Male,16.9,47.4,91.5,30.2,34.2,6.1,6.4,251.6,100.1,181.3,401.3,9.0,0
46,Female,12.0,40.2,88.1,28.4,32.4,4.2,7.8,304.8,98.2,157.2,398.1,6.8,1
1,Female,11.0,40.1,88.5,28.2,32.4,4.2,8.2,174.9,98.1,157.5,398.3,6.9,1
0,Female,11.0,40.1,88.2,28.0,32.1,4.2,7.7,262.6,98.1,157.4,398.0,6.9,1
5,Female,13.2,43.1,91.1,30.0,35.0,5.4,4.5,267.2,101.2,159.5,400.3,9.0,0
5,Female,11.0,40.2,88.1,28.3,32.4,4.2,5.4,211.2,98.4,157.1,398.4,6.5,1
32,Female,12.1,40.3,88.1,28.3,32.3,4.2,6.9,237.5,98.2,157.1,398.3,6.9,1
24,Male,16.9,46.5,91.0,30.8,35.2,6.1,7.1,333.9,101.4,181.4,400.8,9.4,0
16,Female,14.1,43.4,91.1,30.2,34.1,5.4,7.9,302.5,100.3,159.7,400.9,9.9,0
52,Female,12.0,40.3,88.5,28.4,32.1,4.2,8.6,245.3,98.1,157.2,398.2,6.5,1
25,Male,16.2,47.0,90.7,30.2,34.8,6.1,7.7,206.4,100.9,181.1,400.2,9.9,0
0,Male,13.5,46.1,91.1,30.5,34.0,6.01,8.0,222.4,100.5,181.2,400.0,9.0,0
88,Male,13.6,44.4,88.2,28.0,32.2,4.7,6.3,328.1,98.3,178.1,398.0,6.9,1
15,Male,13.7,44.3,88.4,28.4,32.3,4.7,6.2,209.0,98.3,178.1,398.2,6.9,1
81,Male,14.4,47.2,89.1,29.2,34.8,6.24,5.8,271.8,99.1,181.0,399.5,8.7,0
87,Female,13.9,43.3,91.2,31.3,35.3,5.4,5.1,254.7,101.0,159.5,400.1,8.6,0
5,Female,11.0,40.1,88.2,28.2,32.3,4.2,7.1,232.8,98.1,157.4,398.5,6.9,1
40,Female,14.1,43.2,90.8,30.3,35.4,5.4,6.1,241.1,100.9,159.5,400.1,9.8,0
17,Male,13.6,44.1,88.4,28.1,32.0,4.7,4.5,351.1,98.3,178.3,398.4,6.8,1
1,Female,11.0,41.3,90.6,29.4,33.4,3.92,6.6,216.3,98.8,160.5,399.4,8.6,0
28,Male,13.8,44.5,88.5,28.1,32.4,4.7,7.6,266.4,98.0,178.1,398.0,6.7,1
16,Female,14.8,43.1,91.4,30.5,34.0,5.4,9.2,247.5,101.2,159.6,400.8,9.3,0
86,Female,15.0,42.4,90.1,31.5,34.9,5.06,6.3,256.0,100.3,159.9,400.6,9.0,0
46,Female,13.3,42.1,89.7,29.5,32.8,4.72,8.8,277.8,101.1,158.0,399.7,8.8,0
58,Male,16.6,46.8,91.0,31.2,34.7,5.59,7.1,284.8,100.9,181.4,401.4,9.4,0
15,Female,14.5,42.8,90.3,31.0,35.3,5.29,4.7,304.5,101.2,159.7,400.5,9.1,0
36,Male,13.6,44.5,88.4,28.1,32.1,4.7,6.1,216.8,98.2,178.3,398.2,6.7,1
14,Male,16.0,46.8,90.6,30.4,34.2,6.1,9.2,175.9,101.1,180.6,401.4,9.3,0
49,Male,13.7,44.0,88.2,28.2,32.2,4.7,6.6,270.7,98.3,178.3,398.1,6.9,1
85,Female,15.2,43.2,90.9,30.2,34.6,5.4,6.6,291.9,101.5,159.2,400.6,9.8,0
86,Female,14.4,43.3,90.0,30.6,34.5,5.4,5.9,236.2,101.5,159.3,400.5,8.8,0
54,Female,14.8,42.4,91.3,30.2,34.2,5.4,8.2,199.9,100.0,159.1,400.9,8.8,0
17,Female,14.4,42.8,90.1,31.4,35.0,5.4,7.8,216.1,100.9,159.7,401.5,9.8,0
41,Male,13.9,44.3,88.1,28.4,32.0,4.7,7.5,221.7,98.3,178.4,398.3,6.7,1
16,Female,15.1,42.1,90.8,30.4,35.0,5.4,4.9,243.3,100.8,160.3,401.4,9.1,0
0,Female,13.4,41.5,88.8,30.5,35.3,6.09,6.8,207.0,100.3,160.0,399.9,8.4,1
19,Male,15.5,47.1,91.3,30.6,34.7,6.1,5.9,297.8,100.5,181.0,400.8,8.7,0
18,Male,13.7,44.0,88.0,28.3,32.2,4.7,7.8,230.5,98.5,178.3,398.1,6.6,1
7,Male,13.5,46.8,91.0,31.3,34.6,5.89,6.8,254.7,100.9,180.7,400.2,10.0,0
69,Female,12.0,40.3,88.1,28.2,32.1,4.2,8.1,270.8,98.1,157.4,398.4,6.9,1
62,Male,13.7,44.1,88.3,28.1,32.1,4.7,9.5,274.4,98.3,178.2,398.3,6.6,1
0,Female,11.0,40.1,88.0,28.4,32.0,4.2,7.6,233.2,98.3,157.2,398.3,6.6,1
0,Male,11.0,44.2,88.3,28.1,32.3,4.7,8.8,251.6,98.4,178.3,398.2,6.7,1
6,Male,11.0,44.5,88.3,28.0,32.2,4.7,7.4,215.9,98.1,178.2,398.3,6.7,1
87,Male,13.5,44.3,88.1,28.2,32.0,4.7,8.0,335.9,98.4,178.5,398.3,6.6,1
73,Male,14.0,44.2,88.3,28.4,32.1,4.7,5.4,323.1,98.2,178.5,398.2,7.0,1
16,Male,15.6,46.2,89.2,29.7,35.3,6.46,4.5,186.0,100.9,179.7,400.3,9.6,0
15,Male,15.1,46.2,89.8,30.8,33.3,4.35,5.0,377.4,99.6,179.6,401.2,9.4,0
5,Male,13.5,46.3,90.6,31.1,35.0,5.63,6.2,281.6,100.3,180.8,400.9,9.4,0
31,Female,12.1,40.4,88.3,28.1,32.0,4.2,9.8,275.8,98.5,157.2,398.3,6.6,1
19,Male,13.6,44.0,88.0,28.1,32.4,4.7,8.4,155.2,98.3,178.3,398.1,6.8,1
76,Female,12.0,40.1,88.3,28.4,32.3,4.2,9.5,226.1,98.1,157.3,398.2,7.0,1
15,Female,14.0,42.9,90.0,30.3,34.0,5.07,4.5,221.6,100.6,160.2,401.0,9.9,0
14,Female,12.0,40.3,88.3,28.2,32.3,4.2,8.1,233.3,98.0,157.3,398.1,7.0,1
80,Male,15.5,46.5,90.9,30.1,34.9,6.1,7.2,325.6,100.6,181.4,400.2,9.3,0
18,Female,12.0,40.2,88.2,28.0,32.3,4.2,8.4,157.5,98.2,157.4,398.4,6.6,1
14,Female,14.2,43.3,90.0,30.9,34.6,5.4,6.1,214.2,100.9,160.5,401.5,8.9,0
0,Male,11.0,44.1,88.0,28.1,32.3,4.7,8.2,190.8,98.2,178.3,398.0,6.6,1
7,Male,12.9,46.0,90.5,30.8,34.1,6.1,6.3,322.2,101.0,180.4,400.2,8.7,0
29,Male,16.4,46.7,91.1,30.5,34.7,6.1,5.7,211.6,100.4,180.7,400.5,9.1,0
17,Male,13.7,44.5,88.2,28.3,32.4,4.7,7.5,190.8,98.1,178.3,398.1,6.6,1
20,Male,14.7,46.2,90.2,30.1,33.6,4.43,5.3,262.1,98.5,180.5,399.8,9.9,1
1,Male,12.6,46.6,90.9,30.4,34.9,6.01,4.5,334.8,100.4,181.4,401.1,8.7,0
60,Female,14.6,42.7,91.3,30.4,34.6,5.4,7.9,251.2,101.4,159.1,400.4,8.5,0
17,Male,13.7,44.2,88.1,28.0,32.3,4.7,7.2,285.8,98.0,178.4,398.4,6.6,1
27,Female,12.2,40.0,88.2,28.3,32.2,4.2,6.9,192.8,98.4,157.4,398.4,6.7,1
50,Female,12.0,40.4,88.1,28.2,32.5,4.2,8.0,349.2,98.0,157.1,398.1,6.6,1
18,Male,16.9,47.3,90.8,30.8,35.0,5.98,6.4,256.5,100.1,180.7,400.8,9.8,0
75,Female,14.9,42.3,90.1,30.5,35.1,5.4,7.2,272.5,100.6,160.2,400.2,9.7,0
5,Female,12.6,40.9,89.4,29.8,33.4,4.61,7.3,286.8,100.1,159.1,400.8,9.9,1
15,Male,13.6,44.5,88.3,28.2,32.2,4.7,10.2,274.9,98.0,178.4,398.5,6.8,1
2,Female,11.0,40.2,88.5,28.3,32.3,4.2,6.1,186.7,98.1,157.4,398.1,6.8,1
64,Male,16.3,45.9,90.5,28.9,33.6,5.43,6.6,336.9,101.4,179.4,399.0,7.6,1
6,Male,11.0,44.0,88.3,28.1,32.4,4.7,9.0,264.3,98.1,178.2,398.4,7.0,1
9,Male,11.0,44.4,88.4,28.1,32.2,4.7,6.4,252.0,98.4,178.4,398.1,6.9,1
49,Male,13.9,44.3,88.2,28.1,32.5,4.7,5.7,270.8,98.2,178.5,398.4,6.9,1
38,Female,13.4,42.9,89.4,29.9,33.8,4.6,8.9,277.6,99.7,159.4,398.7,7.2,0
8,Female,12.3,43.3,90.9,30.3,35.2,5.4,5.3,174.7,100.2,160.3,400.8,9.3,0
63,Male,15.0,45.9,91.4,31.2,32.9,4.19,5.1,240.8,101.4,180.8,401.0,9.0,1
57,Female,15.1,43.2,91.3,30.9,35.3,5.4,8.1,251.0,100.7,159.8,400.3,9.9,0
64,Male,13.5,44.1,88.2,28.1,32.2,4.7,6.1,307.0,98.3,178.2,398.2,6.8,1
29,Male,15.4,46.6,91.0,31.3,33.9,5.86,7.1,336.0,101.0,178.6,400.6,7.5,1
16,Female,12.0,40.3,88.2,28.4,32.0,4.2,5.2,244.9,98.0,157.3,398.5,6.8,1
18,Male,13.6,44.4,88.3,28.1,32.5,4.7,5.7,189.9,98.1,178.3,398.4,6.7,1
1,Male,11.0,44.2,88.2,28.2,32.5,4.7,8.1,239.7,98.5,178.1,398.2,7.0,1
77,Male,13.7,44.2,88.1,28.3,32.2,4.7,7.4,248.0,98.4,178.2,398.3,6.9,1
14,Male,15.8,46.1,91.4,30.4,35.3,6.1,6.1,274.9,101.2,181.2,400.9,9.0,0
14,Male,15.9,47.3,90.0,30.0,34.7,5.76,7.9,340.3,100.1,180.2,400.6,8.8,0
85,Male,16.3,46.2,91.2,31.1,35.2,5.69,5.6,197.8,100.8,180.2,400.6,8.8,0
45,Female,15.0,42.6,91.4,30.2,34.5,5.4,5.5,280.3,100.0,160.5,401.3,9.0,0
56,Female,13.5,41.6,90.7,31.2,34.1,3.7,6.6,300.5,101.2,159.8,399.5,7.3,0
9,Male,13.0,47.2,91.0,30.7,34.4,6.1,4.8,150.0,100.2,181.2,401.0,8.8,0
6,Female,11.0,42.9,90.4,30.4,32.5,3.91,7.2,270.0,101.2,157.9,400.1,7.8,0
32,Female,12.1,40.1,88.5,28.0,32.0,4.2,6.7,257.5,98.2,157.2,398.4,6.6,1
17,Female,12.2,40.5,88.4,28.4,32.4,4.2,7.3,308.8,98.3,157.1,398.4,6.7,1
45,Male,16.4,47.1,91.1,30.2,34.2,5.51,6.6,150.5,101.5,180.6,401.1,9.5,0
10,Male,11.0,44.3,88.3,28.1,32.3,4.7,7.4,180.5,98.0,178.4,398.1,6.8,1
74,Female,12.0,40.4,88.2,28.5,32.3,4.2,8.9,225.2,98.2,157.2,398.2,6.7,1
83,Male,13.8,44.2,88.5,28.2,32.0,4.7,5.3,176.8,98.2,178.4,398.2,6.6,1
15,Female,13.9,43.0,91.4,31.0,34.4,5.4,7.0,272.2,100.6,159.6,401.5,9.6,0
85,Male,16.4,46.8,90.3,31.0,35.3,5.82,7.7,299.4,100.1,180.6,400.8,9.6,0
14,Male,16.8,46.6,90.5,30.3,34.6,5.88,5.2,299.8,100.9,180.1,400.3,9.1,0
46,Male,15.8,47.0,91.4,30.8,35.3,5.59,4.5,227.6,100.0,180.7,400.6,9.5,0
17,Male,15.9,47.1,90.6,30.0,34.0,6.09,6.4,249.5,101.0,180.4,400.8,9.0,0
0,Male,13.2,46.0,91.4,30.1,34.2,5.42,8.1,255.6,101.0,181.2,400.0,9.3,0
65,Male,13.5,44.4,88.1,28.2,32.3,4.7,8.0,243.9,98.4,178.1,398.3,6.9,1
78,Male,13.8,44.2,88.0,28.5,32.0,4.7,6.5,234.8,98.0,178.2,398.3,7.0,1
57,Male,16.6,46.2,90.0,30.9,35.4,6.1,8.0,304.7,100.7,181.1,401.2,8.8,0
13,Male,16.0,46.7,90.5,31.5,35.2,5.65,6.3,234.6,100.8,181.3,401.1,8.8,0
1,Male,13.2,46.5,90.2,30.2,34.3,5.78,7.3,307.4,100.8,180.2,401.3,9.6,0
17,Male,16.0,46.7,90.5,31.1,34.5,5.61,7.4,247.1,100.3,180.9,400.6,8.6,0
7,Female,11.0,40.1,88.1,28.2,32.3,4.2,6.2,257.0,98.1,157.0,398.3,6.8,1
25,Female,12.2,40.1,88.5,28.4,32.3,4.2,7.8,223.0,98.2,157.3,398.4,6.7,1
19,Female,14.1,42.4,91.1,30.5,34.4,4.83,7.3,267.1,100.7,160.4,400.4,9.5,0
46,Female,14.1,42.3,90.1,30.2,34.0,5.4,7.7,327.1,101.4,160.2,401.3,9.5,0
22,Male,16.0,46.5,90.1,31.3,35.1,4.11,9.4,164.0,100.9,179.6,400.3,8.3,1
3,Male,11.0,44.1,88.2,28.4,32.3,4.7,6.1,278.5,98.2,178.2,398.1,6.6,1
11,Male,12.8,46.0,90.7,30.9,32.9,4.69,7.1,278.0,99.2,180.2,401.0,7.5,1
13,Male,15.7,46.8,91.0,30.6,34.7,6.1,7.3,237.6,100.3,180.1,400.3,9.6,0
8,Female,11.0,40.1,88.3,28.0,32.4,4.2,9.1,243.3,98.2,157.1,398.3,6.7,1
17,Female,12.0,40.1,88.0,28.3,32.1,4.2,5.1,186.9,98.4,157.2,398.3,6.9,1
82,Male,15.5,47.4,91.2,30.2,34.1,5.86,9.1,325.7,100.4,180.7,400.3,8.6,0
18,Male,16.4,47.0,90.8,31.3,34.0,5.8,5.8,247.1,101.1,180.6,400.4,8.5,0
2,Male,11.0,44.2,88.3,28.4,32.1,4.7,7.1,298.6,98.4,178.2,398.2,6.6,1
16,Female,12.1,40.4,88.0,28.2,32.0,4.2,8.1,221.1,98.4,157.4,398.0,6.6,1
23,Female,13.9,41.1,88.7,29.5,35.5,6.22,4.5,223.8,101.4,158.8,398.6,9.9,1
37,Female,14.4,42.9,90.8,30.9,35.3,5.1,6.0,266.0,100.7,160.0,400.0,8.7,0
61,Female,12.0,40.3,88.1,28.2,32.2,4.2,7.2,276.8,98.2,157.2,398.4,6.8,1
41,Female,12.0,40.2,88.4,28.0,32.4,4.2,9.5,254.4,98.1,157.4,398.4,6.6,1
72,Male,13.6,44.1,88.3,28.1,32.4,4.7,6.4,266.6,98.3,178.3,398.2,6.6,1
7,Male,13.5,45.3,90.4,30.4,33.3,6.89,9.5,244.7,98.6,179.2,398.8,8.0,0
51,Female,13.7,40.7,90.1,30.7,34.1,6.0,6.2,267.5,98.6,158.6,400.6,9.6,0
38,Male,13.9,44.2,88.1,28.2,32.1,4.7,7.9,207.7,98.1,178.1,398.2,7.0,1
66,Female,15.2,42.8,90.0,30.5,34.2,5.19,8.4,277.3,100.5,159.8,400.1,8.6,0
14,Male,16.4,45.8,89.0,31.5,33.9,5.33,6.2,240.5,99.2,179.3,400.2,9.8,0
3,Female,11.0,40.2,88.3,28.2,32.2,4.2,6.3,296.0,98.0,157.4,398.4,6.5,1
36,Male,13.6,44.5,88.3,28.2,32.5,4.7,10.0,252.2,98.2,178.2,398.3,6.9,1
78,Female,14.5,42.9,90.1,31.3,34.5,5.4,7.3,267.4,101.3,159.1,400.7,9.3,0
16,Female,14.2,41.0,88.7,31.0,33.4,6.23,5.6,301.7,101.4,157.7,400.0,7.5,0
37,Male,16.7,46.4,88.6,31.1,33.4,6.51,5.6,212.9,100.6,178.7,400.5,7.9,0
67,Female,12.0,40.5,88.4,28.1,32.1,4.2,8.7,290.8,98.4,157.3,398.1,6.5,1
16,Female,12.0,40.1,88.2,28.4,32.5,4.2,7.7,227.3,98.0,157.2,398.2,7.0,1
28,Female,15.0,43.2,90.5,30.7,35.0,4.84,5.8,208.4,101.3,159.5,400.8,9.7,0
16,Female,14.3,43.3,90.2,31.4,35.0,5.4,5.2,257.8,100.3,159.4,400.6,9.9,0
6,Male,11.0,44.1,88.2,28.3,32.4,4.7,8.3,312.6,98.2,178.1,398.4,6.5,1
16,Male,13.8,44.3,88.2,28.3,32.5,4.7,4.5,205.6,98.5,178.5,398.3,6.8,1
89,Female,14.5,42.5,88.5,30.1,32.5,3.49,6.9,339.4,101.4,159.2,401.4,7.9,0
90,Male,15.7,46.9,90.9,30.1,34.7,5.79,9.3,241.0,100.2,180.2,400.4,9.9,0
86,Male,13.5,44.2,88.4,28.3,32.2,4.7,8.3,213.2,98.2,178.2,398.0,6.8,1
5,Female,12.8,42.7,90.4,30.6,34.1,5.1,8.6,219.7,100.3,159.5,400.1,9.3,0
51,Female,14.8,41.5,89.4,31.4,33.9,4.17,5.4,265.5,99.7,158.9,401.2,9.2,0
77,Male,13.8,44.0,88.2,28.1,32.2,4.7,5.9,293.6,98.3,178.3,398.4,6.7,1
16,Male,16.8,46.3,90.2,31.5,35.3,6.1,7.2,299.9,101.0,180.8,400.1,9.6,0
38,Male,14.8,45.3,90.8,28.6,34.3,5.69,6.4,250.6,101.0,179.6,399.8,9.0,1
47,Male,16.8,47.1,90.2,31.2,35.0,5.45,7.5,203.4,101.0,181.1,401.1,9.5,0
17,Female,14.8,42.7,91.3,30.3,34.7,5.4,6.7,219.0,100.9,159.6,400.7,9.4,0
11,Male,13.3,46.6,90.3,30.7,34.1,6.1,8.3,217.4,100.5,180.7,400.0,8.6,0
19,Female,14.9,42.4,91.1,30.7,34.9,4.88,6.6,272.0,101.0,160.2,400.8,9.0,0
15,Male,15.6,47.3,90.3,31.0,34.9,6.1,7.8,150.0,101.2,180.3,401.2,9.1,0
9,Male,13.5,46.3,91.1,30.8,35.3,6.1,4.9,257.9,100.2,181.4,400.5,9.1,0
10,Male,12.7,47.4,90.0,31.1,35.1,6.1,6.1,238.5,100.7,180.4,400.5,9.8,0
80,Female,14.9,42.9,91.2,30.4,34.1,5.4,7.0,314.9,101.2,159.7,400.3,9.2,0
38,Female,12.0,40.5,88.4,28.2,32.1,4.2,9.3,373.6,98.5,157.3,398.2,6.9,1
17,Female,12.2,40.1,88.0,28.3,32.4,4.2,4.5,242.9,98.4,157.1,398.4,6.9,1
8,Female,12.9,42.2,90.7,30.8,35.4,5.4,8.5,258.5,100.5,160.0,401.1,9.0,0
14,Female,12.1,40.3,88.2,28.4,32.5,4.2,6.0,248.5,98.0,157.1,398.0,6.7,1
14,Male,16.4,47.2,91.2,30.8,35.3,5.99,6.6,271.6,100.4,180.1,401.2,9.1,0
86,Female,12.0,40.0,88.4,28.2,32.5,4.2,7.3,276.6,98.2,157.1,398.5,6.7,1
79,Female,14.9,43.1,90.3,30.6,35.3,5.4,5.1,302.9,100.1,159.2,400.6,9.0,0
29,Male,13.5,44.3,88.3,28.5,32.1,4.7,6.0,218.7,98.0,178.0,398.1,6.6,1
1,Female,12.7,41.7,90.7,31.2,34.6,3.64,4.5,194.9,100.0,158.4,400.2,9.4,0
76,Female,12.1,40.2,88.1,28.4,32.5,4.2,4.9,230.8,98.0,157.4,398.3,7.0,1
16,Male,16.0,45.8,88.6,30.4,34.8,5.02,5.2,233.7,100.4,180.8,400.3,8.9,1
70,Female,14.8,43.2,90.9,30.8,34.4,5.4,6.8,331.8,101.0,159.5,400.1,8.8,0
49,Female,14.0,42.9,90.1,30.6,34.9,5.4,8.7,213.0,100.2,159.7,400.3,9.2,0
17,Male,16.4,47.2,90.7,30.8,35.2,6.04,6.1,338.1,100.6,181.1,400.3,9.0,0
14,Male,13.7,44.2,88.2,28.2,32.0,4.7,5.0,369.0,98.0,178.0,398.3,6.5,1
29,Male,14.7,47.4,90.2,28.5,32.9,4.48,7.8,298.4,99.9,180.9,399.9,9.4,0
11,Male,11.0,44.1,88.3,28.1,32.3,4.7,8.4,279.1,98.2,178.2,398.2,6.8,1
83,Male,15.6,46.2,90.3,31.2,34.3,6.1,9.1,300.1,100.3,181.3,401.0,9.8,0
18,Female,14.8,42.1,90.9,31.4,34.1,5.24,7.1,219.3,100.2,159.7,401.1,8.7,0
8,Female,12.8,42.7,90.3,31.2,34.5,5.31,6.4,171.0,100.7,159.8,401.5,9.9,0
86,Female,14.2,42.6,90.1,30.3,35.2,5.35,7.9,256.7,101.1,159.7,400.6,8.8,0
0,Female,11.0,40.3,88.1,28.4,32.0,4.2,8.2,242.7,98.2,157.0,398.3,6.9,1
72,Male,16.3,47.5,91.0,30.7,35.2,6.1,6.8,261.0,101.3,180.5,401.4,8.9,0
62,Female,12.0,40.2,88.4,28.4,32.1,4.2,9.0,290.2,98.4,157.3,398.2,6.6,1
29,Male,16.7,46.5,91.2,30.9,35.0,5.84,10.2,288.2,100.9,181.4,401.3,10.0,0
16,Male,16.8,46.0,90.2,30.1,35.1,5.5,4.5,227.5,100.5,181.3,400.3,9.0,0
7,Female,11.0,40.3,88.3,28.2,32.4,4.2,8.5,308.1,98.0,157.1,398.4,6.6,1
12,Female,12.0,40.2,88.2,28.2,32.4,4.2,4.5,250.8,98.1,157.2,398.0,6.6,1
5,Female,11.0,40.2,88.2,28.1,32.2,4.2,7.0,287.6,98.5,157.1,398.1,6.8,1
14,Female,14.1,42.2,90.0,30.3,34.5,5.16,8.0,288.6,100.1,160.0,400.8,8.7,0
36,Female,14.4,42.2,91.3,31.4,34.8,4.83,6.9,317.4,100.1,159.3,400.2,9.5,0
11,Male,11.0,44.1,88.5,28.2,32.1,4.7,7.4,263.8,98.3,178.3,398.5,6.6,1
0,Female,11.0,40.2,88.0,28.0,32.4,4.2,6.2,302.1,98.3,157.0,398.1,6.7,1
10,Male,11.0,44.1,88.5,28.0,32.5,4.7,8.8,262.8,98.2,178.2,398.1,6.5,1
19,Male,13.5,44.1,88.2,28.1,32.5,4.7,7.6,288.3,98.5,178.3,398.0,6.6,1
50,Female,14.7,42.7,90.7,30.9,35.1,5.4,8.6,218.0,100.7,160.0,400.8,10.0,0
40,Female,14.4,42.9,90.8,30.9,35.1,5.4,7.6,164.8,100.4,159.9,400.6,8.6,0
27,Male,16.8,47.1,90.8,31.1,34.1,6.1,7.7,283.4,101.4,180.5,401.4,9.0,0
17,Male,13.6,44.3,88.4,28.2,32.1,4.7,7.9,337.8,98.5,178.5,398.4,6.6,1
18,Male,16.1,45.4,89.2,28.5,34.5,5.66,5.2,184.3,99.1,179.5,399.4,9.9,1
54,Male,15.9,47.0,90.7,31.2,35.4,5.57,5.1,192.9,100.2,181.2,401.1,9.2,0
15,Female,12.1,40.0,88.3,28.0,32.2,4.2,7.1,240.9,98.5,157.4,398.2,6.7,1
60,Male,16.8,46.1,91.1,30.1,33.3,5.87,8.3,257.1,101.3,179.8,399.0,9.4,1
69,Female,14.3,43.0,90.3,31.2,35.2,5.4,6.8,277.2,100.9,160.3,400.7,9.4,0
39,Male,13.8,44.2,88.2,28.5,32.4,4.7,6.5,273.6,98.3,178.4,398.1,6.6,1
18,Male,15.6,46.9,89.9,30.4,35.5,5.86,7.7,223.4,101.3,179.5,399.2,7.8,0
18,Male,16.6,46.7,90.4,31.3,34.9,5.73,8.2,218.4,100.1,181.5,400.2,9.7,0
79,Male,13.7,44.1,88.2,28.2,32.5,4.7,5.7,309.8,98.2,178.0,398.2,6.9,1
8,Male,13.5,46.6,90.2,30.0,34.8,6.1,7.9,266.3,100.1,181.1,400.3,9.8,0
2,Female,13.0,42.9,91.2,31.3,34.1,5.4,7.2,282.7,100.3,160.2,400.8,9.7,0
14,Female,14.7,42.6,90.2,30.1,35.1,5.16,7.7,283.3,100.1,159.3,400.4,9.4,0
7,Female,11.0,40.2,88.3,28.2,32.4,4.2,7.6,218.9,98.0,157.5,398.4,7.0,1
11,Female,11.0,40.5,88.4,28.1,32.4,4.2,6.7,293.9,98.0,157.3,398.1,6.8,1
63,Female,12.0,40.3,88.1,28.2,32.2,4.2,6.3,260.6,98.0,157.3,398.3,6.7,1
28,Male,14.5,46.8,89.8,30.5,34.3,5.65,4.8,284.6,98.9,178.7,401.0,8.2,0
40,Female,12.1,40.4,88.4,28.1,32.1,4.2,8.1,241.8,98.1,157.2,398.0,6.9,1
20,Male,16.4,46.8,91.5,31.1,34.9,6.1,6.1,264.7,100.2,181.1,400.4,9.4,0
16,Female,13.9,43.1,90.1,31.3,35.0,5.4,6.6,264.3,100.4,159.2,400.6,10.0,0
85,Male,14.5,44.5,88.9,30.2,35.2,3.97,6.9,406.3,98.7,179.6,399.8,8.5,0
50,Female,12.1,40.5,88.1,28.2,32.0,4.2,8.7,183.5,98.2,157.1,398.0,6.8,1
34,Female,12.1,40.4,88.4,28.1,32.2,4.2,6.8,269.3,98.5,157.4,398.4,6.8,1
19,Male,13.7,44.2,88.3,28.3,32.0,4.7,9.1,183.8,98.1,178.3,398.3,6.6,1
30,Female,12.2,40.4,88.1,28.2,32.1,4.2,4.5,223.3,98.2,157.4,398.1,6.9,1
81,Female,12.2,40.4,88.1,28.2,32.4,4.2,8.1,298.9,98.1,157.3,398.4,7.0,1
54,Male,13.8,44.1,88.1,28.1,32.1,4.7,7.9,161.9,98.0,178.4,398.3,6.6,1
11,Female,11.0,40.4,88.4,28.2,32.0,4.2,8.7,334.3,98.4,157.5,398.3,6.8,1
15,Female,15.1,43.3,90.6,31.1,34.5,5.4,4.5,311.4,100.1,160.4,401.3,9.7,0
0,Female,11.4,41.4,89.6,31.4,35.1,4.94,6.0,264.5,99.0,159.2,398.9,7.1,1
49,Male,16.5,46.9,90.2,30.7,34.5,6.1,6.9,291.0,100.0,180.7,401.2,9.7,0
81,Female,14.0,42.6,90.2,31.4,34.3,5.4,7.6,255.4,100.1,159.3,400.6,9.4,0
5,Male,13.5,47.4,91.4,30.8,35.0,6.1,7.4,200.1,100.1,180.7,400.2,8.8,0
0,Female,11.3,43.3,90.8,28.6,33.7,3.85,5.3,200.5,101.5,160.4,398.8,7.7,0
19,Female,14.3,42.5,90.7,30.4,34.6,5.4,7.5,298.9,100.9,159.6,401.0,9.7,0
54,Male,13.9,44.3,88.1,28.3,32.1,4.7,4.5,283.7,98.1,178.1,398.2,6.9,1
51,Female,12.0,40.3,88.1,28.3,32.4,4.2,6.7,252.2,98.4,157.2,398.3,6.9,1
28,Male,13.6,44.1,88.3,28.4,32.1,4.7,4.9,253.9,98.5,178.0,398.2,6.6,1
29,Female,13.9,43.0,91.0,31.2,34.0,5.4,8.8,194.2,100.9,159.7,401.1,9.9,0
19,Female,12.0,40.3,88.0,28.3,32.3,4.2,8.9,192.5,98.2,157.4,398.4,6.8,1
41,Male,16.0,46.2,90.7,30.0,34.6,5.56,4.5,265.6,100.7,180.7,400.4,9.6,0
69,Female,12.4,42.3,89.1,30.5,34.2,3.97,6.9,285.1,99.7,159.9,399.4,8.8,0
61,Male,13.8,44.3,88.2,28.0,32.2,4.7,5.9,254.9,98.4,178.4,398.3,6.9,1
53,Female,12.2,40.3,88.1,28.3,32.0,4.2,6.5,269.9,98.5,157.2,398.1,6.8,1
66,Female,14.8,42.9,90.5,31.1,34.4,5.4,8.8,214.5,100.4,160.1,400.0,8.9,0
7,Female,10.9,41.6,90.0,30.2,34.6,4.42,6.4,180.2,99.3,159.6,398.6,9.8,1
89,Male,16.3,46.5,90.8,31.4,34.2,5.4,6.9,209.8,101.1,180.9,400.7,9.0,0
17,Male,13.9,44.2,88.1,28.4,32.2,4.7,9.9,343.8,98.4,178.2,398.2,6.8,1
12,Male,16.3,47.4,91.1,30.9,35.2,6.1,4.7,150.0,100.6,181.5,401.0,8.6,0
17,Female,12.0,40.2,88.2,28.1,32.2,4.2,5.4,250.4,98.4,157.4,398.3,6.6,1
18,Male,15.9,46.3,91.4,30.0,34.7,5.43,7.4,150.0,100.5,180.2,400.6,9.5,0
6,Male,11.0,44.1,88.3,28.3,32.4,4.7,10.3,315.8,98.3,178.0,398.2,6.7,1
50,Male,14.5,45.5,90.0,30.1,33.0,6.0,7.2,255.1,99.9,181.4,401.5,8.4,1
3,Female,11.0,40.2,88.4,28.5,32.4,4.2,8.2,150.0,98.2,157.4,398.1,6.6,1
7,Male,11.0,44.2,88.1,28.3,32.2,4.7,7.6,270.5,98.2,178.1,398.2,6.8,1
23,Female,12.0,40.4,88.3,28.1,32.1,4.2,9.4,256.3,98.2,157.1,398.2,6.7,1
25,Female,12.0,40.0,88.2,28.4,32.1,4.2,7.4,180.3,98.5,157.1,398.1,6.8,1
16,Female,14.5,42.0,90.4,30.2,35.0,5.17,4.5,215.1,100.2,160.4,401.4,8.6,0
3,Female,11.7,42.5,90.4,29.1,35.2,4.84,9.1,269.1,98.8,159.1,400.6,7.6,0
82,Male,16.0,47.2,91.3,30.3,34.5,6.1,6.6,221.7,100.7,180.3,400.3,9.1,0
3,Male,13.3,47.1,90.3,30.5,35.0,5.51,7.8,150.0,101.5,180.7,401.2,9.1,0
45,Female,12.1,40.5,88.1,28.4,32.4,4.2,6.1,345.3,98.2,157.1,398.3,6.6,1
3,Male,11.0,44.5,88.0,28.4,32.1,4.7,6.7,235.9,98.1,178.4,398.1,6.8,1
78,Female,14.5,42.3,91.3,30.5,35.1,5.28,8.5,181.3,100.2,160.3,400.6,8.5,0
14,Female,15.1,41.9,91.1,30.6,33.9,5.79,9.2,242.2,101.4,159.5,401.3,8.6,0
72,Female,12.0,40.1,88.4,28.3,32.4,4.2,4.5,247.2,98.0,157.1,398.1,6.6,1
12,Female,12.0,40.2,88.3,28.1,32.2,4.2,7.5,202.2,98.1,157.2,398.2,6.9,1
56,Male,16.1,46.1,89.2,31.2,34.1,6.74,5.3,246.4,99.6,180.1,399.1,8.2,1
71,Male,16.4,47.4,90.1,30.9,35.4,5.41,6.4,362.9,100.5,180.9,400.1,9.6,0
71,Male,13.7,44.3,88.1,28.2,32.1,4.7,6.9,315.6,98.2,178.4,398.3,6.8,1
8,Female,12.5,42.6,91.2,30.9,35.4,5.4,7.8,150.0,100.8,159.2,400.2,8.6,0
26,Female,15.0,43.3,90.8,31.0,34.4,5.17,9.2,284.2,100.6,159.6,401.4,9.3,0
15,Male,13.8,44.4,88.3,28.3,32.3,4.7,5.6,239.3,98.3,178.2,398.0,6.5,1
17,Male,13.7,44.3,88.0,28.2,32.1,4.7,7.9,228.9,98.3,178.3,398.3,6.6,1
7,Male,11.0,44.5,88.4,28.3,32.3,4.7,5.5,213.7,98.2,178.0,398.2,6.5,1
17,Male,13.8,44.5,88.3,28.1,32.2,4.7,6.5,235.7,98.2,178.1,398.0,6.6,1
54,Male,13.5,44.4,88.1,28.3,32.2,4.7,8.2,286.4,98.0,178.4,398.2,6.6,1
2,Female,12.4,42.5,90.0,31.2,34.1,5.4,7.6,246.2,100.9,159.6,401.2,8.9,0
38,Female,15.2,42.5,90.8,30.4,34.5,5.4,8.7,150.0,100.3,159.1,400.8,9.5,0
45,Male,13.9,44.1,88.2,28.3,32.3,4.7,8.3,242.1,98.1,178.0,398.5,6.8,1
23,Female,12.0,40.5,88.1,28.4,32.2,4.2,6.9,325.5,98.2,157.3,398.3,6.8,1
21,Male,15.8,46.8,91.1,31.4,35.3,6.1,5.2,331.7,100.7,181.4,401.4,9.8,0
65,Female,14.5,42.4,91.0,30.4,34.9,5.34,8.3,196.7,101.4,160.3,400.1,9.2,0
9,Male,11.0,44.1,88.2,28.0,32.4,4.7,9.9,150.0,98.4,178.1,398.3,7.0,1
3,Male,12.7,47.1,90.4,31.4,34.6,6.1,6.9,219.9,101.2,181.2,400.3,8.8,0
64,Male,14.0,44.2,88.3,28.5,32.1,4.7,8.4,278.3,98.1,178.3,398.3,6.9,1
19,Male,13.6,44.1,88.4,28.2,32.1,4.7,6.6,247.6,98.1,178.0,398.0,7.0,1
9,Female,11.0,40.1,88.1,28.3,32.1,4.2,9.2,245.9,98.2,157.1,398.3,6.5,1
45,Male,13.6,44.5,88.3,28.5,32.1,4.7,4.5,174.6,98.5,178.4,398.4,6.6,1
18,Male,13.6,44.1,88.4,28.2,32.1,4.7,8.9,182.1,98.1,178.2,398.5,6.8,1
15,Male,15.9,46.5,91.4,31.4,35.5,6.1,7.2,241.4,100.6,181.5,400.7,9.3,0
45,Female,13.9,40.9,91.0,30.2,35.3,3.92,6.4,223.7,99.1,159.9,398.8,9.4,0
9,Female,11.0,40.4,88.3,28.5,32.3,4.2,8.3,163.0,98.3,157.0,398.1,6.9,1
28,Male,13.9,44.4,88.1,28.3,32.3,4.7,6.4,254.5,98.2,178.1,398.3,6.6,1
8,Female,12.3,42.9,90.2,30.3,35.1,5.27,7.4,190.8,100.3,159.4,400.9,9.6,0
17,Female,12.1,40.4,88.1,28.4,32.0,4.2,7.1,248.4,98.3,157.2,398.3,6.7,1
12,Male,14.0,44.4,88.4,28.1,32.1,4.7,7.5,230.4,98.5,178.2,398.4,6.5,1
83,Female,14.8,42.3,91.1,30.5,35.5,5.4,6.1,305.5,101.4,160.5,400.7,9.4,0
85,Female,14.4,41.2,89.5,29.4,34.7,3.38,9.2,228.3,98.9,160.3,401.2,9.9,0
46,Male,14.6,46.2,88.6,28.8,33.8,4.02,8.9,180.6,100.9,179.8,400.0,7.0,1
6,Female,13.6,43.0,89.3,31.1,35.1,5.77,8.8,254.4,99.4,158.5,400.4,7.1,0
17,Male,16.5,46.8,90.3,31.2,34.6,5.84,7.7,303.7,101.3,180.9,401.1,9.8,0
17,Male,15.9,46.7,90.2,30.9,34.4,5.9,6.3,248.6,100.1,181.0,400.6,9.8,0
46,Male,15.6,47.5,91.4,30.6,34.8,6.1,7.5,285.8,100.4,180.7,400.6,9.9,0
37,Male,16.2,47.5,90.1,31.4,34.9,6.1,4.8,150.0,101.3,181.3,400.4,8.8,0
78,Female,14.2,42.4,90.3,30.6,34.3,5.01,5.6,282.5,100.0,160.2,401.1,9.0,0
83,Male,13.9,44.5,88.4,28.0,32.1,4.7,6.9,274.0,98.1,178.5,398.4,6.9,1
85,Female,14.3,43.2,90.5,30.4,35.4,5.25,8.3,332.4,100.3,160.1,400.5,9.2,0
4,Male,12.8,47.3,90.2,30.8,34.1,5.51,9.5,344.9,101.3,180.8,401.4,8.6,0
1,Female,13.5,43.2,91.5,30.2,35.4,5.31,5.6,150.0,100.9,160.5,400.9,9.9,0
17,Female,14.5,42.8,90.9,31.0,35.0,5.4,4.9,300.4,100.7,159.6,400.5,8.9,0
43,Male,15.3,47.2,88.6,30.9,34.9,5.08,10.2,205.6,100.9,179.0,399.6,9.1,1
61,Male,16.4,46.5,90.3,30.6,34.4,5.91,5.1,253.0,101.2,180.2,400.7,9.6,0
23,Female,14.5,42.2,90.4,30.8,35.3,4.94,7.6,202.0,100.4,159.3,400.3,9.2,0
15,Male,13.8,44.2,88.3,28.1,32.1,4.7,5.2,246.4,98.3,178.3,398.4,6.9,1
62,Female,13.9,43.0,90.6,31.0,34.2,4.98,6.2,175.4,100.4,159.1,400.5,9.6,0
19,Female,12.2,40.1,88.1,28.4,32.1,4.2,10.6,217.2,98.5,157.4,398.5,6.6,1
34,Male,13.9,44.1,88.3,28.2,32.5,4.7,8.9,200.9,98.1,178.2,398.3,6.5,1
12,Female,12.0,40.0,88.2,28.3,32.2,4.2,6.3,235.9,98.1,157.1,398.1,6.7,1
54,Female,12.0,40.2,88.2,28.0,32.5,4.2,8.3,312.9,98.2,157.2,398.3,6.9,1
17,Male,14.5,45.1,90.6,29.6,35.2,4.98,8.1,301.2,99.8,179.1,399.2,9.4,0
16,Female,12.1,40.2,88.0,28.5,32.4,4.2,8.0,234.8,98.1,157.0,398.4,6.8,1
14,Male,13.9,44.3,88.5,28.3,32.2,4.7,8.1,241.0,98.0,178.1,398.4,6.7,1
16,Female,14.0,42.4,90.2,30.4,34.7,5.4,4.6,260.7,100.1,159.9,400.6,10.0,0
20,Female,14.9,41.8,90.6,28.9,34.1,4.29,8.3,192.2,101.2,159.4,401.2,8.1,1
18,Male,13.7,44.3,88.4,28.1,32.2,4.7,8.1,346.4,98.2,178.3,398.2,6.9,1
83,Male,15.5,47.3,90.1,31.4,34.2,6.1,9.1,230.7,100.0,181.0,400.1,8.9,0
7,Female,11.0,40.0,88.4,28.2,32.4,4.2,6.5,256.4,98.5,157.2,398.1,6.9,1
13,Male,14.0,44.2,88.3,28.4,32.0,4.7,7.4,290.0,98.4,178.1,398.4,6.8,1
3,Female,11.0,40.2,88.3,28.5,32.2,4.2,5.3,246.1,98.0,157.2,398.5,6.9,1
75,Female,12.0,40.3,88.1,28.1,32.1,4.2,6.8,260.5,98.3,157.3,398.2,6.8,1
16,Female,12.3,43.2,90.1,30.0,34.7,4.28,7.0,256.0,98.7,158.0,399.4,7.5,0
31,Female,14.1,43.1,90.6,31.4,34.3,5.01,7.7,288.7,101.2,159.2,401.3,9.5,0
7,Male,12.8,46.1,91.2,30.6,35.2,6.1,7.9,193.1,100.7,181.3,400.3,9.5,0
12,Male,13.5,44.1,88.2,28.3,32.4,4.7,6.5,319.7,98.3,178.0,398.2,6.7,1
17,Female,14.0,43.2,90.1,31.3,34.4,5.4,8.7,152.5,101.2,160.5,400.5,9.3,0
71,Female,14.4,42.9,89.7,30.0,35.0,6.07,4.5,207.2,99.1,158.2,399.5,7.1,1
2,Female,11.1,42.5,88.9,28.9,33.1,4.2,7.3,260.9,99.5,159.4,400.6,10.0,0
17,Female,15.2,42.3,91.1,31.0,34.5,5.4,4.7,196.6,100.8,159.3,400.8,9.5,0
62,Male,13.8,44.1,88.3,28.3,32.3,4.7,4.6,220.7,98.4,178.3,398.1,6.8,1
74,Female,12.2,40.5,88.4,28.3,32.4,4.2,7.5,242.0,98.3,157.1,398.2,6.8,1
13,Male,13.5,44.1,88.3,28.1,32.1,4.7,6.7,275.0,98.4,178.5,398.3,6.9,1
74,Male,15.7,46.3,90.5,30.5,35.1,5.51,7.4,265.4,101.1,180.5,401.2,8.8,0
3,Female,13.5,43.0,90.2,30.9,35.2,4.86,4.5,245.0,100.3,159.6,401.5,9.6,0
19,Female,15.2,43.2,91.4,31.0,35.3,5.4,6.0,154.1,101.2,160.0,401.3,9.1,0
53,Male,16.3,46.4,90.3,30.8,34.3,6.1,11.0,221.5,100.2,180.5,400.6,9.7,0
12,Male,13.9,44.5,88.2,28.5,32.1,4.7,9.1,202.4,98.0,178.5,398.3,6.7,1
0,Male,11.0,44.4,88.1,28.1,32.1,4.7,7.5,207.7,98.4,178.1,398.3,6.5,1
17,Female,12.0,40.3,88.2,28.2,32.2,4.2,6.9,170.3,98.5,157.3,398.1,7.0,1
30,Female,12.0,40.4,88.3,28.4,32.0,4.2,7.4,239.6,98.2,157.4,398.3,6.6,1
15,Male,13.6,44.4,88.0,28.0,32.2,4.7,7.7,212.6,98.4,178.1,398.4,6.7,1
13,Male,16.2,46.5,91.3,30.2,34.2,6.1,5.4,278.1,100.6,181.4,400.4,9.5,0
74,Female,13.9,42.1,91.5,30.6,35.2,5.4,7.5,235.5,101.1,159.9,401.2,8.7,0
19,Male,16.9,46.8,88.7,30.3,34.4,4.71,6.5,249.6,99.9,179.3,399.2,9.9,0
13,Male,15.5,46.7,90.2,31.1,34.4,6.07,6.6,226.0,101.2,180.2,401.0,9.9,0
0,Female,11.0,40.0,88.1,28.1,32.0,4.2,7.1,295.4,98.4,157.1,398.2,6.6,1
6,Male,11.0,44.1,88.2,28.2,32.4,4.7,6.0,274.6,98.2,178.2,398.5,6.8,1
80,Male,16.9,46.9,91.1,30.6,34.0,6.1,5.7,264.2,100.7,181.4,400.3,9.2,0
81,Female,12.5,42.1,90.7,30.7,33.5,3.97,5.5,150.0,101.1,160.1,399.0,7.2,1
18,Female,13.8,42.5,90.2,30.0,35.3,5.21,5.0,250.6,100.1,160.1,400.2,8.5,0
56,Male,15.4,44.9,90.4,31.0,35.0,4.8,7.6,223.8,99.6,180.5,398.7,8.5,1
19,Male,13.7,44.2,88.1,28.1,32.1,4.7,6.3,216.0,98.3,178.1,398.3,6.5,1
2,Female,12.9,42.3,90.2,30.2,34.2,5.1,9.8,190.0,100.9,159.0,401.4,9.7,0
12,Female,14.5,43.2,90.1,30.4,34.6,5.4,6.7,272.0,100.3,160.1,401.1,9.2,0
44,Male,13.7,44.0,88.3,28.1,32.2,4.7,5.2,258.2,98.3,178.2,398.2,6.7,1
87,Male,16.6,47.3,91.5,30.1,34.3,6.1,4.5,273.4,100.3,180.4,400.6,8.8,0
58,Male,16.2,47.4,91.1,30.2,34.3,6.1,7.2,311.8,100.8,180.9,400.7,9.5,0
0,Female,11.0,40.3,88.4,28.3,32.3,4.2,6.4,259.7,98.1,157.3,398.1,6.6,1
6,Male,12.1,46.6,90.3,29.5,33.3,5.13,6.7,222.3,100.3,181.5,400.4,9.8,0
22,Female,12.2,40.1,88.5,28.2,32.2,4.2,7.4,216.4,98.3,157.3,398.4,6.7,1
18,Female,14.4,42.3,89.1,28.6,35.0,5.4,4.9,238.3,101.4,158.6,401.3,7.7,0
28,Female,14.2,43.2,90.9,30.5,34.5,5.4,9.9,279.2,100.2,160.2,400.5,9.4,0
2,Female,13.2,42.0,90.1,31.0,34.5,4.88,5.9,230.2,101.4,159.3,400.2,9.4,0
72,Male,16.2,47.5,90.6,30.2,35.2,5.72,5.7,278.2,100.0,180.2,400.6,8.7,0
14,Female,12.0,40.2,88.5,28.0,32.5,4.2,4.6,275.1,98.4,157.3,398.1,6.8,1
30,Male,13.7,44.2,88.3,28.3,32.2,4.7,7.3,237.3,98.5,178.4,398.2,7.0,1
64,Female,12.0,40.0,88.4,28.1,32.1,4.2,7.8,170.4,98.4,157.2,398.1,6.9,1
60,Male,14.5,47.2,90.3,31.1,34.4,5.11,6.6,223.6,99.1,181.4,399.7,9.7,1
4,Female,13.5,43.4,91.5,30.8,34.5,5.16,7.8,180.8,101.4,160.4,400.0,9.0,0
3,Female,12.9,43.4,90.2,30.3,34.8,5.32,5.5,342.9,101.2,159.6,400.9,9.0,0
67,Male,16.9,45.6,91.5,31.0,33.2,6.65,6.2,230.9,99.8,178.9,398.6,8.0,0
12,Female,15.2,42.7,91.4,30.7,34.8,5.4,8.2,322.8,100.6,160.2,401.4,8.5,0
13,Male,16.3,46.7,91.5,30.7,34.3,6.1,7.8,281.6,101.2,181.1,400.4,9.8,0
11,Male,13.5,47.0,91.2,30.4,35.0,5.8,7.3,277.7,100.5,180.4,400.3,9.5,0
75,Male,16.2,46.3,90.6,30.7,34.5,6.1,8.8,260.8,101.1,181.0,400.7,8.5,0
16,Female,14.5,42.7,91.4,29.7,32.8,5.76,8.2,232.1,101.1,160.5,401.5,10.0,0
4,Male,11.0,44.5,88.3,28.3,32.4,4.7,6.4,203.3,98.5,178.4,398.3,6.7,1
10,Female,13.2,42.9,91.5,30.9,35.4,5.23,7.2,169.4,100.8,159.3,401.0,8.5,0
19,Female,15.1,42.7,90.5,31.4,34.6,5.3,7.7,166.7,100.8,159.0,401.0,9.7,0
14,Female,13.0,41.9,88.7,30.6,34.0,5.69,6.3,182.1,101.3,159.1,401.2,8.2,1
64,Male,16.2,47.2,90.5,30.6,35.4,5.45,9.3,278.5,101.1,181.1,401.1,8.6,0
65,Female,12.0,40.4,88.4,28.5,32.3,4.2,7.0,328.2,98.4,157.1,398.0,6.6,1
6,Female,13.4,43.2,90.0,31.1,35.2,5.4,8.9,238.2,101.4,159.3,400.9,9.7,0
10,Male,11.0,44.4,88.3,28.3,32.3,4.7,8.1,311.7,98.1,178.5,398.3,7.0,1
84,Female,12.1,40.5,88.2,28.1,32.0,4.2,6.7,254.4,98.2,157.2,398.5,6.7,1
15,Female,14.7,41.0,89.4,31.2,33.4,6.03,7.5,202.6,99.3,158.5,401.0,8.7,0
80,Female,13.9,43.3,90.8,30.7,35.4,4.81,9.1,263.6,100.1,159.5,401.5,8.8,0
0,Male,12.3,46.4,90.1,31.3,34.4,6.1,7.1,236.8,100.5,181.3,401.3,9.0,0
72,Female,14.8,42.6,91.1,30.8,34.1,5.4,7.9,244.4,100.4,159.9,400.8,9.0,0
14,Male,16.2,47.0,90.6,30.2,34.6,6.1,4.5,254.5,100.8,180.0,400.5,9.7,0
38,Female,14.6,43.3,90.1,30.8,35.3,4.81,7.6,239.6,100.1,159.9,400.8,8.7,0
77,Female,12.1,40.2,88.4,28.4,32.1,4.2,5.9,187.5,98.3,157.4,398.1,6.6,1
13,Female,12.0,40.2,88.0,28.2,32.3,4.2,6.1,201.4,98.1,157.3,398.3,7.0,1
3,Male,13.5,46.4,91.0,31.1,34.9,5.53,6.3,259.3,100.9,181.1,400.3,9.8,0
52,Male,16.4,47.3,90.4,31.4,35.1,5.99,6.6,229.5,101.4,180.5,400.5,8.8,0
10,Female,12.4,43.4,90.0,30.7,35.5,5.4,5.6,230.4,101.4,159.0,401.0,9.8,0
13,Male,13.6,44.2,88.1,28.2,32.1,4.7,7.5,295.1,98.3,178.3,398.4,6.9,1
19,Male,16.9,47.2,91.4,30.0,35.4,6.1,8.1,341.0,101.4,180.7,400.9,9.2,0
16,Male,14.7,46.3,88.6,28.6,34.2,4.31,8.3,233.5,98.6,178.9,401.2,8.1,0
48,Male,16.7,46.4,90.6,30.6,34.7,5.65,8.0,150.0,100.8,181.2,400.8,8.8,0
2,Female,11.0,40.3,88.1,28.4,32.1,4.2,6.0,244.4,98.4,157.3,398.2,6.7,1
69,Male,16.5,47.0,90.6,31.3,35.3,5.66,6.8,294.5,101.1,181.2,400.8,9.1,0
54,Female,12.2,40.2,88.2,28.1,32.2,4.2,5.7,207.3,98.4,157.3,398.1,6.7,1
17,Female,12.0,40.1,88.2,28.5,32.3,4.2,7.7,214.1,98.1,157.2,398.2,6.6,1
26,Female,13.3,41.0,91.3,29.2,34.9,3.87,5.9,229.9,99.5,159.1,401.4,8.0,1
54,Female,14.2,43.4,90.8,30.7,34.8,5.4,9.0,299.4,100.5,159.7,400.3,9.5,0
9,Male,11.0,44.2,88.4,28.1,32.3,4.7,7.5,317.2,98.0,178.0,398.4,6.5,1
51,Female,14.0,42.5,91.2,30.7,34.7,5.03,7.0,233.3,100.6,159.4,401.5,9.1,0
17,Female,12.2,40.4,88.4,28.2,32.1,4.2,8.2,202.8,98.4,157.2,398.0,6.7,1
3,Male,12.3,47.4,91.3,31.0,34.6,5.66,6.3,217.3,100.8,181.1,401.0,8.9,0
51,Male,16.3,46.4,90.9,30.7,34.5,5.5,5.8,218.5,100.8,180.9,400.9,9.1,0
3,Male,12.8,45.2,90.3,30.1,33.3,5.29,6.3,230.3,101.3,180.2,400.9,8.0,1
83,Female,12.2,40.3,88.1,28.1,32.2,4.2,6.0,333.1,98.4,157.5,398.5,6.8,1
89,Female,12.1,40.1,88.3,28.3,32.4,4.2,7.4,285.3,98.0,157.2,398.5,7.0,1
82,Male,15.7,47.3,90.2,31.0,34.9,6.1,6.0,254.0,101.1,180.6,400.5,10.0,0
19,Female,12.0,40.4,88.4,28.1,32.1,4.2,6.2,313.2,98.4,157.1,398.3,6.7,1
75,Female,14.1,42.0,90.7,31.1,34.5,5.17,7.7,244.6,100.6,159.4,400.9,9.7,0
11,Female,11.0,40.0,88.3,28.1,32.0,4.2,7.2,227.4,98.4,157.1,398.1,6.6,1
8,Female,12.5,42.7,90.5,30.5,34.6,5.4,6.9,164.7,101.4,159.7,401.3,8.6,0
9,Male,11.0,44.4,88.2,28.0,32.2,4.7,11.0,215.8,98.4,178.1,398.4,6.6,1
58,Female,12.8,41.9,90.5,31.1,34.7,5.18,7.1,233.5,99.6,160.4,399.5,7.3,1
16,Male,17.0,46.6,90.5,30.9,35.2,6.1,6.5,316.8,101.0,181.3,400.7,8.8,0
9,Male,11.0,44.2,88.5,28.0,32.0,4.7,7.2,190.4,98.0,178.2,398.1,6.6,1
42,Female,12.0,40.5,88.1,28.4,32.3,4.2,7.1,274.1,98.4,157.1,398.0,6.6,1
75,Female,14.6,42.8,90.1,31.5,35.5,5.4,6.1,223.9,100.1,159.9,400.7,9.1,0
22,Male,16.0,46.4,90.4,31.4,34.5,5.41,8.1,299.7,100.2,181.5,400.9,9.3,0
35,Female,14.9,42.1,90.0,31.3,35.4,4.93,8.4,206.1,100.8,160.4,400.6,8.5,0
17,Male,13.6,44.3,88.3,28.2,32.3,4.7,6.9,292.7,98.4,178.3,398.5,6.8,1
1,Male,11.0,44.1,88.1,28.3,32.1,4.7,6.7,259.7,98.3,178.3,398.2,6.6,1
60,Male,13.5,44.2,88.0,28.1,32.2,4.7,7.7,248.2,98.0,178.3,398.2,6.5,1
64,Male,13.7,44.4,88.3,28.2,32.4,4.7,8.7,192.7,98.0,178.0,398.3,6.7,1
3,Male,10.8,45.5,90.2,30.0,34.1,5.97,6.1,293.1,100.7,178.7,400.6,9.5,1
8,Female,13.4,43.4,90.5,30.7,35.0,5.4,7.5,287.1,101.3,159.1,400.6,8.5,0
14,Female,12.0,40.3,88.3,28.1,32.2,4.2,4.8,159.5,98.1,157.2,398.0,6.6,1
9,Female,13.4,42.6,91.5,31.0,35.2,5.4,4.5,266.5,101.0,159.9,400.9,9.0,0
11,Female,11.3,41.7,89.7,30.8,33.3,6.28,7.6,306.5,100.1,159.7,401.4,10.0,0
52,Male,13.9,44.2,88.3,28.1,32.4,4.7,5.5,258.4,98.3,178.3,398.1,6.9,1
64,Female,12.0,40.5,88.5,28.5,32.0,4.2,9.5,269.1,98.4,157.1,398.4,6.8,1
10,Male,11.0,44.1,88.5,28.5,32.1,4.7,9.5,161.0,98.3,178.4,398.2,6.5,1
72,Male,13.9,44.4,88.2,28.2,32.0,4.7,8.0,207.8,98.3,178.5,398.2,6.6,1
9,Female,13.5,42.9,90.2,30.6,34.7,5.4,8.2,267.6,101.1,159.5,401.1,8.8,0
14,Female,15.2,41.6,89.1,31.3,34.2,3.46,7.3,198.7,100.0,158.8,400.1,8.1,0
14,Male,15.6,46.9,90.9,30.6,34.6,5.48,8.5,426.5,100.2,180.2,400.2,8.7,0
24,Male,15.7,47.1,91.2,30.2,35.5,6.1,7.0,286.8,100.4,180.9,400.6,8.8,0
13,Male,15.6,46.4,91.2,30.1,35.3,5.54,6.3,302.4,100.9,180.2,400.1,8.8,0
62,Male,13.6,44.0,88.1,28.4,32.1,4.7,9.5,261.4,98.3,178.1,398.2,6.8,1
42,Male,13.6,44.3,88.1,28.5,32.3,4.7,6.0,214.9,98.1,178.3,398.1,6.7,1
13,Male,13.6,44.2,88.3,28.3,32.1,4.7,5.3,242.0,98.4,178.0,398.4,6.5,1
85,Female,12.2,40.2,88.2,28.3,32.5,4.2,8.0,201.4,98.4,157.4,398.4,6.5,1
33,Female,14.8,42.1,90.2,31.3,34.5,5.3,8.5,336.1,100.1,160.1,400.9,9.8,0
43,Male,13.8,44.4,88.4,28.1,32.1,4.7,6.8,182.7,98.5,178.2,398.3,6.9,1
12,Female,15.2,42.4,90.9,30.9,34.4,5.4,5.4,227.7,100.7,159.6,400.3,9.2,0
9,Male,13.4,45.3,90.4,31.5,34.2,6.38,7.6,171.5,99.9,179.6,398.7,9.2,0
17,Male,13.9,44.2,88.4,28.1,32.4,4.7,7.1,235.7,98.4,178.1,398.3,6.7,1
61,Female,14.1,42.7,89.3,29.5,34.3,5.88,5.4,242.1,101.1,160.3,401.0,8.3,0
79,Female,13.3,42.8,88.9,30.7,33.8,4.56,6.8,231.3,101.3,157.5,398.9,9.4,0
9,Female,13.5,42.7,90.6,30.4,35.3,5.4,6.4,245.8,100.7,159.3,400.2,9.1,0
38,Female,14.6,43.4,88.6,30.0,33.0,4.71,6.6,311.5,100.6,157.8,400.2,9.5,0
19,Female,12.0,40.3,88.2,28.5,32.3,4.2,6.3,242.6,98.5,157.3,398.4,6.8,1
18,Female,12.0,40.0,88.3,28.2,32.5,4.2,8.1,212.6,98.0,157.2,398.3,6.8,1
19,Male,16.5,46.7,90.1,31.2,34.1,5.5,5.2,256.7,100.0,180.6,400.2,8.7,0
43,Female,14.7,42.3,90.2,30.9,34.9,5.03,6.2,240.5,101.1,160.5,401.1,9.8,0
35,Male,13.6,44.2,88.0,28.5,32.2,4.7,6.2,301.9,98.3,178.2,398.5,6.8,1
51,Male,16.0,46.4,91.3,30.6,34.0,5.99,5.1,289.3,100.6,180.1,400.9,9.6,0
10,Female,13.7,42.5,89.6,30.3,32.7,3.79,7.4,273.4,99.2,158.7,398.7,9.6,1
76,Male,16.9,46.2,91.5,31.3,34.6,6.1,5.4,282.6,100.5,180.8,401.0,9.3,0
43,Male,13.6,44.2,88.3,28.3,32.4,4.7,6.4,258.8,98.2,178.0,398.1,6.7,1
15,Female,14.6,42.6,90.2,30.6,34.5,4.97,7.0,315.9,100.5,159.8,401.1,8.5,0
15,Male,13.6,44.0,88.1,28.3,32.1,4.7,8.1,334.6,98.3,178.2,398.2,6.9,1
70,Male,14.0,47.5,90.0,31.0,35.2,3.9,8.4,241.3,100.6,180.7,400.2,9.9,0
53,Female,12.1,40.2,88.1,28.1,32.3,4.2,5.1,317.3,98.2,157.0,398.2,6.5,1
9,Male,11.5,46.7,90.6,30.2,32.7,6.76,8.6,224.1,100.9,179.4,399.2,8.6,0
16,Male,15.6,47.5,90.7,30.5,34.4,5.66,7.8,244.6,101.2,180.7,401.0,9.2,0
56,Male,13.6,44.4,88.3,28.4,32.3,4.7,8.1,268.1,98.5,178.3,398.1,6.8,1
11,Female,11.0,40.5,88.1,28.2,32.3,4.2,9.5,200.5,98.5,157.3,398.3,6.8,1
15,Male,13.8,44.2,88.3,28.3,32.4,4.7,7.3,289.4,98.4,178.4,398.1,6.5,1
16,Female,12.0,40.4,88.2,28.4,32.1,4.2,6.4,150.0,98.3,157.3,398.4,6.6,1
62,Female,12.0,40.2,88.2,28.0,32.2,4.2,7.4,183.0,98.3,157.4,398.0,6.8,1
7,Female,13.1,42.0,90.7,30.3,34.6,5.4,5.0,187.6,101.5,160.1,400.8,9.4,0
77,Male,16.9,46.5,88.7,29.5,35.1,6.06,5.1,248.4,100.0,178.8,400.3,9.3,1
70,Male,16.0,46.9,90.5,30.6,35.3,6.1,7.3,259.3,100.9,181.0,400.8,9.7,0
11,Female,12.3,42.9,91.3,30.3,34.5,5.4,7.9,227.1,100.5,159.9,400.3,8.6,0
20,Male,14.0,44.2,88.2,28.2,32.2,4.7,6.3,150.0,98.5,178.1,398.3,6.7,1
54,Male,15.6,46.0,91.0,30.4,34.5,6.1,7.4,211.4,100.5,180.9,401.3,8.8,0
50,Male,17.0,46.7,90.2,30.3,35.3,6.1,9.1,278.0,101.1,181.0,401.2,9.5,0
9,Female,11.0,40.4,88.0,28.4,32.4,4.2,8.2,278.4,98.4,157.1,398.2,6.5,1
34,Female,14.9,42.1,91.4,30.6,34.7,5.4,5.7,348.7,100.4,159.8,400.9,9.4,0
26,Male,16.9,46.8,91.2,30.3,34.5,6.1,7.0,217.6,100.7,181.1,400.4,8.8,0
16,Male,15.9,46.3,91.2,31.0,35.0,6.1,9.5,272.1,100.4,180.5,401.3,9.0,0
43,Female,12.1,40.2,88.3,28.0,32.2,4.2,5.5,221.5,98.2,157.4,398.2,7.0,1
85,Female,15.0,42.5,91.1,30.6,35.0,5.4,8.1,217.3,100.9,160.4,400.2,9.6,0
44,Female,12.1,40.5,88.1,28.2,32.2,4.2,5.9,269.0,98.4,157.2,398.4,6.9,1
41,Male,16.9,46.0,90.7,31.0,35.1,5.66,7.1,266.3,100.2,180.0,401.2,8.6,0
17,Female,12.2,40.4,88.0,28.2,32.4,4.2,7.8,257.7,98.2,157.4,398.2,6.8,1
17,Male,13.8,44.4,88.4,28.2,32.2,4.7,7.8,277.2,98.3,178.2,398.4,6.9,1
67,Female,15.0,43.0,91.0,30.8,34.8,4.9,8.3,202.5,101.4,159.8,401.1,9.5,0
2,Male,12.5,47.2,91.5,30.4,34.7,5.53,7.2,395.9,100.2,180.7,400.5,9.3,0
53,Male,16.4,46.9,90.7,30.7,35.4,6.1,6.7,235.6,101.5,181.1,401.4,9.0,0
89,Female,13.8,42.9,91.3,31.3,35.1,5.4,4.5,158.2,100.6,160.0,401.1,9.3,0
16,Female,14.7,42.2,91.1,31.0,34.8,5.22,7.1,322.0,100.1,160.4,401.2,9.4,0
3,Male,11.0,44.5,88.2,28.4,32.4,4.7,6.3,233.2,98.1,178.4,398.2,6.8,1
73,Male,13.9,44.0,88.5,28.1,32.5,4.7,9.2,253.2,98.3,178.4,398.4,6.7,1
5,Female,11.0,40.4,88.4,28.3,32.2,4.2,11.0,243.7,98.4,157.3,398.1,6.9,1
16,Female,14.0,42.3,88.9,29.5,33.4,5.95,9.6,279.7,99.7,158.7,399.4,7.7,1
11,Female,12.9,42.4,90.6,30.2,34.2,5.4,6.4,262.9,101.0,159.9,401.1,9.2,0
16,Male,16.6,46.7,90.4,30.1,34.7,5.93,8.3,196.6,101.2,180.4,400.1,9.8,0
36,Female,14.9,43.1,90.8,31.0,34.8,5.4,9.1,321.0,100.1,159.6,401.3,9.9,0
8,Male,13.3,47.0,90.6,30.3,34.6,5.61,6.5,289.0,100.2,180.0,401.0,9.5,0
90,Female,14.5,42.5,90.0,31.3,34.2,5.4,6.6,268.8,100.6,159.6,400.1,9.1,0
86,Female,12.2,40.1,88.1,28.1,32.2,4.2,7.9,244.8,98.1,157.4,398.4,6.7,1
15,Female,14.7,41.9,89.1,28.7,33.3,3.88,9.4,310.9,99.8,158.9,401.1,7.4,0
7,Female,12.8,42.1,90.5,31.0,34.3,5.4,9.7,253.2,100.5,160.1,400.7,8.8,0
8,Female,11.0,40.5,88.3,28.2,32.3,4.2,8.8,194.3,98.4,157.3,398.1,6.8,1
80,Male,16.1,46.2,91.2,31.4,33.7,5.05,6.9,279.7,100.4,178.9,398.6,9.7,1
38,Female,12.1,40.2,88.4,28.1,32.0,4.2,5.3,291.4,98.2,157.5,398.4,6.8,1
8,Male,11.0,44.2,88.2,28.1,32.2,4.7,6.5,150.0,98.5,178.4,398.5,6.5,1
65,Female,14.3,42.6,90.6,30.9,34.6,5.4,5.2,247.2,101.4,159.4,400.8,8.6,0
56,Female,12.2,40.3,88.2,28.3,32.2,4.2,8.4,242.0,98.2,157.1,398.1,6.6,1
29,Male,16.0,46.3,90.5,30.9,34.5,6.1,4.5,225.1,100.1,181.3,400.0,8.5,0
60,Male,16.4,46.1,90.2,30.9,34.6,6.1,8.5,255.7,101.5,180.2,400.6,9.5,0
42,Female,14.7,42.3,91.1,30.3,34.3,5.4,7.0,201.3,100.1,159.1,401.0,9.4,0
4,Female,11.0,40.3,88.1,28.1,32.4,4.2,9.3,215.0,98.4,157.1,398.4,7.0,1
4,Female,12.9,42.7,90.8,30.4,34.6,5.24,7.0,150.0,100.3,159.6,400.6,8.9,0
71,Male,13.9,44.5,88.2,28.4,32.4,4.7,6.7,195.4,98.3,178.2,398.4,6.9,1
15,Female,12.2,40.1,88.1,28.1,32.3,4.2,4.6,265.1,98.5,157.2,398.2,6.5,1
49,Female,12.0,40.3,88.3,28.0,32.4,4.2,7.2,310.4,98.1,157.4,398.3,6.8,1
79,Female,14.8,42.8,90.3,30.2,35.0,5.31,9.9,295.4,100.2,160.3,400.7,9.3,0
69,Female,12.0,40.1,88.4,28.3,32.1,4.2,6.1,374.0,98.3,157.2,398.4,6.6,1
23,Male,13.8,44.1,88.2,28.1,32.2,4.7,8.2,302.5,98.3,178.4,398.2,6.6,1
89,Male,13.6,44.5,88.2,28.3,32.0,4.7,5.3,296.9,98.3,178.1,398.1,6.7,1
48,Female,15.2,42.4,91.2,30.1,34.8,5.32,7.1,240.6,101.4,159.0,400.4,9.6,0
16,Male,13.5,44.4,88.5,28.2,32.1,4.7,5.4,312.8,98.2,178.4,398.4,6.5,1
12,Female,12.1,40.1,88.5,28.3,32.5,4.2,4.5,169.5,98.3,157.1,398.4,6.6,1
77,Male,13.9,44.2,88.1,28.5,32.0,4.7,6.4,299.0,98.1,178.2,398.2,7.0,1
15,Male,15.9,47.2,91.5,30.1,34.7,6.1,8.0,287.3,100.5,180.7,400.9,10.0,0
7,Male,11.0,44.3,88.3,28.2,32.1,4.7,6.6,314.5,98.4,178.1,398.2,6.7,1
26,Male,16.9,46.8,91.3,31.3,34.7,6.1,5.0,150.0,101.3,181.2,400.2,9.4,0
56,Male,15.7,47.2,90.4,30.3,34.8,6.02,4.5,236.8,100.5,180.4,400.8,9.7,0
16,Female,13.9,43.3,90.6,30.7,34.2,4.85,5.6,223.4,100.7,159.2,400.2,9.8,0
81,Male,16.9,47.0,91.1,31.1,34.1,5.7,4.5,242.4,100.6,181.2,400.0,9.5,0
41,Male,13.9,44.4,88.1,28.1,32.0,4.7,6.9,254.8,98.2,178.2,398.2,6.7,1
62,Male,16.4,47.2,90.8,30.4,34.5,6.1,7.2,219.4,100.6,180.6,401.3,9.8,0
51,Female,12.0,40.5,88.3,28.0,32.4,4.2,9.3,206.4,98.5,157.1,398.3,6.9,1
87,Male,16.2,47.2,91.2,31.1,34.5,5.51,9.0,194.1,101.1,181.4,400.7,9.4,0
15,Female,14.6,42.1,90.7,30.7,34.8,5.4,6.2,165.2,101.2,160.4,401.3,9.2,0
49,Female,15.1,42.4,90.9,30.6,35.1,5.36,7.9,178.6,101.1,159.8,401.1,9.1,0
8,Male,12.6,46.0,91.4,31.3,35.1,5.65,7.5,258.4,100.6,180.2,400.8,9.0,0
15,Female,12.0,40.0,88.4,28.3,32.1,4.2,8.3,264.2,98.4,157.3,398.3,6.8,1
6,Male,12.8,47.0,90.1,31.3,34.2,5.89,7.6,311.5,100.6,180.7,401.3,9.0,0
12,Female,12.1,40.5,88.1,28.5,32.2,4.2,8.7,239.2,98.2,157.4,398.2,6.6,1
20,Female,14.1,42.7,90.8,30.2,34.1,4.85,7.4,241.8,100.6,160.1,400.3,8.6,0
41,Male,16.0,46.8,90.9,30.5,34.9,5.75,6.5,200.2,101.1,181.4,400.7,9.5,0
5,Male,11.0,44.3,88.2,28.4,32.1,4.7,5.4,209.0,98.2,178.5,398.3,6.8,1
32,Male,14.4,44.8,89.8,29.2,33.4,5.79,6.9,251.9,99.5,179.6,401.1,8.4,1
19,Female,14.3,43.4,90.8,30.1,35.2,5.18,7.8,396.8,100.4,159.2,400.3,8.6,0
35,Male,15.6,47.4,91.2,31.3,35.4,6.01,6.7,261.6,100.0,181.2,400.1,10.0,0
13,Male,13.9,44.1,88.2,28.1,32.0,4.7,7.1,150.0,98.5,178.2,398.3,6.5,1
0,Male,11.0,44.2,88.1,28.4,32.1,4.7,4.5,296.6,98.1,178.2,398.1,6.9,1
16,Male,13.6,44.4,88.2,28.3,32.1,4.7,4.6,293.9,98.2,178.4,398.4,6.8,1
90,Male,16.7,45.8,91.2,29.4,33.6,4.85,6.2,178.1,99.5,179.1,400.1,9.0,0
0,Female,13.5,43.2,90.8,30.5,34.7,5.4,7.7,224.4,100.0,160.4,400.8,8.8,0
7,Female,11.0,40.5,88.4,28.5,32.4,4.2,5.9,208.8,98.2,157.0,398.3,6.8,1
10,Male,13.3,47.2,90.2,30.4,34.2,5.92,9.4,233.9,101.0,180.9,400.5,9.8,0
16,Female,12.1,40.4,88.4,28.1,32.1,4.2,7.4,168.5,98.4,157.1,398.2,6.9,1
74,Male,17.0,47.3,90.0,30.9,34.4,5.56,5.9,270.1,100.7,180.9,400.8,10.0,0
56,Female,14.8,43.0,90.1,30.4,35.3,5.4,8.3,228.1,100.4,159.6,400.4,9.8,0
13,Female,14.1,42.2,90.8,30.1,34.4,5.4,6.7,187.9,100.5,160.3,401.2,10.0,0
63,Female,12.0,40.0,88.0,28.5,32.4,4.2,5.9,276.8,98.2,157.3,398.5,6.5,1
31,Male,15.8,46.1,90.8,30.7,35.1,6.1,6.1,328.5,100.9,180.9,400.6,9.4,0
74,Male,13.5,44.4,88.1,28.2,32.5,4.7,10.7,370.1,98.5,178.4,398.0,6.6,1
21,Female,12.0,40.2,88.4,28.3,32.5,4.2,6.9,332.5,98.3,157.4,398.1,6.7,1
70,Male,16.5,47.1,90.2,31.5,34.9,5.94,7.7,172.6,101.3,180.8,401.0,9.0,0
10,Male,11.7,45.3,91.5,28.8,33.7,6.15,8.3,226.2,100.3,179.9,401.3,8.1,0
10,Male,13.0,46.0,90.7,30.6,34.2,6.1,7.1,272.3,101.1,180.1,400.6,8.7,0
7,Female,11.0,40.4,88.0,28.3,32.4,4.2,4.7,245.8,98.3,157.5,398.0,6.5,1
32,Male,13.9,44.4,88.4,28.4,32.3,4.7,5.6,303.1,98.4,178.3,398.0,6.9,1
82,Female,13.8,42.3,91.3,31.1,34.5,5.4,6.1,348.2,100.1,160.1,400.6,9.0,0
15,Female,14.1,43.4,90.9,30.4,34.3,5.4,8.1,330.0,100.9,159.9,400.5,9.9,0
46,Male,16.7,46.3,90.3,30.8,34.3,6.1,8.4,216.4,101.2,180.7,400.3,9.5,0
12,Male,13.8,44.2,88.5,28.3,32.4,4.7,9.4,274.6,98.1,178.0,398.4,6.7,1
16,Male,16.1,46.6,90.1,30.0,35.0,6.06,10.0,341.6,100.4,180.7,400.7,9.1,0
57,Male,16.6,47.0,90.1,31.0,35.1,6.1,8.6,306.6,100.8,181.3,401.5,9.7,0
16,Female,13.8,42.1,91.0,31.3,34.2,5.4,9.0,183.0,100.3,160.4,401.1,9.9,0
39,Female,15.1,42.9,90.4,31.2,35.2,5.4,7.5,303.1,101.1,160.2,400.8,9.7,0
85,Female,13.4,41.5,89.8,29.2,35.3,4.44,7.9,172.6,99.0,159.7,399.7,8.6,0
59,Female,14.2,42.9,90.3,29.7,34.1,4.9,7.7,195.3,99.0,159.1,400.5,9.4,0
58,Male,16.0,45.0,90.7,30.6,35.1,5.9,5.3,280.5,101.3,181.1,399.8,8.8,1
71,Female,14.2,42.5,91.2,30.4,35.5,5.4,4.6,282.5,100.9,160.5,400.0,8.9,0
0,Male,12.5,46.0,90.4,31.3,33.5,5.81,6.0,280.7,100.7,179.6,401.0,7.9,1
28,Female,14.6,43.0,90.3,30.1,34.4,4.87,6.3,217.4,101.4,159.9,400.6,9.3,0
11,Male,12.2,45.8,90.8,29.6,32.7,6.73,6.5,198.8,100.1,181.2,398.8,9.0,1
31,Female,14.1,42.8,90.9,30.4,35.5,5.4,5.3,180.5,101.1,159.0,400.7,9.0,0
18,Male,16.6,46.3,91.0,30.3,34.9,6.02,5.8,238.8,100.2,181.1,401.4,9.4,0
80,Male,13.5,44.1,88.2,28.5,32.3,4.7,8.8,242.7,98.3,178.0,398.2,6.7,1
78,Male,14.8,47.1,91.4,30.6,34.0,4.17,6.9,202.1,101.2,180.8,400.6,7.8,0
87,Male,16.1,45.1,89.2,30.0,35.0,4.78,7.7,189.2,99.5,179.7,400.3,7.3,0
3,Female,13.5,43.4,91.1,31.1,35.1,5.4,6.9,280.5,100.6,159.7,401.0,9.7,0
88,Male,13.7,44.2,88.1,28.1,32.2,4.7,6.9,150.0,98.0,178.3,398.0,6.8,1
11,Male,12.8,46.9,90.8,31.3,35.0,5.64,7.3,220.0,100.0,180.9,401.4,9.4,0
29,Female,12.6,43.4,90.7,29.5,34.6,4.47,7.9,199.0,99.7,157.8,399.5,8.2,1
41,Male,13.8,44.4,88.4,28.4,32.4,4.7,7.1,274.1,98.1,178.1,398.5,6.7,1
49,Female,12.0,40.5,88.4,28.3,32.4,4.2,6.2,275.4,98.5,157.1,398.1,6.7,1
19,Female,12.0,40.4,88.1,28.1,32.3,4.2,9.0,235.7,98.2,157.4,398.2,6.5,1
5,Female,12.4,41.7,90.5,28.9,35.3,5.97,8.9,252.1,101.3,157.9,399.3,7.6,1
61,Female,12.0,40.4,88.1,28.1,32.1,4.2,5.2,212.7,98.3,157.0,398.3,6.7,1
52,Female,12.0,40.1,88.1,28.5,32.2,4.2,8.7,201.8,98.2,157.4,398.2,7.0,1
52,Female,14.5,43.2,90.9,31.4,34.3,5.4,8.9,293.9,101.5,159.7,400.6,9.8,0
40,Male,17.0,47.0,91.1,31.5,34.0,6.1,7.5,259.7,101.3,181.3,401.4,9.3,0
8,Male,12.9,46.2,91.5,31.3,34.2,6.1,7.1,304.7,100.9,180.6,400.1,9.0,0
0,Male,13.3,46.1,90.6,30.8,34.9,6.1,6.7,352.3,101.2,181.4,400.0,10.0,0
80,Female,14.3,42.0,91.1,30.9,34.4,5.4,5.4,210.1,101.1,160.2,400.9,9.7,0
66,Male,17.0,46.8,88.6,29.1,35.3,6.75,4.5,349.1,100.4,181.2,399.9,8.9,0
18,Male,16.9,47.5,90.0,30.9,34.6,6.1,8.9,274.6,100.1,180.3,401.1,8.5,0
79,Male,15.9,47.0,90.1,30.4,34.3,5.7,8.4,276.4,101.1,181.0,401.4,8.6,0
33,Female,15.2,42.2,90.9,30.1,35.0,5.22,5.4,186.6,100.3,160.4,401.4,9.8,0
35,Female,13.9,43.5,91.3,30.8,34.5,5.4,8.3,290.7,100.1,160.2,401.0,8.6,0
12,Female,14.3,43.4,90.4,31.5,34.1,5.4,4.5,255.3,101.4,159.9,400.3,9.1,0
77,Male,15.6,46.5,90.4,30.2,34.5,5.85,8.3,265.1,100.7,181.1,400.2,9.8,0
63,Female,13.4,41.6,90.6,29.6,34.5,4.94,4.5,280.4,99.1,157.6,399.3,8.7,0
26,Female,12.1,40.4,88.0,28.3,32.4,4.2,7.4,289.5,98.3,157.1,398.4,6.6,1
18,Male,13.5,44.4,88.3,28.4,32.3,4.7,8.2,241.0,98.5,178.2,398.4,6.5,1
5,Male,13.4,47.3,90.3,30.1,34.0,6.1,8.4,360.5,100.3,180.6,400.9,9.2,0
11,Female,11.4,43.1,91.0,30.5,35.0,3.52,5.3,200.2,100.8,159.8,401.2,7.9,0
15,Male,14.0,44.5,88.1,28.4,32.1,4.7,4.6,262.7,98.2,178.2,398.4,6.8,1
28,Male,15.9,47.4,91.0,31.5,34.9,6.1,6.2,302.4,101.4,180.0,401.2,9.9,0
3,Female,12.7,43.2,90.5,31.1,35.2,5.4,6.0,302.7,100.8,160.0,400.3,8.9,0
23,Male,15.9,46.0,89.7,31.0,35.0,6.42,6.8,265.1,100.6,179.5,401.2,8.6,0
87,Female,15.0,42.4,90.2,29.8,33.5,5.98,9.6,163.3,100.0,159.3,399.1,9.9,0
0,Female,13.1,42.7,91.3,30.0,34.2,5.4,6.1,329.0,101.3,159.5,401.0,9.5,0
13,Male,16.0,46.8,90.2,30.7,35.3,6.03,7.5,307.4,100.3,180.9,400.8,9.1,0
63,Male,13.5,44.2,88.0,28.1,32.4,4.7,6.7,210.4,98.3,178.1,398.1,6.9,1
14,Female,14.7,43.2,90.2,30.1,34.0,5.02,6.9,354.6,101.1,159.3,400.6,9.8,0
34,Female,12.1,40.5,88.4,28.1,32.4,4.2,6.7,230.5,98.4,157.5,398.3,7.0,1
14,Male,13.8,44.2,88.1,28.3,32.0,4.7,6.8,242.8,98.3,178.0,398.5,6.5,1
26,Male,13.9,44.2,88.5,28.4,32.3,4.7,9.0,257.5,98.1,178.0,398.3,6.7,1
5,Male,11.0,44.0,88.4,28.2,32.1,4.7,6.1,195.7,98.0,178.1,398.4,6.8,1
15,Male,16.6,47.0,89.1,28.8,32.9,6.59,9.5,244.6,100.0,181.1,399.9,9.6,1
61,Female,12.1,40.1,88.2,28.2,32.5,4.2,9.3,265.2,98.2,157.3,398.1,6.6,1
5,Male,11.0,44.3,88.0,28.5,32.3,4.7,8.2,237.1,98.1,178.3,398.2,6.7,1
24,Male,17.0,46.1,90.1,30.2,34.6,5.6,5.5,221.7,101.4,181.0,401.4,10.0,0
11,Male,11.0,44.1,88.5,28.3,32.0,4.7,9.6,177.5,98.5,178.3,398.4,6.7,1
10,Male,11.0,44.3,88.1,28.3,32.1,4.7,5.6,227.2,98.5,178.1,398.4,6.6,1
37,Male,13.7,44.3,88.3,28.3,32.3,4.7,7.7,238.6,98.4,178.0,398.3,6.6,1
27,Female,12.1,40.3,88.1,28.1,32.4,4.2,4.5,315.5,98.1,157.2,398.0,6.6,1
88,Female,12.1,40.4,88.4,28.1,32.5,4.2,7.7,233.2,98.1,157.1,398.4,7.0,1
18,Female,12.2,40.2,88.4,28.5,32.5,4.2,7.5,268.8,98.3,157.1,398.1,6.8,1
54,Male,15.5,46.5,91.0,30.1,35.3,6.1,6.2,237.8,100.0,180.6,400.9,9.0,0
17,Male,14.5,46.3,89.2,30.8,34.0,4.97,7.2,287.5,100.5,179.8,401.2,8.5,1
62,Female,12.1,40.3,88.4,28.2,32.3,4.2,5.7,281.3,98.5,157.4,398.4,6.8,1
38,Female,14.0,43.4,90.8,30.9,34.1,5.4,8.0,239.8,101.3,160.0,401.2,9.5,0
1,Male,11.0,44.1,88.0,28.3,32.3,4.7,7.9,274.9,98.2,178.3,398.3,6.7,1
19,Male,16.4,47.4,90.6,30.5,35.3,5.47,6.8,305.6,100.0,180.6,400.3,9.4,0
69,Female,12.0,40.5,88.2,28.2,32.4,4.2,6.4,232.0,98.2,157.3,398.4,7.0,1
61,Male,16.4,46.9,90.1,30.9,34.6,6.1,7.3,317.6,100.0,181.0,401.1,8.9,0
25,Female,14.1,42.1,90.8,30.3,34.6,5.08,6.5,288.5,101.2,160.4,401.4,9.3,0
12,Male,13.8,44.3,88.5,28.4,32.3,4.7,7.0,291.7,98.0,178.3,398.2,6.6,1
45,Male,13.9,44.0,88.1,28.3,32.4,4.7,8.3,295.1,98.2,178.3,398.0,7.0,1
16,Female,14.4,43.0,90.6,30.8,34.9,5.03,6.4,246.3,100.2,159.8,400.9,8.7,0
48,Male,15.0,45.8,89.0,31.4,35.1,6.73,5.2,372.5,101.1,179.7,399.3,8.5,0
86,Female,12.0,40.3,88.2,28.0,32.1,4.2,8.4,267.3,98.1,157.1,398.4,7.0,1
12,Male,13.6,44.2,88.2,28.1,32.1,4.7,8.8,265.6,98.0,178.0,398.3,6.9,1
19,Male,13.6,44.3,88.1,28.2,32.0,4.7,8.5,214.9,98.5,178.5,398.3,6.8,1
40,Female,13.8,42.4,90.5,31.2,34.7,5.4,6.5,254.7,101.5,159.3,400.4,9.7,0
69,Male,15.5,46.4,90.2,30.2,35.4,5.96,9.6,260.0,100.1,180.4,401.2,9.8,0
20,Male,13.8,44.4,88.1,28.0,32.2,4.7,6.4,204.0,98.3,178.2,398.4,6.8,1
56,Male,13.6,44.2,88.4,28.1,32.3,4.7,6.7,288.3,98.1,178.1,398.1,6.6,1
1,Female,13.1,43.1,90.0,31.0,33.3,5.01,7.6,266.3,101.2,158.3,399.5,9.4,1
62,Male,16.6,47.0,91.2,31.2,34.2,5.75,8.2,221.3,101.2,180.7,400.9,9.7,0
10,Male,11.0,44.1,88.1,28.4,32.2,4.7,5.1,259.5,98.4,178.2,398.1,7.0,1
78,Female,14.1,42.1,90.1,31.4,35.2,5.4,10.1,247.8,100.2,159.9,401.2,8.6,0
89,Female,14.2,43.5,90.1,30.3,35.3,5.25,6.2,300.7,101.2,160.0,400.7,9.3,0
1,Male,12.6,46.5,90.1,30.5,35.4,6.1,8.2,157.0,101.4,180.0,401.2,9.9,0
61,Female,12.0,40.2,88.2,28.0,32.1,4.2,7.9,263.7,98.2,157.1,398.4,6.8,1
10,Female,12.8,42.3,90.3,30.8,34.9,4.85,8.8,234.4,100.7,159.3,401.4,8.9,0
60,Male,13.6,44.0,88.4,28.2,32.2,4.7,6.5,353.1,98.3,178.4,398.1,6.5,1
1,Female,12.6,43.3,91.3,30.1,35.0,5.26,7.9,262.8,100.7,159.6,401.4,10.0,0
61,Male,13.7,44.3,88.1,28.3,32.4,4.7,6.6,195.3,98.2,178.5,398.1,6.6,1
69,Female,12.1,40.3,88.5,28.5,32.5,4.2,6.8,150.0,98.1,157.4,398.3,6.8,1
11,Female,11.0,40.2,88.5,28.4,32.4,4.2,10.1,339.7,98.5,157.4,398.4,6.9,1
16,Female,12.1,40.3,88.1,28.1,32.2,4.2,6.2,279.5,98.4,157.5,398.2,6.7,1
47,Female,12.0,40.5,88.0,28.4,32.1,4.2,7.2,150.0,98.2,157.1,398.2,6.5,1
84,Male,13.5,44.1,88.2,28.5,32.2,4.7,6.9,196.3,98.0,178.3,398.1,6.8,1
5,Female,11.0,40.3,88.1,28.1,32.2,4.2,6.2,291.4,98.3,157.0,398.5,6.8,1
85,Male,16.7,47.2,90.7,30.3,35.0,5.63,7.7,191.4,101.5,181.3,400.9,9.3,0
35,Male,15.6,45.6,89.8,29.4,35.3,4.89,6.9,285.1,101.0,179.3,401.4,9.7,0
76,Male,15.5,46.4,90.9,31.1,35.2,6.1,9.3,221.9,100.1,180.1,400.2,9.2,0
74,Male,13.5,44.5,88.4,28.2,32.3,4.7,4.5,257.8,98.2,178.1,398.0,6.6,1
19,Female,12.0,40.3,88.0,28.4,32.2,4.2,7.5,270.8,98.3,157.2,398.3,6.8,1
74,Male,13.6,44.4,88.1,28.3,32.4,4.7,5.2,258.5,98.4,178.2,398.3,6.8,1
7,Female,11.0,40.3,88.3,28.4,32.2,4.2,8.9,156.7,98.0,157.4,398.2,6.8,1
56,Female,15.1,43.0,90.9,31.0,34.6,5.4,7.6,219.6,100.6,160.3,401.1,9.3,0
75,Female,15.0,42.1,89.1,28.7,33.8,3.71,5.6,231.8,100.1,157.7,398.7,9.4,0
31,Male,13.6,44.5,88.4,28.4,32.4,4.7,7.3,200.1,98.2,178.1,398.4,6.8,1
18,Male,16.8,46.6,91.1,31.3,35.4,6.33,5.8,251.5,98.7,180.8,399.3,8.2,1
77,Female,14.4,42.3,90.2,30.2,34.5,5.4,7.9,213.6,100.3,159.2,401.5,9.2,0
14,Male,13.9,44.5,88.1,28.2,32.4,4.7,7.3,199.9,98.0,178.3,398.2,6.8,1
71,Male,15.9,46.5,90.3,30.8,34.2,6.1,7.7,180.8,100.2,181.5,400.7,9.7,0
41,Female,12.0,40.3,88.4,28.3,32.3,4.2,6.9,269.9,98.1,157.1,398.3,6.7,1
42,Male,16.9,47.2,91.2,30.1,34.3,6.1,4.5,250.8,101.3,180.1,400.6,9.1,0
8,Male,13.5,47.4,90.1,30.2,34.2,6.1,6.2,279.3,100.8,181.3,401.1,9.3,0
35,Female,15.1,42.3,91.5,31.5,34.6,5.4,7.5,187.5,100.1,159.2,401.4,10.0,0
14,Female,12.0,40.5,88.2,28.0,32.1,4.2,7.8,278.8,98.2,157.4,398.1,6.9,1
57,Male,13.5,44.2,88.1,28.0,32.2,4.7,5.1,238.1,98.0,178.1,398.4,6.5,1
69,Female,14.0,42.4,90.9,30.5,35.2,5.36,7.4,233.1,101.0,159.4,401.5,9.1,0
26,Female,12.8,42.6,89.9,30.5,35.0,4.27,7.9,259.5,99.1,160.1,399.0,8.1,1
50,Female,14.8,42.9,90.0,28.8,35.1,4.43,7.8,281.8,98.8,158.3,401.0,8.7,1
12,Female,12.4,42.0,88.8,31.0,32.6,3.45,6.4,264.6,100.2,159.4,401.5,7.8,0
3,Female,12.9,42.9,91.4,30.5,34.1,4.88,6.5,150.0,98.6,160.4,398.8,7.5,1
8,Male,11.0,44.0,88.3,28.1,32.0,4.7,7.4,268.8,98.5,178.2,398.2,7.0,1
1,Male,12.9,46.2,90.0,30.5,35.2,6.1,8.6,184.4,100.3,180.0,401.1,9.4,0
4,Male,12.7,47.2,90.3,30.5,34.5,6.1,7.7,288.9,101.1,180.8,401.4,9.2,0
70,Female,15.0,43.0,91.2,30.3,34.5,5.4,7.7,353.7,100.8,159.2,400.7,9.7,0
83,Male,16.7,47.3,91.0,30.3,34.0,6.1,4.8,217.3,100.8,180.6,401.0,9.2,0
29,Female,12.0,40.3,88.2,28.3,32.3,4.2,7.2,218.5,98.2,157.0,398.3,6.6,1
34,Female,12.0,40.4,88.1,28.3,32.2,4.2,5.0,273.9,98.1,157.4,398.3,7.0,1
16,Male,14.4,46.4,91.1,31.3,35.0,5.09,7.4,186.0,99.4,180.5,400.6,8.8,1
14,Female,15.1,41.2,89.4,30.5,35.5,5.34,5.8,278.8,101.0,159.7,399.9,8.7,1
60,Male,16.9,46.5,91.1,30.7,35.3,6.1,6.8,259.8,101.0,181.1,401.1,9.3,0
16,Male,16.4,47.2,90.3,30.2,35.1,5.86,7.0,251.9,100.5,180.4,400.8,8.6,0
75,Female,12.0,40.0,88.1,28.5,32.0,4.2,7.0,224.3,98.0,157.3,398.2,6.9,1
1,Male,13.2,46.1,90.4,30.5,34.7,5.47,6.4,215.4,101.5,180.5,400.7,8.8,0
65,Female,14.1,42.7,90.1,31.0,35.2,5.4,10.8,190.9,100.0,160.4,400.8,9.0,0
16,Male,16.1,47.4,91.5,30.2,34.3,6.1,8.8,250.4,100.0,180.9,400.4,9.8,0
16,Male,16.1,47.1,90.6,30.5,34.9,6.1,6.8,224.5,100.2,181.0,400.2,9.5,0
7,Female,13.7,42.6,89.6,30.2,35.1,3.49,7.3,189.6,99.6,159.0,400.0,7.6,1
55,Male,13.6,44.5,88.3,28.5,32.4,4.7,5.0,253.1,98.5,178.2,398.0,6.9,1
11,Female,13.5,42.9,91.3,30.2,34.4,5.28,5.7,223.4,101.3,159.6,401.4,9.4,0
63,Male,13.7,44.4,88.3,28.2,32.5,4.7,8.3,314.0,98.4,178.4,398.5,6.7,1
68,Male,16.0,46.4,91.2,31.5,35.2,6.1,9.4,150.0,100.7,180.8,400.3,9.9,0
40,Male,15.6,46.3,90.6,30.7,35.4,6.1,6.3,292.6,101.4,181.0,400.6,9.6,0
8,Female,13.4,40.6,91.4,30.7,34.3,3.83,6.8,197.0,100.7,159.7,400.1,9.4,0
1,Female,12.3,43.0,90.1,30.3,35.1,5.4,7.3,221.5,101.4,159.1,400.6,9.6,0
12,Male,14.0,44.1,88.4,28.3,32.1,4.7,8.3,230.9,98.1,178.4,398.2,6.6,1
73,Female,12.1,40.4,88.3,28.0,32.2,4.2,5.0,271.3,98.5,157.1,398.4,6.8,1
17,Female,12.0,40.3,88.5,28.2,32.4,4.2,6.9,170.6,98.2,157.1,398.2,6.7,1
14,Male,13.9,44.0,88.1,28.1,32.2,4.7,9.0,168.1,98.4,178.2,398.2,6.5,1
46,Male,14.5,45.9,90.0,30.6,34.3,4.88,6.4,251.2,100.6,179.2,401.0,9.2,0
2,Male,12.4,47.2,90.4,30.2,34.7,6.1,6.2,242.6,100.9,181.4,400.6,8.8,0
89,Male,14.3,47.1,90.5,30.1,34.5,6.25,6.2,218.9,99.2,179.5,400.2,9.7,0
15,Female,14.2,43.2,91.5,31.2,35.3,5.4,8.2,310.7,101.0,160.4,401.0,9.6,0
79,Female,14.1,42.3,90.6,30.0,35.3,5.2,6.8,219.6,101.2,159.6,400.4,9.3,0
61,Male,16.2,47.3,88.7,29.4,35.5,5.41,5.8,181.8,101.3,180.7,398.9,7.8,1
13,Female,13.7,43.5,91.1,30.0,34.3,5.6,7.4,173.4,99.9,158.7,399.9,9.3,0
9,Male,13.5,46.7,90.7,30.5,35.4,6.1,8.0,279.1,100.5,180.7,401.3,9.0,0
75,Female,12.0,40.2,88.0,28.1,32.1,4.2,10.3,273.9,98.0,157.2,398.0,6.9,1
64,Female,12.0,40.0,88.3,28.3,32.0,4.2,7.6,247.9,98.2,157.1,398.5,6.5,1
84,Male,13.8,44.1,88.3,28.4,32.2,4.7,7.6,194.8,98.1,178.3,398.1,6.6,1
17,Male,15.6,46.3,90.7,30.9,35.2,6.1,6.2,243.7,101.2,180.9,400.3,9.2,0
5,Female,13.4,42.4,90.1,31.1,35.1,5.4,6.5,241.0,101.4,159.4,401.1,8.6,0
8,Female,12.8,42.3,90.9,29.0,32.7,6.28,7.8,250.8,100.3,159.6,399.4,9.6,1
21,Male,14.2,46.6,88.5,31.1,35.5,4.59,7.0,187.6,101.4,179.4,399.5,8.9,1
90,Male,15.9,46.7,88.8,29.4,34.2,5.21,4.8,251.9,100.3,179.5,400.9,8.8,1
12,Male,15.7,47.4,90.8,30.1,34.9,5.78,7.8,274.8,101.5,180.8,400.7,9.6,0
89,Male,15.2,46.9,88.6,29.9,33.7,4.69,7.0,277.6,99.8,180.6,400.7,7.8,0
44,Male,16.6,47.2,91.3,31.5,35.1,6.1,5.3,226.3,101.0,181.5,400.7,9.6,0
50,Male,14.0,44.1,88.3,28.4,32.1,4.7,5.6,201.2,98.5,178.2,398.3,6.7,1
14,Male,16.6,47.1,90.1,30.8,34.3,5.67,6.5,263.4,100.7,181.4,400.3,10.0,0
12,Male,15.5,45.7,90.8,29.1,35.3,4.8,7.1,222.5,99.4,179.0,400.8,8.8,1
48,Male,16.7,47.5,91.1,30.0,34.3,6.1,7.4,316.3,100.4,180.0,400.0,9.4,0
61,Female,14.4,43.0,90.7,30.1,34.3,5.06,10.0,256.4,100.5,159.2,401.2,9.8,0
70,Male,13.7,44.3,88.1,28.4,32.1,4.7,9.0,285.2,98.4,178.0,398.4,6.8,1
49,Male,16.9,46.9,90.2,31.0,34.2,6.1,4.5,267.3,100.1,180.6,401.4,8.5,0
38,Female,12.0,40.2,88.3,28.5,32.5,4.2,6.9,227.0,98.1,157.3,398.2,6.9,1
44,Male,16.1,46.5,90.1,30.6,34.5,5.58,8.0,232.9,100.5,181.1,400.9,9.1,0
23,Female,13.9,41.7,89.9,29.1,35.3,4.35,7.3,223.4,100.2,159.2,398.7,9.3,1
26,Male,16.7,47.5,91.3,30.8,34.3,6.1,6.0,227.4,101.1,180.6,400.1,9.8,0
67,Male,16.0,47.0,91.1,30.8,34.1,6.1,6.9,274.2,100.3,180.0,400.4,9.5,0
13,Male,13.8,44.4,88.5,28.1,32.3,4.7,7.3,332.4,98.5,178.1,398.3,6.8,1
16,Female,15.2,42.8,90.7,30.5,34.4,5.4,7.8,213.7,100.5,159.3,400.8,9.6,0
4,Male,11.0,44.1,88.1,28.2,32.1,4.7,7.9,266.7,98.1,178.4,398.1,6.7,1
77,Male,15.9,47.5,91.0,30.6,34.1,5.67,4.8,150.0,101.2,181.1,400.3,9.4,0
18,Female,15.0,41.6,89.1,29.3,34.0,4.73,8.2,205.1,99.9,157.9,400.5,7.0,1
8,Male,13.3,46.3,91.2,30.9,35.4,5.46,8.0,174.8,100.4,181.1,401.1,8.7,0
19,Female,14.5,43.3,90.7,30.8,34.7,5.38,7.8,222.3,100.4,160.4,401.2,9.5,0
17,Female,12.2,40.1,88.2,28.5,32.2,4.2,8.5,270.7,98.1,157.4,398.0,6.7,1
15,Male,15.5,46.7,90.9,31.3,35.4,6.1,6.4,328.4,101.1,180.3,400.6,9.5,0
18,Female,13.9,43.4,90.9,31.1,34.4,5.4,6.6,311.8,100.9,160.5,401.3,9.2,0
1,Male,12.4,46.8,90.1,30.2,34.3,6.1,9.0,234.8,101.1,180.6,400.5,9.0,0
18,Male,16.7,46.9,90.8,31.1,34.6,6.1,8.8,303.1,100.8,181.3,400.4,9.1,0
0,Male,12.7,46.7,91.3,30.5,34.3,5.59,8.5,214.4,100.7,180.3,400.2,9.0,0
17,Female,14.6,42.1,91.2,30.3,34.4,5.06,7.7,322.7,101.1,160.0,400.2,9.0,0
7,Female,11.8,40.8,88.7,29.9,32.6,5.17,7.5,263.3,101.3,157.8,401.1,7.3,0
19,Female,12.0,40.3,88.4,28.1,32.4,4.2,8.2,215.5,98.3,157.5,398.1,7.0,1
0,Male,11.0,44.3,88.2,28.0,32.4,4.7,6.3,204.3,98.2,178.3,398.0,6.9,1
15,Male,16.0,46.9,91.4,30.5,35.2,5.41,8.1,283.5,101.4,180.2,400.3,9.9,0
88,Female,12.0,40.4,88.3,28.4,32.0,4.2,7.7,293.6,98.5,157.3,398.2,6.6,1
18,Male,16.6,46.4,91.1,31.1,34.6,5.72,8.2,252.1,101.0,180.3,401.0,9.1,0
9,Female,11.0,40.2,88.2,28.1,32.4,4.2,7.6,326.7,98.4,157.0,398.3,6.5,1
67,Male,15.8,46.1,90.8,30.8,34.3,5.92,6.9,259.1,100.2,181.5,400.5,9.5,0
65,Male,15.9,47.4,91.1,30.8,34.4,5.57,7.3,238.6,100.7,180.5,401.1,9.4,0
66,Male,14.2,46.4,88.6,30.4,34.9,5.63,7.1,150.0,99.6,178.8,399.5,8.5,0
9,Female,11.0,40.3,88.4,28.0,32.4,4.2,7.7,286.6,98.4,157.1,398.0,6.6,1
7,Female,12.4,42.2,90.1,30.5,34.6,4.94,10.3,315.1,101.1,160.5,400.9,8.7,0
19,Male,16.6,46.1,91.2,31.1,35.1,5.55,8.4,308.3,101.2,180.1,400.0,9.1,0
4,Male,12.6,46.8,89.6,29.5,33.7,3.98,6.4,308.9,99.8,180.9,399.1,7.4,1
61,Female,12.0,40.2,88.4,28.3,32.5,4.2,6.3,150.0,98.3,157.2,398.5,6.5,1
43,Female,12.0,40.1,88.1,28.5,32.3,4.2,7.7,217.0,98.1,157.4,398.5,6.7,1
11,Male,12.8,46.8,90.8,31.1,34.5,6.1,8.9,361.6,101.0,180.4,400.1,8.7,0
69,Male,16.3,46.7,91.2,30.6,35.2,5.55,9.1,297.3,101.3,180.3,400.9,9.1,0
18,Male,16.7,46.6,90.1,30.7,34.1,5.59,7.8,229.8,101.4,181.2,400.5,8.9,0
17,Female,15.2,42.5,91.0,30.1,34.2,5.4,7.1,298.4,100.5,159.7,401.3,8.8,0
14,Male,15.6,46.3,91.1,31.2,34.7,6.1,7.4,167.2,101.1,180.9,400.6,8.7,0
66,Male,13.6,44.4,88.3,28.5,32.1,4.7,5.1,226.5,98.0,178.1,398.4,6.9,1
29,Female,14.8,43.4,89.9,30.3,35.3,5.55,4.5,267.1,100.7,158.5,400.7,7.2,0
16,Female,14.5,40.5,90.4,28.8,34.4,4.16,6.8,201.2,100.4,158.5,400.1,8.1,0
85,Female,12.0,40.1,88.4,28.0,32.3,4.2,11.0,172.7,98.3,157.2,398.1,6.5,1
43,Male,13.7,44.0,88.4,28.1,32.2,4.7,7.3,241.8,98.2,178.5,398.4,6.7,1
30,Male,13.9,44.4,88.3,28.1,32.4,4.7,8.9,292.1,98.3,178.3,398.1,6.9,1
1,Female,12.7,43.4,90.0,30.3,34.6,5.4,9.0,308.7,101.3,159.2,400.8,9.6,0
63,Female,14.9,42.7,91.3,30.6,35.2,5.4,7.6,272.7,100.7,159.6,401.1,9.0,0
28,Female,14.8,42.2,91.0,30.4,35.0,5.4,6.5,226.0,100.3,159.2,400.7,9.9,0
89,Male,16.4,45.3,91.1,29.4,35.4,5.63,5.3,171.7,100.5,180.1,400.5,8.3,1
60,Female,13.8,42.8,91.3,30.3,35.4,5.4,7.8,251.0,100.2,160.1,401.2,9.2,0
43,Male,16.5,44.8,91.0,28.8,33.8,6.49,8.4,255.0,100.6,180.9,399.2,8.1,0
18,Male,16.9,44.6,90.9,30.3,32.7,4.92,6.0,253.6,100.6,181.1,400.1,9.0,0
4,Male,12.6,46.6,90.6,31.2,34.7,5.66,7.1,162.7,100.2,180.9,400.8,9.6,0
72,Male,13.6,44.2,88.1,28.2,32.2,4.7,6.6,201.6,98.3,178.3,398.4,7.0,1
60,Female,14.1,43.0,90.7,30.8,34.5,5.4,5.8,276.9,101.1,159.6,400.9,8.9,0
88,Female,12.8,43.4,89.8,28.8,32.6,5.79,4.9,254.0,99.3,157.8,399.3,7.2,1
21,Male,16.2,46.4,90.2,30.5,35.3,5.97,5.9,277.3,100.6,180.2,400.2,9.4,0
63,Male,16.9,47.2,91.1,31.2,34.9,5.77,7.5,237.0,101.1,180.3,400.9,9.2,0
78,Male,16.9,46.1,91.3,31.2,34.5,5.85,8.4,220.5,101.2,180.5,400.9,8.7,0
65,Male,13.7,44.4,88.5,28.5,32.3,4.7,5.7,217.5,98.3,178.1,398.2,6.7,1
67,Male,13.7,44.0,88.1,28.1,32.2,4.7,7.0,247.8,98.4,178.1,398.3,6.9,1
15,Female,14.1,42.3,91.2,30.1,35.0,5.4,7.9,205.5,101.1,159.5,400.7,9.7,0
16,Female,12.0,40.2,88.2,28.5,32.4,4.2,8.0,334.6,98.2,157.2,398.3,6.7,1
13,Male,13.9,44.3,88.2,28.3,32.0,4.7,4.5,227.6,98.4,178.2,398.5,6.8,1
75,Female,12.1,40.4,88.1,28.2,32.3,4.2,6.5,261.4,98.1,157.2,398.5,7.0,1
35,Female,14.8,41.0,91.4,31.0,33.3,3.4,10.2,227.4,99.4,157.5,401.4,8.0,1
74,Female,14.6,42.8,90.0,31.2,35.4,4.98,7.2,321.5,100.4,160.4,400.0,8.9,0
84,Male,13.7,44.2,88.4,28.1,32.1,4.7,8.0,262.6,98.2,178.1,398.2,6.7,1
37,Female,12.0,40.4,88.3,28.4,32.2,4.2,6.2,311.6,98.4,157.3,398.2,6.6,1
31,Female,12.1,40.5,88.0,28.2,32.4,4.2,7.3,208.5,98.3,157.1,398.0,6.5,1
13,Male,13.7,44.3,88.5,28.0,32.3,4.7,5.9,216.4,98.2,178.0,398.3,6.8,1
45,Female,14.8,42.8,91.1,31.0,35.4,5.01,6.3,199.8,100.7,160.4,401.4,9.8,0
82,Male,15.6,46.6,91.4,31.2,35.1,6.1,6.8,300.2,100.2,181.3,400.4,8.6,0
58,Female,14.6,42.3,90.5,30.2,34.0,4.92,7.3,248.2,101.2,160.1,400.4,9.5,0
70,Male,16.7,46.2,90.3,30.0,35.5,6.1,8.3,315.2,100.2,180.9,400.2,9.1,0
70,Male,13.5,44.1,88.4,28.2,32.2,4.7,6.3,245.5,98.3,178.1,398.5,6.8,1
85,Male,15.8,46.7,91.2,31.2,35.3,6.1,7.0,305.6,100.9,181.1,400.6,8.6,0
80,Male,13.7,44.1,88.4,28.4,32.5,4.7,7.0,150.0,98.1,178.2,398.5,6.8,1
73,Female,12.2,40.1,88.3,28.0,32.2,4.2,5.2,285.6,98.1,157.2,398.3,6.5,1
87,Male,16.3,46.7,91.5,30.1,34.9,5.71,9.3,257.4,100.4,180.6,401.4,9.6,0
11,Female,12.8,42.2,91.5,30.1,34.3,5.4,6.5,295.7,101.2,160.0,401.0,9.8,0
16,Male,15.1,45.1,91.3,29.1,33.0,6.62,7.1,257.3,101.5,178.7,400.7,7.6,0
74,Male,13.8,44.4,88.2,28.5,32.0,4.7,8.3,231.3,98.5,178.4,398.2,6.7,1
5,Male,11.0,44.5,88.2,28.4,32.4,4.7,7.2,233.7,98.3,178.3,398.3,6.9,1
25,Female,14.1,43.4,90.4,31.0,35.2,4.83,6.9,240.6,101.0,159.4,400.0,8.9,0
2,Male,13.4,46.1,90.6,31.3,35.4,6.1,5.3,269.1,101.5,180.3,401.4,9.5,0
19,Female,12.0,40.2,88.3,28.2,32.2,4.2,6.0,217.9,98.1,157.5,398.1,6.7,1
40,Female,12.0,40.1,88.4,28.0,32.3,4.2,6.5,297.2,98.5,157.0,398.3,7.0,1
84,Male,13.5,44.1,88.4,28.4,32.4,4.7,7.2,426.8,98.1,178.2,398.3,6.8,1
31,Male,13.8,44.1,88.2,28.1,32.3,4.7,4.9,153.5,98.2,178.2,398.0,6.8,1
22,Male,13.8,44.0,88.3,28.3,32.3,4.7,7.4,291.5,98.2,178.1,398.1,6.8,1
12,Female,14.9,42.1,91.2,30.0,34.7,5.4,7.1,206.6,100.2,160.3,401.2,9.9,0
67,Female,12.0,40.4,88.4,28.4,32.4,4.2,7.0,295.6,98.1,157.3,398.3,6.9,1
49,Male,15.8,46.2,90.6,30.3,34.4,6.1,4.7,393.7,101.0,181.4,400.2,9.8,0
28,Female,14.8,42.7,91.4,31.4,35.1,5.4,8.2,321.0,100.6,159.4,400.1,9.7,0
19,Female,12.0,40.2,88.1,28.3,32.3,4.2,7.6,241.6,98.3,157.5,398.2,6.5,1
9,Female,13.0,43.4,90.5,30.4,34.9,5.13,5.2,259.6,100.9,159.9,400.6,9.1,0
14,Male,15.7,47.2,90.4,30.6,34.5,6.1,7.3,198.2,100.2,181.1,401.4,9.2,0
46,Female,14.6,42.0,90.5,30.1,35.4,5.4,8.4,271.6,101.1,159.2,400.9,10.0,0
12,Male,15.8,46.3,90.4,30.3,34.6,6.1,5.0,338.4,101.4,180.1,400.3,9.3,0
66,Male,13.8,44.4,88.4,28.2,32.3,4.7,7.4,213.1,98.3,178.1,398.0,6.6,1
51,Male,13.5,44.1,88.4,28.4,32.5,4.7,5.7,249.5,98.3,178.4,398.1,6.6,1
45,Male,16.5,47.2,91.3,30.2,35.2,5.78,8.3,242.0,100.7,180.3,400.2,9.2,0
13,Female,14.9,43.0,89.9,29.2,32.8,3.82,9.6,226.9,99.0,159.5,399.4,8.9,0
30,Male,15.5,46.0,90.8,30.7,34.7,6.0,6.7,283.6,101.3,181.4,400.7,9.2,0
11,Male,11.0,44.2,88.2,28.4,32.0,4.7,4.6,150.0,98.2,178.3,398.3,6.6,1
18,Male,15.8,46.8,91.4,30.9,35.2,6.1,5.8,223.4,100.7,181.1,400.3,8.5,0
18,Female,14.5,42.9,91.1,31.1,34.6,4.9,7.2,347.2,100.5,159.4,400.2,8.9,0
1,Female,11.0,40.2,88.2,28.2,32.1,4.2,7.1,236.9,98.0,157.1,398.3,6.9,1
15,Female,15.1,43.0,91.0,30.2,34.7,5.4,6.3,267.9,100.8,160.4,401.3,9.8,0
69,Female,12.2,40.0,88.0,28.2,32.2,4.2,5.1,220.2,98.1,157.3,398.2,6.7,1
13,Female,14.9,42.9,91.3,30.8,34.3,5.4,7.3,208.3,100.7,160.0,401.5,9.3,0
9,Female,13.1,43.4,90.2,30.1,34.8,4.8,7.0,324.3,100.7,159.5,400.6,9.1,0
60,Female,14.3,42.9,90.3,30.4,34.7,5.27,6.9,195.5,100.8,159.2,400.3,8.5,0
32,Female,12.1,40.2,88.3,28.1,32.4,4.2,5.6,271.1,98.3,157.2,398.2,6.8,1
84,Female,14.8,42.6,90.3,30.3,34.7,5.4,8.7,237.0,101.5,159.5,400.4,9.7,0
74,Female,12.0,40.5,88.1,28.5,32.2,4.2,5.9,177.2,98.3,157.4,398.1,6.6,1
83,Male,16.5,46.7,91.0,31.2,35.0,6.1,5.3,230.4,101.2,180.3,401.4,8.5,0
14,Male,15.9,46.1,91.0,31.0,34.1,5.88,5.7,284.6,100.1,180.4,400.4,8.9,0
15,Male,16.8,46.2,91.3,31.0,34.8,6.1,5.0,232.7,100.4,180.8,400.8,9.7,0
67,Female,14.4,42.6,90.2,30.3,34.3,5.4,8.1,150.0,101.1,159.4,400.2,9.7,0
60,Female,12.0,40.4,88.5,28.4,32.0,4.2,7.0,239.5,98.2,157.1,398.0,6.7,1
4,Female,12.5,42.8,91.5,30.8,34.0,5.4,8.1,196.6,100.8,159.5,400.4,9.9,0
69,Female,14.0,42.8,90.7,30.5,34.9,5.4,6.9,271.5,100.8,159.2,400.8,8.6,0
38,Female,14.8,43.0,90.8,30.9,35.2,5.4,10.0,219.4,100.1,159.2,400.2,9.1,0
0,Male,13.5,47.1,91.1,30.3,34.7,6.1,6.5,261.6,101.4,181.3,400.4,9.7,0
7,Female,13.5,41.4,88.8,30.8,35.4,4.06,5.5,299.4,100.2,158.9,400.7,8.3,0
89,Male,16.7,47.2,90.3,30.3,35.4,5.47,6.3,239.6,100.7,180.4,400.6,9.5,0
19,Female,12.1,40.3,88.2,28.1,32.2,4.2,5.9,176.5,98.4,157.3,398.0,6.8,1
9,Female,11.0,40.3,88.1,28.5,32.4,4.2,5.6,336.4,98.2,157.1,398.3,7.0,1
84,Female,14.8,43.4,90.6,31.2,34.9,5.4,9.2,262.6,100.1,159.1,400.1,8.9,0
10,Female,13.5,42.0,90.0,30.9,35.5,5.4,5.9,218.7,100.9,160.2,400.5,9.1,0
4,Male,13.0,47.3,90.8,30.8,35.3,6.01,8.0,318.4,101.1,180.3,400.2,8.5,0
90,Female,12.0,40.1,88.4,28.1,32.4,4.2,8.7,239.9,98.2,157.1,398.2,6.9,1
62,Male,16.7,47.0,90.5,30.5,34.0,5.5,7.4,367.2,100.7,181.2,400.8,9.1,0
67,Female,12.0,40.2,88.5,28.3,32.3,4.2,6.5,275.2,98.1,157.1,398.2,6.8,1
44,Male,16.7,47.4,91.3,31.3,34.1,6.1,4.6,321.2,100.1,181.0,400.5,9.2,0
1,Male,11.2,46.2,90.9,29.4,34.0,4.43,8.3,195.4,101.4,180.3,400.4,9.6,1
13,Male,16.0,46.1,90.8,30.7,34.2,6.1,8.3,288.5,101.4,180.6,401.4,9.8,0
34,Male,16.3,47.0,91.0,30.0,34.1,6.1,7.7,192.1,100.8,180.9,400.5,9.5,0
69,Female,12.0,40.4,88.5,28.2,32.2,4.2,7.6,296.4,98.3,157.3,398.3,7.0,1
74,Male,13.9,44.1,88.1,28.3,32.3,4.7,7.0,210.4,98.3,178.2,398.1,6.6,1
8,Female,11.0,40.2,88.5,28.0,32.5,4.2,8.6,269.3,98.3,157.0,398.5,6.9,1
88,Male,16.7,47.4,90.0,30.2,34.1,5.79,10.0,208.9,100.8,181.4,401.4,8.7,0
71,Female,13.0,40.9,88.9,30.5,35.3,3.55,9.7,234.3,100.9,158.9,398.5,7.4,1
16,Female,14.8,43.3,90.2,31.1,35.4,5.4,8.5,191.1,100.4,159.6,401.3,9.4,0
82,Female,14.5,42.6,91.5,31.2,35.4,5.4,5.4,291.5,101.3,160.4,400.4,8.7,0
17,Female,14.7,42.7,90.5,31.2,35.0,5.4,8.0,243.9,100.5,159.8,401.4,8.6,0
4,Female,11.0,40.2,88.0,28.3,32.2,4.2,7.4,320.6,98.3,157.2,398.4,6.8,1
44,Male,16.6,46.1,91.0,31.0,35.4,5.96,6.7,251.7,100.5,180.1,400.8,9.7,0
16,Female,12.2,40.2,88.4,28.2,32.2,4.2,9.2,315.4,98.2,157.1,398.4,6.9,1
53,Female,15.1,43.2,91.0,30.4,35.5,5.4,6.9,256.5,101.5,160.2,401.4,8.8,0
15,Male,13.8,44.1,88.2,28.1,32.5,4.7,4.7,235.2,98.0,178.3,398.4,6.7,1
17,Female,14.9,42.7,90.4,30.0,34.8,5.4,8.4,158.2,101.1,160.1,400.4,9.4,0
16,Female,12.0,40.1,88.1,28.3,32.2,4.2,7.0,283.5,98.3,157.2,398.5,6.9,1
7,Female,10.9,40.6,89.2,29.1,35.5,6.16,6.6,295.8,98.6,158.7,400.8,7.3,1
18,Male,13.8,44.0,88.4,28.5,32.5,4.7,6.3,232.4,98.4,178.1,398.5,6.7,1
67,Male,13.7,44.2,88.3,28.2,32.4,4.7,6.7,226.5,98.1,178.3,398.2,6.9,1
9,Female,11.0,40.3,88.1,28.3,32.2,4.2,6.0,259.1,98.3,157.5,398.4,6.7,1
4,Male,13.3,46.0,90.3,30.7,35.3,6.1,7.0,288.8,100.7,180.2,401.2,8.9,0
16,Female,14.8,43.5,88.7,31.1,35.3,6.12,7.1,236.7,101.1,158.1,400.2,8.4,1
19,Female,15.1,42.1,90.1,30.4,35.0,5.07,7.9,286.3,100.8,159.2,401.5,9.2,0
65,Female,14.8,42.5,90.4,31.0,34.7,5.4,8.2,349.3,100.9,160.3,401.3,8.7,0
8,Female,11.0,40.0,88.1,28.4,32.1,4.2,7.3,252.4,98.1,157.4,398.2,6.5,1
20,Male,13.9,44.5,88.3,28.2,32.5,4.7,5.0,317.8,98.2,178.2,398.5,6.9,1
16,Female,12.0,40.3,88.3,28.3,32.5,4.2,6.1,227.5,98.5,157.5,398.3,6.9,1
53,Male,16.7,47.0,91.3,30.9,34.2,5.99,6.9,260.3,101.3,180.1,400.5,9.0,0
16,Female,14.7,43.4,91.2,30.7,34.1,4.87,8.7,233.6,101.1,159.9,401.4,8.8,0
2,Female,11.0,40.1,88.4,28.4,32.3,4.2,7.5,346.2,98.0,157.3,398.2,6.6,1
5,Male,11.0,44.2,88.5,28.0,32.2,4.7,10.5,248.3,98.3,178.2,398.3,6.9,1
85,Female,15.2,42.4,91.5,31.2,34.4,5.4,7.1,218.7,100.5,159.6,400.7,9.3,0
76,Female,12.0,40.1,88.2,28.4,32.1,4.2,6.6,301.2,98.4,157.1,398.1,6.9,1
47,Male,16.0,46.5,90.3,30.3,35.0,6.1,4.5,254.2,100.2,181.2,401.5,9.0,0
2,Female,13.2,43.0,91.1,31.3,34.6,5.4,5.6,303.1,101.5,160.3,400.4,9.5,0
19,Male,13.6,44.3,88.4,28.1,32.2,4.7,5.2,295.9,98.3,178.1,398.4,6.7,1
27,Female,14.6,42.6,91.2,30.7,35.4,5.13,6.6,206.3,100.3,159.6,400.3,9.8,0
32,Female,12.0,40.3,88.3,28.3,32.4,4.2,6.1,206.9,98.2,157.3,398.2,6.6,1
16,Male,16.5,47.3,90.5,30.1,35.5,5.43,6.8,275.3,100.0,181.0,401.5,9.9,0
30,Female,13.8,43.0,90.5,31.4,34.3,5.25,4.5,286.7,100.6,159.5,400.2,9.7,0
9,Female,11.0,40.2,88.0,28.0,32.0,4.2,5.0,296.6,98.3,157.2,398.4,6.8,1
45,Male,14.3,46.7,91.4,31.2,32.9,4.53,5.3,223.0,100.6,180.7,400.8,8.8,0
23,Female,12.1,40.1,88.4,28.1,32.2,4.2,9.1,256.2,98.3,157.2,398.3,6.8,1
75,Male,16.5,47.4,90.2,30.1,34.5,5.6,9.9,383.6,100.9,181.1,401.5,9.8,0
0,Male,11.0,44.1,88.3,28.1,32.4,4.7,8.7,241.5,98.2,178.2,398.2,6.9,1
66,Female,12.3,42.2,89.4,31.1,35.2,4.56,6.0,319.1,100.0,160.4,399.0,8.8,0
64,Male,13.9,44.2,88.3,28.1,32.0,4.7,6.8,207.1,98.0,178.5,398.1,6.9,1
67,Female,15.1,43.0,91.2,30.8,34.7,5.4,6.5,337.7,100.5,159.1,401.2,8.8,0
19,Male,14.6,45.8,90.8,30.1,35.3,6.03,6.6,198.0,101.1,179.7,400.0,9.4,0
20,Female,12.5,41.9,90.8,31.3,34.5,5.82,5.9,278.5,101.5,157.7,399.3,9.3,1
17,Male,16.2,47.0,89.8,31.0,35.2,3.93,7.9,246.1,98.7,179.8,400.9,8.5,1
34,Male,13.9,44.4,88.3,28.1,32.0,4.7,8.5,203.3,98.1,178.2,398.1,6.5,1
25,Female,13.9,43.4,90.3,30.2,34.5,4.94,7.3,239.2,100.3,159.2,401.3,9.2,0
46,Male,14.0,44.2,88.5,28.2,32.3,4.7,6.0,229.7,98.3,178.3,398.4,6.5,1
35,Male,13.7,44.1,88.5,28.1,32.1,4.7,6.5,222.8,98.3,178.3,398.4,6.8,1
13,Female,14.1,43.3,91.4,30.4,35.4,5.16,6.1,180.9,101.4,159.4,400.5,9.6,0
9,Male,11.0,44.2,88.3,28.5,32.3,4.7,5.8,162.0,98.4,178.2,398.3,6.9,1
10,Female,12.4,43.1,91.0,30.5,35.1,5.4,4.5,295.5,100.2,159.3,401.2,8.9,0
6,Male,11.0,44.1,88.3,28.3,32.2,4.7,4.6,239.1,98.0,178.4,398.3,6.7,1
18,Male,13.6,44.0,88.1,28.2,32.2,4.7,7.3,192.5,98.2,178.2,398.4,6.8,1
62,Male,13.9,44.1,88.0,28.2,32.1,4.7,7.2,264.4,98.2,178.2,398.5,6.9,1
26,Female,13.4,42.8,91.0,28.6,32.9,5.95,9.5,243.6,100.3,159.3,398.9,7.1,1
57,Male,13.6,44.3,88.2,28.4,32.3,4.7,7.9,222.3,98.2,178.2,398.2,6.6,1
51,Male,16.2,46.6,91.2,30.5,34.7,6.1,9.1,234.2,101.0,180.6,400.8,10.0,0
14,Male,16.3,46.5,90.1,31.3,35.2,5.61,7.9,314.2,100.6,180.4,401.3,9.6,0
44,Female,14.4,42.8,90.1,30.3,34.8,5.4,6.7,150.0,100.6,160.4,400.8,8.6,0
66,Female,13.8,41.7,90.2,30.3,32.9,4.09,6.9,307.1,99.5,157.7,400.0,8.9,1
29,Female,15.0,42.8,90.9,30.9,34.0,5.4,6.9,306.3,100.7,159.8,400.6,9.3,0
16,Female,12.0,40.4,88.0,28.4,32.4,4.2,5.5,253.2,98.4,157.4,398.2,6.6,1
14,Female,12.2,40.2,88.5,28.1,32.3,4.2,7.5,280.5,98.4,157.3,398.3,6.8,1
17,Male,13.7,44.2,88.1,28.3,32.2,4.7,7.0,282.2,98.4,178.1,398.1,7.0,1
26,Female,12.1,40.2,88.4,28.5,32.4,4.2,4.8,348.3,98.2,157.1,398.2,6.7,1
84,Male,13.8,44.2,88.1,28.2,32.1,4.7,9.1,150.0,98.4,178.1,398.2,6.8,1
24,Female,12.0,40.0,88.2,28.3,32.1,4.2,9.2,269.3,98.2,157.4,398.4,6.8,1
61,Male,15.0,46.0,89.5,29.6,35.5,5.64,4.5,282.1,100.8,180.7,400.4,7.5,0
74,Female,12.0,40.3,88.4,28.2,32.3,4.2,4.5,229.9,98.1,157.2,398.5,6.8,1
80,Female,12.0,40.3,88.2,28.4,32.4,4.2,8.5,274.2,98.5,157.2,398.5,6.9,1
17,Female,12.0,40.5,88.3,28.1,32.4,4.2,7.4,240.4,98.4,157.5,398.4,6.8,1
57,Female,12.5,43.3,90.5,28.9,34.8,4.24,9.0,314.8,101.4,158.6,400.8,8.5,1
14,Female,13.8,42.7,90.9,31.1,34.2,5.05,7.1,249.7,100.5,159.6,400.6,8.6,0
10,Female,12.3,43.5,90.0,30.1,34.5,5.4,6.7,166.0,100.0,159.1,400.9,8.8,0
64,Male,15.5,46.4,90.5,31.3,35.3,5.56,4.9,229.2,101.3,181.1,400.5,9.5,0
11,Male,10.8,46.2,89.8,29.5,33.4,6.39,4.5,254.8,100.5,180.3,399.5,10.0,1
14,Female,13.5,42.6,89.6,30.9,35.3,6.08,8.0,316.5,99.4,160.2,398.6,7.8,1
81,Male,13.6,44.4,88.1,28.0,32.2,4.7,6.0,300.0,98.2,178.3,398.0,6.6,1
14,Male,15.9,44.7,89.5,31.0,34.9,4.93,8.2,251.9,101.4,180.9,399.3,7.3,0
85,Male,16.6,47.2,90.1,30.5,34.1,5.96,6.8,250.8,101.1,180.3,400.2,9.0,0
50,Male,13.7,44.2,88.5,28.5,32.5,4.7,4.8,298.9,98.5,178.4,398.4,6.9,1
12,Female,12.2,40.4,88.2,28.2,32.4,4.2,7.0,309.2,98.1,157.1,398.4,6.6,1
7,Female,12.9,43.4,91.2,31.1,34.7,5.4,4.5,261.9,101.4,160.2,401.2,9.1,0
41,Female,12.0,40.4,88.1,28.2,32.2,4.2,5.0,244.7,98.1,157.5,398.3,6.5,1
42,Female,12.0,40.1,88.5,28.5,32.3,4.2,7.6,304.4,98.3,157.5,398.1,6.7,1
42,Female,12.6,41.3,90.2,31.3,35.4,6.19,10.0,269.2,98.6,157.6,401.1,8.1,0
7,Female,11.0,40.2,88.3,28.3,32.1,4.2,6.5,223.6,98.0,157.2,398.1,6.5,1
75,Female,14.5,43.0,91.1,30.7,34.4,5.4,4.7,240.4,101.3,160.0,400.6,8.7,0
5,Female,12.8,42.6,90.6,31.1,34.4,4.83,4.5,220.6,100.1,159.2,400.8,8.9,0
18,Female,13.9,43.1,90.3,30.1,34.7,4.91,9.2,316.5,100.4,160.4,401.2,8.7,0
82,Female,14.7,42.5,91.1,31.3,34.4,4.84,8.4,190.7,101.4,160.3,400.3,9.8,0
4,Female,12.5,41.2,89.9,30.0,34.5,5.14,7.7,150.0,98.7,159.2,401.4,8.7,1
76,Male,13.9,44.3,88.3,28.1,32.1,4.7,6.3,253.1,98.0,178.3,398.1,6.7,1
62,Female,12.0,40.1,88.3,28.3,32.4,4.2,8.0,237.8,98.3,157.1,398.3,6.7,1
38,Male,16.2,47.4,90.6,30.6,34.9,6.09,8.1,259.4,100.2,180.3,400.6,9.7,0
60,Male,16.9,47.2,90.4,30.5,34.5,6.1,6.6,249.5,101.0,180.6,400.9,9.4,0
4,Male,11.0,44.4,88.0,28.4,32.3,4.7,5.8,294.1,98.4,178.3,398.3,6.8,1
80,Male,14.8,47.1,89.3,29.7,33.1,4.05,8.9,270.0,100.7,181.4,401.2,7.4,1
10,Female,12.3,43.2,91.4,31.1,35.2,5.4,7.0,300.4,101.5,159.2,401.2,9.5,0
87,Female,13.2,41.0,90.0,31.3,32.8,5.81,5.7,309.6,98.9,160.3,399.6,8.3,0
89,Male,14.3,47.3,90.8,30.3,32.6,6.4,6.0,261.1,100.4,180.8,399.9,8.9,0
12,Female,12.8,41.4,90.1,30.4,34.9,4.36,6.4,181.8,99.0,158.3,398.7,7.2,1
22,Male,16.8,46.5,90.8,30.2,34.6,5.94,7.6,200.5,101.3,181.4,401.2,8.8,0
17,Female,14.9,41.1,90.0,29.8,34.4,3.73,9.7,221.5,100.1,157.9,400.1,9.2,1
15,Female,14.8,42.4,90.5,31.3,35.1,5.4,8.3,216.3,100.5,159.6,400.4,8.7,0
6,Male,13.6,44.5,90.6,28.8,34.0,4.26,9.4,351.3,98.7,178.9,400.6,9.0,0
5,Female,11.0,40.0,88.3,28.3,32.4,4.2,5.1,283.0,98.4,157.4,398.2,6.8,1
0,Female,11.0,40.2,88.3,28.4,32.1,4.2,5.6,286.7,98.1,157.1,398.3,6.8,1
17,Female,12.1,40.5,88.3,28.4,32.3,4.2,4.6,317.1,98.2,157.3,398.1,7.0,1
14,Male,15.6,47.3,90.6,30.8,35.4,6.1,5.7,215.4,100.1,180.8,400.0,9.1,0
17,Male,13.8,44.3,88.2,28.2,32.4,4.7,6.8,244.3,98.0,178.3,398.2,6.5,1
49,Female,12.0,40.1,88.3,28.3,32.4,4.2,4.7,211.6,98.4,157.2,398.1,6.8,1
44,Female,13.8,43.3,90.0,30.9,34.2,4.81,7.5,168.4,100.1,159.9,401.0,10.0,0
11,Female,11.0,40.1,88.2,28.2,32.0,4.2,8.0,223.2,98.2,157.3,398.3,7.0,1
79,Female,14.3,42.1,90.1,31.4,35.1,5.4,7.1,201.0,100.5,159.4,400.9,9.7,0
16,Male,15.0,47.0,90.1,28.5,33.5,5.4,8.1,291.7,100.5,181.0,399.1,8.4,0
4,Male,13.5,46.0,90.5,30.6,34.8,6.1,5.1,185.2,101.1,180.7,400.3,9.2,0
1,Male,13.4,46.7,90.1,30.8,34.9,6.1,5.4,240.5,100.4,180.5,401.0,9.4,0
15,Female,14.5,42.2,90.3,31.2,35.1,5.4,6.4,155.7,101.0,160.3,400.8,8.9,0
4,Male,13.5,46.4,89.4,30.5,33.0,5.99,7.7,191.0,101.4,180.4,401.3,8.3,1
16,Male,16.5,46.1,90.6,31.4,34.8,5.83,7.5,216.0,101.0,180.6,401.4,8.5,0
89,Female,15.1,42.7,90.9,31.1,34.2,5.12,4.5,268.0,101.3,160.4,400.2,9.4,0
15,Female,15.0,43.3,89.0,29.8,34.5,5.56,6.0,250.4,100.9,160.1,401.2,9.6,0
4,Female,12.4,42.3,90.9,31.0,34.0,5.4,4.5,206.5,101.4,159.3,400.5,9.8,0
69,Female,14.0,42.6,90.8,30.8,34.9,5.4,6.1,241.6,100.1,160.3,401.0,9.6,0
67,Male,16.5,46.8,89.5,30.6,32.5,5.62,7.5,265.4,100.4,179.6,401.4,10.0,1
11,Male,13.3,46.6,91.1,31.2,34.2,6.1,8.8,257.0,100.6,180.6,401.4,8.9,0
10,Female,11.0,40.1,88.4,28.5,32.0,4.2,6.0,216.7,98.3,157.3,398.5,6.7,1
17,Male,16.9,46.7,91.0,29.3,33.0,5.06,5.8,164.7,98.9,179.8,401.0,7.2,1
16,Female,12.0,40.2,88.3,28.4,32.0,4.2,7.6,298.5,98.0,157.4,398.4,7.0,1
10,Female,12.2,42.6,91.0,30.1,34.9,6.27,7.1,241.1,101.3,159.0,399.6,8.7,0
0,Female,13.5,42.7,91.4,30.7,34.3,5.03,7.9,233.4,100.8,159.9,401.4,9.3,0
77,Female,12.0,40.2,88.5,28.4,32.3,4.2,10.6,183.1,98.2,157.0,398.2,7.0,1
20,Male,13.8,44.4,88.3,28.1,32.0,4.7,9.2,249.8,98.5,178.1,398.1,6.6,1
14,Female,12.2,40.2,88.3,28.2,32.5,4.2,7.8,273.3,98.2,157.1,398.0,7.0,1
1,Male,11.0,44.5,88.2,28.2,32.1,4.7,9.7,253.5,98.3,178.0,398.4,7.0,1
9,Male,13.2,46.4,90.6,30.3,35.4,5.6,6.6,246.5,100.3,181.2,400.3,8.6,0
26,Male,14.0,44.1,88.4,28.5,32.0,4.7,7.6,170.6,98.4,178.1,398.4,6.7,1
17,Female,15.1,43.1,90.4,30.3,35.5,5.4,6.9,248.9,101.0,159.5,400.3,9.6,0
18,Male,13.7,44.4,88.1,28.1,32.4,4.7,7.3,291.1,98.3,178.4,398.0,6.9,1
69,Male,14.3,46.2,91.2,30.0,35.2,5.64,5.2,306.2,99.8,180.3,400.9,9.2,1
17,Female,12.0,40.0,88.5,28.1,32.2,4.2,8.1,220.9,98.3,157.3,398.1,6.9,1
69,Male,13.5,44.5,88.2,28.3,32.2,4.7,7.8,295.8,98.4,178.2,398.4,6.9,1
21,Male,16.2,46.6,91.3,30.6,34.1,5.5,6.8,224.0,101.1,180.3,401.0,9.5,0
46,Male,15.1,47.0,88.8,31.3,33.2,4.05,8.9,262.0,101.4,179.2,401.0,7.4,0
18,Female,14.4,43.4,91.2,30.8,35.0,5.22,6.1,207.9,100.4,160.1,400.2,9.7,0
15,Female,12.2,40.3,88.4,28.4,32.4,4.2,7.0,269.1,98.2,157.4,398.4,6.9,1
13,Female,15.2,43.1,90.7,30.9,35.3,5.4,6.8,150.0,101.0,159.1,401.4,9.1,0
60,Female,12.2,40.3,88.0,28.0,32.0,4.2,8.0,291.8,98.1,157.5,398.4,6.8,1
14,Male,15.5,46.8,90.8,31.2,34.8,6.1,8.6,269.9,100.2,181.3,401.0,8.8,0
90,Female,12.0,40.2,88.1,28.2,32.4,4.2,9.2,265.8,98.4,157.1,398.4,6.9,1
82,Male,14.0,44.0,88.4,28.5,32.2,4.7,7.5,359.0,98.1,178.3,398.1,6.6,1
48,Female,14.2,42.8,91.2,31.1,34.5,5.4,7.3,284.7,101.1,160.3,401.3,9.0,0
3,Male,12.6,46.7,91.1,30.7,34.1,6.1,7.0,261.5,101.4,180.1,400.5,8.8,0
80,Female,13.9,43.4,90.9,30.9,35.3,5.4,5.5,183.4,100.3,159.7,400.2,9.5,0
16,Male,16.6,47.1,90.2,31.3,34.3,6.1,4.5,225.2,100.2,180.3,401.0,9.3,0
62,Female,12.0,40.3,88.2,28.3,32.1,4.2,6.5,206.2,98.3,157.2,398.0,6.9,1
80,Female,12.0,40.1,88.2,28.2,32.2,4.2,6.6,259.6,98.2,157.4,398.1,6.7,1
19,Female,12.0,40.2,88.4,28.2,32.4,4.2,6.8,252.4,98.5,157.4,398.3,6.8,1
17,Male,16.9,46.8,90.9,31.5,35.0,5.45,7.7,263.4,101.2,180.9,401.0,10.0,0
42,Female,14.1,43.5,90.5,31.0,35.3,5.06,4.6,319.1,100.4,159.0,401.3,8.7,0
18,Female,12.0,40.5,88.3,28.4,32.2,4.2,6.7,220.7,98.2,157.2,398.2,7.0,1
15,Male,16.7,46.7,91.3,30.5,34.6,6.1,9.0,150.0,100.5,180.4,401.0,8.7,0
49,Male,16.7,46.3,90.9,30.4,35.5,6.1,9.7,278.3,101.2,181.1,401.0,9.9,0
17,Female,13.6,41.9,88.7,28.6,34.4,3.79,5.6,271.0,100.1,158.3,399.1,7.7,0
74,Male,14.8,45.5,88.6,29.2,34.0,5.8,4.5,214.2,100.2,178.7,399.3,8.2,0
33,Female,12.1,40.4,88.4,28.2,32.1,4.2,7.0,222.2,98.2,157.3,398.5,6.5,1
16,Male,15.9,46.4,90.9,31.1,35.3,6.1,7.1,273.7,101.4,181.2,401.3,8.5,0
17,Male,15.7,46.1,90.6,31.2,34.7,6.1,5.7,284.0,101.4,180.1,401.3,9.0,0
28,Female,14.1,42.7,91.3,30.7,35.5,5.4,4.5,245.3,100.0,159.9,400.9,9.3,0
13,Male,13.8,44.3,88.2,28.3,32.4,4.7,7.9,234.1,98.3,178.2,398.3,6.7,1
17,Male,16.3,46.3,90.8,31.3,34.9,6.1,8.2,253.7,101.4,180.8,400.5,9.2,0
8,Male,12.3,46.9,91.3,31.3,34.7,6.09,7.3,221.9,101.2,180.4,400.6,9.8,0
1,Female,11.7,43.5,88.5,31.0,33.0,5.61,8.8,337.4,99.1,159.6,400.0,9.8,0
48,Female,14.7,43.1,90.6,31.4,34.6,5.16,6.7,235.1,100.9,159.4,401.0,9.1,0
82,Female,12.0,40.5,88.4,28.2,32.4,4.2,10.3,234.5,98.2,157.4,398.2,6.6,1
7,Female,13.0,42.3,90.1,31.4,35.1,5.27,7.9,234.3,100.3,159.8,401.1,9.1,0
38,Female,15.0,43.3,90.1,30.3,34.3,5.4,10.3,328.0,100.8,159.8,400.3,8.9,0
62,Female,14.1,43.1,91.0,30.8,35.5,5.4,9.7,348.0,100.4,160.4,401.3,9.6,0
11,Male,13.3,44.7,89.7,29.1,35.1,5.18,10.1,267.1,99.7,179.6,399.5,9.3,1
40,Female,15.0,42.2,91.0,31.4,34.3,4.93,6.8,160.9,100.3,160.5,400.1,9.2,0
54,Female,14.9,43.2,90.8,31.3,34.2,5.4,7.3,286.8,100.1,159.7,400.3,9.4,0
12,Female,15.2,42.6,90.3,28.7,35.5,4.7,9.2,250.4,99.9,159.0,401.0,7.6,1
5,Male,11.0,44.1,88.5,28.1,32.3,4.7,4.7,265.9,98.1,178.4,398.4,6.9,1
17,Male,16.9,47.1,91.1,30.1,34.3,5.41,5.6,314.4,101.2,180.5,401.2,8.7,0
66,Female,12.0,40.4,88.2,28.2,32.1,4.2,7.5,282.6,98.0,157.5,398.3,6.9,1
86,Female,12.0,40.4,88.1,28.2,32.1,4.2,9.6,246.9,98.1,157.1,398.2,6.5,1
17,Female,13.9,42.9,90.9,30.6,35.2,5.4,4.5,158.2,100.8,160.1,401.0,8.8,0
31,Male,13.5,44.5,88.4,28.1,32.2,4.7,8.2,198.2,98.1,178.2,398.4,6.5,1
4,Female,11.0,40.1,88.4,28.4,32.3,4.2,7.5,320.3,98.2,157.2,398.2,7.0,1
12,Male,14.8,46.7,88.9,29.6,33.6,6.44,7.0,210.3,99.8,180.3,401.1,7.2,1
18,Male,16.4,46.4,90.8,30.8,35.4,6.1,4.5,325.1,101.4,181.2,400.4,9.8,0
69,Female,12.0,40.5,88.3,28.1,32.4,4.2,8.7,168.9,98.5,157.4,398.4,6.5,1
11,Female,13.1,43.4,91.3,31.4,34.3,5.4,9.2,284.4,100.4,160.0,400.6,9.8,0
3,Male,13.5,47.4,91.4,30.6,34.0,6.1,7.7,246.4,101.4,181.3,400.4,9.1,0
87,Male,15.7,46.3,91.1,30.6,34.2,6.1,6.4,256.4,100.4,181.2,400.8,8.6,0
63,Female,12.0,40.4,88.5,28.4,32.3,4.2,6.0,278.8,98.4,157.4,398.0,6.5,1
9,Female,12.4,43.0,91.2,30.4,35.0,5.1,7.4,259.2,100.7,159.4,400.6,8.9,0
1,Female,11.0,40.1,88.2,28.1,32.2,4.2,4.9,280.5,98.5,157.1,398.0,6.6,1
5,Female,13.4,42.6,90.2,30.7,35.4,5.4,6.3,186.0,101.4,159.2,400.4,8.9,0
7,Male,12.5,46.3,89.9,28.8,34.7,6.17,7.2,252.0,100.0,180.6,400.1,7.7,0
14,Female,12.0,40.0,88.3,28.3,32.3,4.2,4.5,228.5,98.0,157.1,398.5,6.9,1
8,Female,13.7,42.4,90.6,30.8,34.0,3.77,5.4,209.3,101.2,159.7,400.2,7.7,0
1,Female,11.0,40.2,88.1,28.4,32.5,4.2,7.2,226.8,98.3,157.2,398.3,6.7,1
79,Female,14.8,42.7,91.3,31.4,34.2,5.4,7.1,265.8,101.2,159.0,401.5,9.2,0
65,Male,14.4,44.6,90.9,29.4,34.0,6.44,8.0,242.5,100.5,178.7,398.9,9.4,1
1,Male,12.4,47.4,90.3,31.0,34.4,6.1,8.0,305.3,100.9,181.3,400.1,9.0,0
36,Male,16.9,45.9,88.5,30.1,34.7,5.52,7.3,359.6,99.2,178.8,398.5,9.1,0
14,Male,15.4,45.5,89.2,30.6,33.8,4.33,7.2,220.9,101.1,179.5,399.1,8.5,0
29,Female,14.1,43.3,90.9,31.1,34.6,5.4,6.8,290.6,100.4,160.0,401.4,9.4,0
60,Female,12.0,40.4,88.3,28.3,32.2,4.2,4.8,253.9,98.2,157.1,398.1,7.0,1
31,Female,15.0,43.0,90.0,31.3,34.0,5.4,8.9,198.0,101.2,159.4,400.5,9.3,0
16,Female,15.2,43.2,91.1,31.0,35.2,5.4,6.0,311.0,100.9,159.5,401.5,9.9,0
77,Male,16.9,47.4,90.0,31.1,34.3,6.1,6.1,297.2,100.7,181.2,400.7,9.1,0
33,Female,14.8,43.4,90.3,30.8,35.0,5.15,7.8,269.1,101.2,159.4,401.2,9.1,0
18,Female,13.4,42.4,91.2,31.4,34.2,3.83,6.9,289.7,99.6,157.9,401.2,9.9,0
45,Female,12.0,40.5,88.0,28.5,32.4,4.2,7.5,269.8,98.5,157.4,398.3,6.5,1
30,Male,15.6,46.9,90.2,31.2,35.0,6.1,6.5,261.6,100.6,181.2,400.6,10.0,0
2,Male,11.0,44.4,88.1,28.4,32.2,4.7,6.9,216.1,98.1,178.4,398.1,6.8,1
0,Female,12.8,42.1,91.2,31.0,34.7,5.17,6.8,190.9,101.3,159.3,400.9,9.9,0
81,Female,12.0,40.5,88.1,28.3,32.5,4.2,6.4,248.9,98.1,157.1,398.4,6.8,1
28,Female,13.9,41.8,88.6,29.9,33.7,3.79,6.8,284.8,98.5,160.4,399.9,8.9,0
73,Male,13.9,44.3,88.5,28.2,32.4,4.7,7.1,226.0,98.1,178.3,398.4,6.8,1
65,Male,17.0,46.0,90.5,30.7,34.0,6.1,5.5,206.3,101.2,180.4,401.0,9.7,0
84,Male,16.8,44.9,90.8,30.9,34.1,4.58,7.7,150.0,100.0,180.6,399.3,7.9,1
13,Female,12.0,40.4,88.3,28.1,32.5,4.2,7.9,283.0,98.1,157.1,398.4,6.8,1
48,Female,14.5,42.2,90.2,30.6,34.6,5.4,7.1,279.3,101.1,160.4,400.4,9.0,0
37,Male,16.8,46.2,91.4,31.3,35.1,6.1,9.9,274.5,100.8,180.5,400.9,8.9,0
10,Male,11.0,44.3,88.1,28.4,32.2,4.7,7.9,347.2,98.1,178.4,398.2,6.6,1
13,Male,17.0,46.8,90.3,30.5,34.6,5.86,7.7,214.9,100.0,180.9,401.4,8.9,0
6,Female,11.0,40.4,88.3,28.4,32.3,4.2,9.4,322.6,98.5,157.1,398.2,6.8,1
8,Female,13.4,42.9,91.3,30.4,35.0,4.98,8.5,185.5,101.2,159.5,401.2,9.5,0
19,Male,13.9,44.2,88.4,28.4,32.0,4.7,7.6,314.1,98.3,178.3,398.3,6.9,1
19,Female,13.9,43.1,90.8,30.6,34.9,5.4,7.0,250.7,101.4,160.4,401.2,9.8,0
18,Male,13.9,44.0,88.1,28.4,32.2,4.7,5.2,235.4,98.1,178.3,398.1,6.7,1
14,Female,14.3,42.8,90.2,31.1,34.8,5.4,7.9,261.4,100.8,160.2,400.6,8.6,0
49,Male,15.7,46.7,90.4,30.3,35.1,6.1,6.0,198.7,101.4,181.3,401.3,9.2,0
62,Male,16.1,46.5,90.7,30.8,34.2,6.1,6.5,280.2,100.3,181.1,400.3,8.6,0
43,Female,12.1,40.1,88.4,28.5,32.2,4.2,7.9,252.3,98.4,157.5,398.4,6.8,1
14,Male,16.0,46.4,90.1,31.3,35.0,5.58,5.8,337.3,101.1,181.1,401.2,9.2,0
2,Female,13.0,42.5,90.8,30.1,35.4,5.24,9.3,222.7,100.4,159.7,401.4,8.9,0
7,Female,13.4,43.3,90.3,31.4,35.4,5.4,6.6,319.6,100.8,159.5,400.2,9.6,0
57,Female,12.0,40.0,88.2,28.3,32.5,4.2,6.6,298.2,98.3,157.2,398.2,6.7,1
16,Female,14.8,42.1,90.5,30.0,34.5,5.3,5.2,275.8,100.0,159.5,401.2,9.1,0
84,Male,13.8,44.3,88.4,28.3,32.4,4.7,7.2,196.4,98.3,178.1,398.2,7.0,1
6,Female,11.0,40.2,88.3,28.1,32.4,4.2,7.0,178.7,98.1,157.3,398.4,6.6,1
61,Male,15.7,46.4,90.3,30.8,34.7,5.9,6.8,254.7,101.5,180.2,401.2,9.1,0
13,Male,13.9,44.2,88.3,28.5,32.1,4.7,6.8,205.3,98.1,178.2,398.4,6.9,1
58,Male,13.9,44.3,88.2,28.4,32.4,4.7,6.2,226.4,98.2,178.4,398.4,6.7,1
1,Female,11.0,40.2,88.5,28.2,32.4,4.2,6.8,313.5,98.3,157.5,398.4,6.7,1
19,Male,13.9,44.1,88.3,28.4,32.4,4.7,5.9,390.8,98.3,178.3,398.4,6.6,1
40,Female,14.6,42.6,90.6,30.0,34.1,5.0,5.0,249.4,100.2,159.4,401.4,9.3,0
75,Female,14.9,43.0,91.1,30.2,35.0,5.4,7.4,220.5,100.3,159.4,400.1,9.2,0
54,Male,13.8,44.1,88.4,28.1,32.3,4.7,7.2,228.2,98.3,178.5,398.4,6.7,1
4,Female,12.6,43.3,90.6,31.3,34.7,5.2,7.7,169.7,100.1,160.4,400.4,9.0,0
71,Female,12.9,42.8,91.1,29.8,33.2,4.36,7.6,307.1,99.5,159.8,399.8,7.4,1
70,Male,13.9,44.3,88.3,28.4,32.1,4.7,7.4,253.5,98.3,178.4,398.3,6.8,1
67,Male,13.7,44.2,88.0,28.0,32.3,4.7,8.6,262.5,98.5,178.1,398.3,6.7,1
12,Female,12.2,40.4,88.5,28.3,32.1,4.2,4.5,193.8,98.2,157.4,398.4,6.8,1
18,Female,14.7,40.5,89.3,31.3,33.8,4.32,8.8,285.0,101.3,160.2,400.6,7.1,0
66,Male,13.9,44.1,88.0,28.2,32.0,4.7,7.0,321.4,98.4,178.4,398.3,6.9,1
74,Female,12.8,43.4,91.0,28.8,33.0,4.36,5.1,245.1,99.8,158.8,399.3,7.4,1
18,Male,13.6,44.0,88.4,28.2,32.3,4.7,10.3,241.3,98.1,178.5,398.4,6.9,1
18,Female,12.0,40.3,88.3,28.3,32.1,4.2,9.3,266.7,98.4,157.5,398.3,6.5,1
8,Male,12.2,45.5,88.8,29.2,34.4,4.15,8.5,199.4,100.0,180.0,399.6,9.4,1
31,Male,13.8,44.4,88.3,28.0,32.5,4.7,5.5,289.3,98.5,178.1,398.1,6.7,1
57,Male,16.2,47.4,91.1,30.1,34.3,6.1,7.4,315.9,100.8,181.4,401.1,9.8,0
11,Male,13.0,47.5,91.0,30.2,35.0,5.89,6.3,260.1,100.3,181.3,400.3,9.8,0
77,Female,12.0,40.4,88.0,28.4,32.5,4.2,6.6,269.7,98.2,157.1,398.3,6.8,1
2,Female,13.5,42.9,90.9,30.1,35.1,5.4,8.3,280.5,100.8,159.4,400.2,8.7,0
38,Male,15.8,45.3,90.4,30.6,34.9,4.17,6.9,257.5,99.4,181.3,400.9,7.7,1
15,Male,13.8,44.1,88.4,28.3,32.5,4.7,8.3,280.1,98.1,178.3,398.2,6.9,1
19,Male,13.8,44.2,88.3,28.1,32.5,4.7,7.9,229.4,98.4,178.2,398.1,6.9,1
3,Male,11.0,44.2,88.0,28.1,32.3,4.7,6.5,206.6,98.0,178.2,398.5,6.5,1
33,Female,15.1,43.1,90.5,30.1,34.8,5.4,7.3,259.1,100.3,159.6,400.9,9.5,0
56,Male,16.3,46.2,90.7,30.3,34.9,6.1,5.6,246.4,100.7,180.1,401.0,9.7,0
56,Male,13.9,44.2,88.2,28.2,32.1,4.7,7.9,216.7,98.2,178.4,398.5,6.7,1
13,Female,14.8,43.4,90.2,28.6,33.5,5.88,10.4,284.8,100.4,160.4,400.1,9.1,0
81,Male,16.1,46.4,91.1,30.5,34.3,5.95,7.7,283.1,100.5,181.4,400.1,8.6,0
16,Female,13.9,42.8,90.8,30.5,35.5,5.4,7.3,297.7,100.3,160.5,401.3,9.2,0
84,Female,12.1,40.4,88.5,28.2,32.3,4.2,4.6,241.2,98.4,157.5,398.4,6.7,1
0,Male,11.0,44.4,88.2,28.2,32.4,4.7,5.8,345.4,98.3,178.4,398.5,6.9,1
4,Male,11.0,44.4,88.4,28.2,32.2,4.7,5.0,164.3,98.1,178.3,398.2,6.8,1
51,Female,12.1,40.4,88.3,28.4,32.1,4.2,7.2,246.5,98.0,157.2,398.4,6.8,1
13,Male,13.5,44.1,88.1,28.0,32.4,4.7,5.7,279.9,98.3,178.3,398.4,7.0,1
64,Female,12.2,40.2,88.3,28.1,32.2,4.2,7.7,273.5,98.1,157.5,398.5,6.6,1
73,Male,15.7,46.8,90.4,31.0,34.0,5.49,7.8,246.0,101.3,181.5,400.6,8.6,0
12,Female,14.6,43.0,90.2,30.5,34.5,5.4,7.3,181.5,101.2,160.2,401.0,8.9,0
7,Female,13.1,42.9,91.1,31.3,34.7,5.31,6.6,214.0,100.1,160.2,401.2,9.1,0
53,Male,13.8,44.4,88.0,28.3,32.3,4.7,5.5,306.2,98.1,178.1,398.3,6.8,1
51,Male,13.7,44.4,88.0,28.1,32.4,4.7,8.8,290.2,98.2,178.1,398.1,6.6,1
52,Male,13.9,44.2,88.1,28.4,32.3,4.7,4.5,195.9,98.4,178.2,398.0,6.7,1
87,Male,15.0,47.1,89.2,30.1,35.1,4.09,6.2,269.1,99.2,179.6,399.4,8.1,0
5,Female,11.1,42.7,90.8,29.0,33.7,5.0,7.0,186.7,101.5,158.1,400.7,8.5,0
57,Male,16.1,45.8,89.9,29.8,33.4,5.75,6.1,246.0,100.6,180.0,399.1,7.2,1
6,Male,13.5,46.7,90.5,30.6,34.2,6.1,4.5,182.2,101.0,180.7,401.0,8.6,0
28,Male,16.3,47.3,91.5,30.2,34.2,5.6,5.4,323.8,101.1,180.6,400.9,9.7,0
28,Male,13.9,44.1,88.4,28.0,32.2,4.7,7.7,217.0,98.5,178.2,398.0,6.7,1
16,Male,13.7,44.1,88.3,28.0,32.2,4.7,7.6,150.0,98.4,178.3,398.1,6.8,1
17,Male,13.5,44.3,88.3,28.3,32.4,4.7,5.4,303.3,98.0,178.4,398.1,6.7,1
14,Male,13.8,44.1,88.0,28.2,32.1,4.7,5.7,215.0,98.3,178.4,398.1,6.6,1
18,Male,16.9,45.4,90.4,31.4,34.2,6.31,4.8,348.6,100.5,181.1,400.8,9.6,1
2,Male,13.0,46.8,90.6,31.4,35.2,6.1,6.5,339.8,101.4,181.0,401.1,9.8,0
49,Female,14.4,42.7,90.8,30.7,35.2,5.4,6.7,242.8,101.4,159.1,401.3,9.5,0
88,Female,12.1,40.2,88.4,28.3,32.5,4.2,4.5,221.4,98.5,157.4,398.2,6.5,1
23,Male,15.9,46.9,91.0,30.7,34.5,6.1,6.9,268.2,100.6,180.7,400.1,9.3,0
9,Male,13.5,46.8,91.0,30.5,34.1,6.1,6.1,166.3,101.0,180.0,401.2,9.3,0
5,Female,12.7,42.8,90.0,31.5,35.2,5.4,4.5,268.6,100.9,159.9,401.3,8.9,0
61,Female,15.0,42.3,91.4,30.1,34.4,5.4,7.4,304.5,100.3,160.3,400.9,8.8,0
82,Female,14.9,42.2,90.9,30.0,34.4,5.04,7.7,232.5,101.4,160.1,400.9,8.8,0
18,Male,14.2,45.3,91.3,30.1,33.4,4.46,8.1,242.3,101.3,180.4,398.8,8.3,1
10,Female,12.3,43.3,91.1,30.3,34.7,5.4,5.7,267.1,100.7,159.7,401.2,9.9,0
90,Female,14.7,42.3,91.4,30.5,34.3,5.28,6.6,275.0,100.1,159.8,400.7,9.6,0
17,Male,16.4,45.7,88.8,31.2,34.0,6.53,4.5,297.0,100.2,181.4,400.4,9.4,0
81,Male,13.8,44.5,88.4,28.3,32.3,4.7,7.6,264.3,98.1,178.3,398.1,6.8,1
40,Male,13.6,44.4,88.4,28.4,32.2,4.7,8.9,364.3,98.3,178.3,398.4,7.0,1
18,Female,12.0,40.3,88.1,28.4,32.3,4.2,6.6,226.8,98.3,157.5,398.1,6.9,1
5,Male,11.0,44.1,88.4,28.3,32.2,4.7,7.1,258.1,98.0,178.3,398.1,6.9,1
3,Male,11.0,44.2,88.1,28.2,32.4,4.7,5.9,309.3,98.3,178.3,398.3,6.5,1
3,Female,11.0,40.0,88.4,28.3,32.1,4.2,4.7,286.5,98.4,157.3,398.1,6.8,1
82,Male,13.7,44.5,88.1,28.3,32.2,4.7,7.0,254.9,98.5,178.2,398.3,6.8,1
89,Male,13.6,44.5,88.1,28.4,32.5,4.7,6.1,272.6,98.4,178.4,398.2,7.0,1
84,Female,12.9,43.3,90.4,30.1,33.3,4.4,7.6,243.4,98.9,158.8,398.6,8.6,0
10,Female,11.0,40.1,88.3,28.1,32.4,4.2,10.9,156.7,98.5,157.4,398.0,6.6,1
82,Female,12.2,40.4,88.2,28.2,32.5,4.2,6.5,233.1,98.0,157.3,398.0,6.9,1
17,Male,13.6,44.2,88.4,28.5,32.4,4.7,7.0,194.4,98.1,178.1,398.3,6.8,1
68,Male,15.5,46.6,90.6,28.9,34.9,5.19,7.2,217.4,101.2,180.8,398.9,9.4,0
11,Male,12.8,47.2,90.7,30.6,34.7,5.85,7.0,333.8,100.3,181.3,400.6,9.3,0
15,Female,12.1,40.3,88.5,28.0,32.4,4.2,6.4,224.3,98.0,157.1,398.3,6.6,1
13,Female,12.1,40.4,88.3,28.1,32.2,4.2,7.1,314.1,98.5,157.4,398.4,6.7,1
70,Female,14.2,42.4,90.1,30.2,34.3,4.81,7.1,240.3,100.9,160.4,400.6,9.2,0
16,Male,16.6,46.9,90.2,30.7,34.5,6.1,7.5,272.6,100.1,181.3,400.7,9.6,0
19,Female,14.4,41.7,91.1,29.2,34.9,5.11,4.6,182.2,98.6,160.2,398.9,8.6,1
8,Male,12.0,46.9,91.1,29.1,34.3,5.47,8.7,262.1,99.4,179.4,400.7,8.5,1
89,Female,15.1,40.9,90.7,29.7,34.4,4.24,4.5,254.8,100.4,158.3,398.6,9.4,1
15,Female,12.0,40.4,88.0,28.2,32.0,4.2,8.3,197.3,98.3,157.3,398.1,6.5,1
86,Female,14.5,43.0,90.4,30.4,34.0,4.92,7.7,195.5,100.3,159.2,400.9,9.5,0
69,Female,12.0,40.0,88.0,28.4,32.2,4.2,4.9,254.1,98.1,157.5,398.3,6.8,1
13,Female,14.9,42.5,91.0,30.1,34.4,5.4,7.3,305.8,100.1,160.2,400.1,9.9,0
14,Female,12.1,40.2,88.5,28.1,32.1,4.2,6.2,250.5,98.1,157.3,398.2,6.7,1
75,Male,13.9,44.1,88.1,28.0,32.5,4.7,7.7,150.0,98.5,178.4,398.1,6.5,1
49,Female,12.6,40.9,89.2,30.8,35.3,5.62,10.7,299.3,101.0,158.6,401.1,7.5,0
32,Male,15.5,46.6,91.1,30.3,34.9,5.83,7.9,279.3,101.2,180.8,400.4,9.7,0
72,Male,13.7,44.4,88.2,28.0,32.2,4.7,5.5,197.6,98.1,178.5,398.3,6.8,1
19,Female,12.0,40.3,88.3,28.3,32.1,4.2,7.1,303.3,98.3,157.4,398.3,6.7,1
20,Female,14.1,42.3,90.2,30.7,34.4,5.4,8.7,201.9,100.3,159.3,401.2,9.1,0
53,Male,14.0,44.3,88.4,28.4,32.5,4.7,8.4,260.7,98.4,178.1,398.4,6.6,1
3,Male,11.0,44.5,88.1,28.0,32.0,4.7,5.7,201.3,98.1,178.4,398.5,6.9,1
56,Female,15.2,43.2,90.5,31.5,34.1,5.4,6.7,227.1,100.3,159.5,401.4,9.1,0
16,Male,13.8,44.3,88.1,28.4,32.1,4.7,7.8,222.5,98.1,178.1,398.2,6.9,1
32,Female,14.1,42.4,91.2,31.0,34.3,5.4,6.0,229.7,100.2,159.6,400.6,9.8,0
7,Female,11.0,40.1,88.3,28.3,32.2,4.2,6.3,352.1,98.3,157.4,398.3,6.8,1
28,Female,12.2,40.3,88.1,28.1,32.0,4.2,4.5,203.6,98.1,157.2,398.2,6.9,1
5,Male,12.3,47.3,90.7,30.3,34.2,6.1,8.8,173.6,100.8,180.2,400.4,8.9,0
6,Female,11.0,40.1,88.3,28.4,32.0,4.2,5.6,262.4,98.5,157.3,398.3,6.5,1
1,Female,12.8,42.5,90.2,31.3,34.6,5.4,10.8,256.3,101.2,160.3,400.9,8.6,0
12,Male,16.2,47.3,90.4,30.7,34.8,6.1,6.3,316.4,101.0,180.2,401.4,9.1,0
2,Male,12.8,47.4,90.1,30.8,34.9,6.1,5.9,183.3,101.3,180.3,401.2,9.3,0
18,Female,12.5,41.8,88.7,31.4,32.6,6.13,8.0,353.6,100.5,157.9,400.7,7.8,1
78,Female,15.2,42.6,90.5,30.3,34.6,5.4,9.1,176.8,101.0,159.1,401.0,9.9,0
15,Male,16.7,46.7,91.1,31.1,34.2,6.1,6.3,277.2,100.3,180.2,400.2,9.6,0
66,Male,13.9,44.2,88.1,28.3,32.3,4.7,7.3,325.9,98.4,178.2,398.2,6.7,1
74,Male,15.1,44.7,91.1,29.6,34.3,3.95,8.7,276.7,98.8,180.2,401.4,9.7,1
9,Female,11.0,40.2,88.4,28.5,32.3,4.2,7.2,294.3,98.1,157.1,398.3,7.0,1
10,Female,11.0,40.4,88.3,28.4,32.2,4.2,8.0,280.0,98.0,157.0,398.3,6.5,1
16,Male,13.9,44.4,88.4,28.2,32.4,4.7,7.0,294.8,98.2,178.5,398.1,6.9,1
12,Male,16.6,46.5,91.2,30.4,35.3,5.57,7.6,341.9,100.1,180.4,400.0,9.2,0
8,Female,11.0,40.4,88.1,28.3,32.4,4.2,8.8,325.0,98.0,157.0,398.2,6.9,1
63,Male,13.6,44.4,88.2,28.2,32.3,4.7,7.2,222.0,98.3,178.2,398.4,6.5,1
23,Male,15.6,46.6,90.4,30.9,35.2,6.1,9.2,238.4,101.4,181.0,400.4,9.4,0
16,Female,14.5,42.8,91.3,31.3,34.5,5.04,4.8,207.9,101.4,159.4,400.3,9.8,0
31,Male,16.6,47.2,91.2,30.5,35.0,5.86,6.6,334.2,100.9,180.6,400.2,8.8,0
6,Female,11.0,40.5,88.0,28.3,32.0,4.2,7.2,240.1,98.1,157.2,398.1,6.6,1
19,Male,15.3,44.6,89.7,28.7,34.5,5.92,7.3,237.2,99.2,179.4,398.8,9.5,1
61,Male,15.9,46.2,90.4,30.9,34.3,6.1,8.7,235.9,100.4,180.5,400.1,8.9,0
88,Female,12.1,40.0,88.1,28.0,32.2,4.2,6.3,270.1,98.3,157.4,398.4,6.9,1
12,Female,12.2,40.3,88.1,28.5,32.2,4.2,5.2,168.0,98.4,157.2,398.2,6.6,1
15,Female,13.5,42.4,89.5,31.1,34.9,3.73,6.5,267.5,98.8,160.4,400.2,9.6,1
49,Male,14.0,44.2,88.1,28.2,32.1,4.7,6.1,202.8,98.5,178.1,398.2,6.8,1
16,Female,12.2,40.1,88.4,28.2,32.2,4.2,10.2,219.0,98.2,157.1,398.2,6.9,1
73,Female,12.2,40.0,88.1,28.2,32.0,4.2,6.8,233.2,98.0,157.0,398.1,6.7,1
88,Male,16.1,47.1,90.6,30.8,35.3,5.53,4.8,257.9,100.5,181.0,400.0,9.4,0
80,Female,14.4,42.2,90.2,31.3,35.0,5.4,4.7,163.8,100.5,159.7,400.9,8.8,0
9,Female,12.6,42.5,90.8,31.3,34.6,5.4,7.4,224.4,100.7,159.3,400.9,9.3,0
1,Male,12.7,47.4,90.2,30.9,34.4,5.82,7.2,218.7,100.1,180.2,400.7,9.3,0
70,Male,16.9,46.2,90.3,31.4,35.4,5.67,6.6,194.9,100.1,181.0,400.1,8.6,0
0,Male,11.6,45.5,91.0,30.9,33.0,4.38,7.4,188.6,101.0,180.7,399.7,8.7,1
83,Male,16.2,46.5,90.7,31.3,35.5,6.1,9.3,272.6,100.8,180.4,401.3,9.4,0
60,Male,17.0,47.0,91.4,30.6,35.3,6.1,5.3,234.5,100.5,181.2,400.3,9.2,0
69,Female,12.1,40.0,88.1,28.3,32.4,4.2,8.1,296.9,98.1,157.4,398.4,6.7,1
4,Female,11.0,40.1,88.1,28.4,32.3,4.2,9.7,271.9,98.0,157.5,398.4,6.7,1
29,Female,14.1,42.2,91.4,31.1,34.3,5.4,7.8,272.5,100.4,159.7,401.0,9.1,0
8,Female,11.0,40.4,88.5,28.1,32.4,4.2,7.7,291.3,98.3,157.2,398.2,6.7,1
54,Male,15.9,47.3,90.1,31.4,34.8,6.1,8.9,220.8,100.2,180.1,400.6,9.8,0
43,Male,14.5,46.1,89.0,31.1,33.5,5.21,6.4,280.3,99.9,180.9,398.7,7.8,0
52,Female,12.2,40.1,88.0,28.2,32.3,4.2,7.4,279.6,98.3,157.0,398.3,6.8,1
46,Female,12.1,40.2,88.0,28.0,32.0,4.2,7.9,217.0,98.3,157.3,398.1,6.9,1
18,Female,14.2,42.1,90.2,30.4,34.3,5.12,5.9,199.1,100.2,159.4,401.0,8.9,0
10,Female,11.4,40.9,88.7,30.9,35.3,5.83,7.9,282.6,99.1,159.8,399.4,10.0,1
20,Male,16.1,46.0,90.6,30.3,34.4,6.1,4.5,226.4,100.9,180.2,400.4,9.3,0
7,Female,11.0,40.3,88.3,28.3,32.4,4.2,5.0,323.5,98.1,157.5,398.2,6.7,1
54,Female,12.0,40.3,88.2,28.2,32.2,4.2,8.7,161.7,98.3,157.2,398.4,6.5,1
6,Male,11.0,44.3,88.0,28.2,32.3,4.7,8.3,264.6,98.5,178.5,398.4,6.8,1
18,Male,13.8,44.2,88.4,28.2,32.1,4.7,9.2,251.1,98.5,178.3,398.1,7.0,1
2,Female,12.5,42.5,90.5,30.3,34.2,5.4,7.3,240.3,101.2,159.6,400.2,10.0,0
14,Female,14.7,43.5,90.5,30.6,34.7,5.18,7.5,342.5,100.4,159.7,401.2,9.2,0
17,Female,12.2,40.4,88.4,28.1,32.3,4.2,6.6,309.7,98.3,157.3,398.2,6.5,1
90,Male,13.9,44.0,88.5,28.1,32.0,4.7,6.6,232.5,98.3,178.2,398.2,6.9,1
71,Male,16.8,46.0,91.0,30.9,33.2,5.61,7.0,274.0,100.1,180.4,401.3,8.2,0
67,Female,12.5,42.3,90.9,30.8,35.0,6.24,4.5,422.2,100.4,158.2,400.8,7.4,1
19,Male,13.5,44.1,88.4,28.1,32.1,4.7,6.0,241.9,98.2,178.5,398.4,6.5,1
82,Female,15.1,42.8,89.2,31.3,33.2,4.93,4.5,321.9,99.3,157.7,401.1,7.5,0
53,Male,13.9,44.1,88.3,28.0,32.4,4.7,6.7,259.5,98.4,178.2,398.5,6.6,1
81,Male,13.6,44.2,88.5,28.1,32.4,4.7,9.3,320.4,98.2,178.2,398.4,6.9,1
4,Male,11.0,44.2,88.4,28.2,32.5,4.7,5.1,235.0,98.0,178.4,398.1,6.6,1
4,Male,11.0,44.3,88.4,28.0,32.5,4.7,6.6,219.1,98.4,178.1,398.0,6.5,1
53,Female,12.0,40.2,88.2,28.1,32.1,4.2,6.9,271.3,98.5,157.2,398.4,6.8,1
83,Female,14.5,42.4,90.2,31.4,34.1,5.4,5.6,305.1,100.7,159.8,401.5,9.6,0
48,Female,14.9,43.0,90.3,30.4,34.2,5.4,7.7,251.0,100.7,159.8,401.2,9.7,0
89,Female,14.8,42.4,90.6,30.6,34.2,5.04,7.1,190.9,101.0,159.9,401.5,8.7,0
33,Male,17.0,46.1,90.0,30.6,34.9,6.1,5.4,246.7,100.3,181.3,401.3,9.5,0
2,Male,13.5,47.3,90.0,31.2,34.7,6.1,7.5,249.4,101.1,180.4,400.8,10.0,0
72,Female,14.0,42.9,91.3,30.8,34.7,5.4,7.3,283.2,100.8,160.0,400.5,8.6,0
51,Female,12.1,40.0,88.4,28.4,32.1,4.2,8.2,228.9,98.2,157.1,398.4,6.8,1
75,Female,15.2,42.4,90.9,30.7,34.8,5.4,6.5,208.2,101.1,160.0,400.9,10.0,0
21,Female,13.7,43.2,89.2,30.8,33.2,4.71,7.0,206.7,100.1,158.0,399.5,7.6,0
25,Male,17.0,47.5,91.0,31.3,34.3,5.77,6.5,185.1,100.9,180.9,400.4,9.9,0
64,Male,14.0,44.4,88.2,28.1,32.2,4.7,6.9,308.4,98.3,178.2,398.5,7.0,1
88,Female,14.6,42.1,89.1,30.9,34.7,5.48,7.3,235.9,99.7,158.1,399.9,7.9,1
3,Male,12.8,46.1,91.4,30.2,35.4,6.07,7.3,183.2,101.3,181.1,401.2,9.5,0
0,Male,13.5,46.0,91.1,30.7,34.7,5.41,6.3,304.9,100.8,181.0,401.1,9.9,0
4,Male,11.0,44.4,88.1,28.2,32.3,4.7,9.7,270.4,98.5,178.3,398.4,6.9,1
0,Male,11.0,44.2,88.3,28.4,32.3,4.7,8.8,237.7,98.3,178.0,398.1,6.6,1
31,Female,14.3,43.1,90.3,30.6,34.7,5.05,6.7,226.2,100.8,160.0,400.6,9.3,0
6,Female,11.0,41.6,91.3,30.1,34.9,3.99,7.9,234.3,100.5,160.0,399.1,7.7,0
71,Female,14.7,42.7,90.1,31.0,35.5,5.4,6.2,360.6,100.3,160.0,400.3,9.8,0
2,Female,11.0,40.1,88.4,28.4,32.3,4.2,4.8,257.3,98.1,157.2,398.2,6.9,1
59,Female,14.9,42.9,90.3,31.3,35.3,5.4,9.8,286.1,101.3,159.1,401.4,8.9,0
15,Female,12.0,40.1,88.3,28.2,32.1,4.2,6.6,305.6,98.3,157.4,398.4,6.7,1
12,Male,15.1,47.3,91.2,30.8,32.6,6.44,7.5,356.2,99.7,180.3,399.3,8.7,0
82,Male,14.0,44.3,88.2,28.2,32.2,4.7,6.4,281.5,98.1,178.4,398.5,6.8,1
60,Female,12.0,40.3,88.3,28.1,32.3,4.2,7.6,316.9,98.3,157.0,398.0,6.7,1
9,Female,11.0,40.5,88.4,28.4,32.3,4.2,5.2,279.8,98.4,157.2,398.4,6.9,1
47,Female,13.8,42.4,90.7,30.5,34.8,5.4,6.5,239.4,100.2,159.7,401.3,8.7,0
14,Female,14.9,42.1,90.2,30.4,35.2,5.4,6.7,242.6,101.3,160.0,400.2,9.3,0
11,Female,13.7,43.2,89.6,31.1,35.5,6.29,7.3,150.8,100.0,159.6,398.7,9.5,1
17,Male,13.7,44.4,88.2,28.1,32.3,4.7,5.1,304.2,98.2,178.1,398.4,6.8,1
39,Male,16.2,46.5,90.2,31.1,35.3,6.1,8.3,206.7,100.1,180.9,400.5,9.7,0
49,Female,12.1,40.1,88.3,28.4,32.1,4.2,8.2,232.9,98.2,157.3,398.0,6.6,1
69,Male,13.6,44.0,88.5,28.4,32.2,4.7,8.0,260.9,98.4,178.1,398.5,6.6,1
13,Male,13.7,44.2,88.4,28.0,32.1,4.7,7.2,278.0,98.4,178.5,398.4,7.0,1
2,Female,11.0,40.1,88.3,28.1,32.1,4.2,6.2,268.9,98.3,157.1,398.1,6.7,1
15,Male,13.8,44.2,88.2,28.4,32.3,4.7,8.0,229.5,98.1,178.1,398.0,6.5,1
31,Female,12.2,40.5,88.2,28.4,32.4,4.2,7.1,309.2,98.3,157.1,398.2,6.5,1
63,Female,15.1,42.9,90.0,30.5,34.0,4.93,6.9,183.6,100.6,159.2,400.6,9.0,0
23,Female,12.1,40.1,88.2,28.3,32.4,4.2,9.7,240.0,98.3,157.4,398.2,6.9,1
81,Female,12.0,40.4,88.1,28.4,32.0,4.2,6.3,230.1,98.3,157.4,398.4,6.6,1
16,Female,15.2,42.2,90.6,30.5,34.8,5.4,6.4,289.7,100.6,159.7,401.3,8.5,0
59,Male,13.9,44.2,88.2,28.2,32.1,4.7,6.5,264.6,98.5,178.4,398.5,6.6,1
4,Male,11.0,44.1,88.4,28.3,32.3,4.7,7.4,286.0,98.1,178.0,398.2,6.9,1
14,Female,14.5,42.9,91.4,30.6,34.8,5.37,5.8,254.5,101.2,160.5,400.1,9.7,0
4,Male,11.1,46.9,88.9,29.2,35.4,4.54,8.3,257.5,100.6,180.8,399.2,9.5,1
61,Male,13.7,44.2,88.3,28.2,32.0,4.7,9.7,262.5,98.3,178.2,398.4,6.8,1
88,Male,16.9,46.1,90.2,30.6,34.9,5.41,7.7,335.8,100.7,180.6,400.8,8.7,0
8,Male,12.9,46.8,90.9,31.0,35.3,5.72,7.0,311.5,101.5,180.1,400.5,9.5,0
18,Male,14.0,44.1,88.1,28.1,32.1,4.7,7.0,253.9,98.1,178.4,398.1,6.5,1
17,Female,12.1,40.1,88.3,28.2,32.0,4.2,7.9,229.1,98.1,157.3,398.3,6.6,1
29,Male,15.0,44.7,91.4,29.2,35.1,5.71,9.8,168.7,100.2,180.3,399.5,9.7,0
16,Male,13.7,44.2,88.3,28.4,32.1,4.7,7.2,302.1,98.2,178.1,398.3,6.8,1
17,Male,16.8,47.3,90.2,30.0,34.1,5.83,7.1,272.1,100.6,181.3,400.7,9.0,0
17,Female,12.0,40.3,88.1,28.2,32.2,4.2,7.7,241.8,98.3,157.4,398.2,6.5,1
0,Male,11.0,44.4,88.4,28.4,32.0,4.7,7.6,208.2,98.2,178.4,398.0,6.8,1
8,Male,11.0,44.2,88.1,28.3,32.4,4.7,7.7,266.4,98.1,178.2,398.4,6.7,1
90,Female,12.0,40.0,88.4,28.0,32.1,4.2,6.7,306.4,98.4,157.1,398.4,6.8,1
36,Male,13.8,44.3,88.0,28.4,32.1,4.7,6.2,382.8,98.3,178.2,398.3,6.6,1
47,Female,12.2,40.0,88.4,28.4,32.2,4.2,6.2,286.7,98.2,157.5,398.4,6.9,1
16,Female,15.1,42.3,91.2,31.4,34.6,4.97,7.8,294.5,100.3,159.7,400.9,8.8,0
71,Male,15.8,46.6,90.6,30.6,34.3,5.62,8.2,250.8,100.6,180.1,401.1,8.9,0
13,Female,12.0,40.4,88.4,28.3,32.2,4.2,5.4,303.5,98.3,157.3,398.1,6.6,1
2,Male,11.0,44.1,88.3,28.3,32.0,4.7,10.4,221.6,98.2,178.0,398.4,6.7,1
19,Female,14.2,43.0,90.9,31.0,35.3,5.24,7.9,323.5,100.1,159.6,401.3,9.0,0
44,Female,12.0,40.1,88.5,28.5,32.2,4.2,7.6,267.5,98.1,157.5,398.4,6.7,1
15,Female,14.8,42.5,90.1,30.3,35.0,5.4,8.6,220.0,101.3,159.1,401.4,9.2,0
35,Male,13.9,44.2,88.3,28.2,32.2,4.7,7.4,275.7,98.2,178.3,398.3,6.7,1
45,Male,13.8,44.2,88.4,28.1,32.1,4.7,8.2,239.5,98.2,178.1,398.4,6.9,1
80,Male,13.8,44.1,88.1,28.3,32.0,4.7,6.6,186.0,98.1,178.3,398.2,6.5,1
0,Male,12.9,44.5,91.0,30.9,34.7,6.79,9.4,240.2,98.6,178.7,398.9,7.6,1
49,Female,12.1,40.2,88.3,28.0,32.5,4.2,6.7,266.9,98.2,157.4,398.4,6.8,1
47,Male,14.9,47.3,90.7,29.8,35.1,4.36,5.1,295.9,100.2,179.4,400.2,8.3,1
28,Female,14.1,43.1,91.0,30.6,34.0,4.83,8.8,256.0,100.9,159.7,401.3,8.8,0
65,Male,15.9,46.1,90.0,30.5,34.3,5.8,6.4,268.5,101.2,181.0,400.5,9.3,0
84,Female,12.0,40.4,88.2,28.1,32.3,4.2,4.5,263.3,98.4,157.3,398.4,6.9,1
61,Male,13.7,44.1,88.2,28.4,32.5,4.7,6.4,224.6,98.2,178.2,398.1,6.9,1
81,Female,12.8,42.5,89.7,31.3,33.3,4.04,6.6,392.3,98.8,159.3,400.7,7.6,0
19,Female,12.0,40.0,88.5,28.3,32.2,4.2,4.5,220.7,98.3,157.4,398.4,6.5,1
18,Female,13.9,43.2,91.0,30.5,35.0,5.15,5.7,193.9,101.2,159.3,400.8,8.8,0
48,Male,16.5,46.2,90.2,30.2,34.9,5.57,5.9,150.0,101.1,181.4,401.3,8.6,0
90,Male,15.6,46.9,90.7,31.3,34.6,6.1,5.9,207.6,100.6,180.5,400.4,8.6,0
62,Female,14.4,42.6,91.2,30.3,34.7,5.4,8.5,361.9,100.7,160.1,401.0,9.8,0
71,Female,15.1,43.3,90.8,31.2,34.1,5.0,7.9,150.0,101.3,159.8,401.0,9.5,0
64,Female,13.8,42.2,91.1,30.0,34.5,5.4,6.7,272.8,101.2,159.6,400.1,8.6,0
30,Female,12.1,40.0,88.1,28.3,32.4,4.2,9.6,183.2,98.3,157.3,398.0,6.9,1
5,Male,11.0,44.4,88.3,28.2,32.2,4.7,6.4,177.1,98.3,178.4,398.2,6.8,1
90,Male,13.5,44.1,88.1,28.0,32.3,4.7,6.2,278.9,98.4,178.5,398.4,6.7,1
76,Female,12.0,40.4,88.4,28.4,32.5,4.2,4.5,315.5,98.4,157.1,398.1,6.6,1
90,Female,12.5,40.8,91.3,30.6,34.4,5.5,5.8,195.4,101.2,159.5,401.0,9.8,0
60,Male,13.8,44.1,88.0,28.4,32.0,4.7,7.6,228.8,98.0,178.0,398.3,6.5,1
84,Female,12.1,40.1,88.4,28.1,32.0,4.2,6.0,254.4,98.1,157.4,398.0,6.8,1
2,Female,12.3,42.3,90.2,30.8,34.5,5.4,9.6,300.8,101.0,159.4,401.2,9.9,0
49,Male,15.9,47.3,91.4,30.8,34.0,6.1,5.9,333.5,100.9,180.6,400.7,9.8,0
56,Male,14.9,46.3,91.3,30.3,35.2,5.68,9.3,288.1,100.8,180.0,400.4,9.1,1
55,Male,16.0,47.2,90.3,31.2,34.7,5.56,6.0,172.9,101.1,180.1,401.0,9.6,0
24,Female,15.0,41.1,90.3,30.6,34.8,5.82,7.9,174.7,101.3,160.2,400.3,7.8,1
79,Male,13.8,44.3,88.2,28.5,32.3,4.7,9.7,237.6,98.3,178.1,398.3,6.7,1
9,Female,12.9,42.8,91.3,31.1,34.2,5.17,8.0,219.3,101.4,159.6,400.8,9.6,0
68,Female,12.0,40.3,88.1,28.4,32.3,4.2,6.4,177.6,98.2,157.4,398.3,6.9,1
56,Male,15.6,46.6,90.3,30.4,34.8,6.1,7.8,325.7,100.8,180.6,401.5,9.3,0
24,Female,15.2,42.4,90.6,30.6,34.2,5.4,7.8,271.7,101.3,159.0,401.2,9.3,0
4,Male,11.0,44.1,88.2,28.1,32.2,4.7,5.7,287.3,98.2,178.4,398.5,6.8,1
10,Male,11.0,44.2,88.1,28.1,32.1,4.7,4.8,272.9,98.5,178.3,398.2,7.0,1
82,Male,16.2,46.4,90.7,30.6,35.4,5.46,8.3,272.4,101.4,180.3,400.8,8.6,0
1,Male,11.0,44.2,88.3,28.4,32.4,4.7,6.8,205.2,98.4,178.1,398.4,6.6,1
9,Male,11.0,44.0,88.3,28.3,32.2,4.7,8.0,232.5,98.1,178.1,398.1,6.9,1
7,Male,12.9,46.7,90.6,30.0,34.5,5.67,9.3,283.2,100.5,180.6,400.4,8.6,0
73,Female,12.2,40.2,88.1,28.2,32.1,4.2,5.8,150.0,98.4,157.3,398.2,6.5,1
0,Female,11.0,40.0,88.2,28.1,32.1,4.2,6.2,270.9,98.4,157.0,398.1,6.8,1
17,Female,14.5,40.8,91.1,30.6,32.8,4.44,9.2,205.8,98.9,157.7,398.6,9.6,0
35,Male,16.6,46.0,90.4,30.9,34.5,6.1,5.2,284.8,100.2,180.9,400.7,8.8,0
5,Female,11.0,42.3,88.7,28.7,34.4,5.4,10.3,232.4,100.8,160.3,398.6,7.7,0
16,Female,15.1,42.5,89.8,28.9,32.7,5.49,4.5,242.8,98.9,158.5,400.9,9.2,1
22,Male,16.3,46.2,91.2,31.2,34.0,5.98,7.7,263.3,100.4,180.7,400.3,9.1,0
11,Female,11.0,40.1,88.4,28.2,32.2,4.2,4.5,299.0,98.4,157.2,398.3,7.0,1
66,Female,14.5,42.3,90.8,31.3,34.6,5.07,8.8,263.7,100.2,159.1,400.1,8.8,0
17,Male,16.3,47.0,90.8,30.7,34.3,5.82,6.4,227.7,101.5,180.2,400.4,9.4,0
35,Female,14.7,42.5,91.3,30.4,34.8,4.8,6.1,334.2,100.3,159.7,401.2,9.4,0
28,Female,12.0,40.0,88.1,28.2,32.2,4.2,9.3,210.3,98.1,157.5,398.2,6.7,1
79,Female,12.4,41.7,90.6,30.5,33.9,5.11,8.6,269.1,101.2,158.6,398.7,7.7,0
2,Male,13.5,46.6,91.3,30.3,34.3,5.45,5.1,322.2,101.3,180.7,401.5,8.8,0
19,Male,16.3,46.9,91.4,31.0,34.6,6.1,6.1,280.0,100.2,181.0,400.8,9.7,0
13,Male,16.5,46.1,90.9,31.4,35.3,5.5,7.5,233.1,100.0,180.3,401.1,9.4,0
1,Male,11.0,44.5,88.0,28.5,32.3,4.7,7.3,277.1,98.2,178.3,398.3,7.0,1
85,Female,12.0,40.5,88.3,28.5,32.1,4.2,10.3,260.9,98.3,157.4,398.1,7.0,1
11,Male,12.6,46.1,90.9,31.1,34.0,6.1,5.6,253.9,100.3,180.9,400.4,9.9,0
50,Male,13.6,44.1,88.0,28.3,32.1,4.7,8.3,333.2,98.1,178.2,398.2,6.9,1
10,Female,11.0,40.2,88.1,28.2,32.1,4.2,7.0,230.4,98.3,157.0,398.3,6.5,1
18,Male,13.9,44.5,88.3,28.3,32.2,4.7,8.1,307.8,98.3,178.3,398.5,6.5,1
5,Female,11.0,40.2,88.3,28.0,32.0,4.2,8.4,325.3,98.5,157.4,398.2,6.9,1
56,Male,13.6,44.1,88.2,28.2,32.3,4.7,7.0,256.3,98.3,178.3,398.3,6.5,1
3,Male,13.5,46.9,90.5,30.1,34.5,5.89,8.2,317.8,101.3,180.7,400.2,9.6,0
41,Female,13.0,41.0,90.5,29.5,33.8,5.33,7.4,318.2,101.1,160.0,400.2,7.2,1
50,Male,13.6,44.3,88.3,28.2,32.4,4.7,6.2,278.2,98.0,178.5,398.3,6.8,1
41,Female,12.1,40.4,88.1,28.0,32.0,4.2,9.0,203.2,98.2,157.3,398.2,6.7,1
8,Female,13.2,42.7,90.0,30.1,34.2,5.31,6.7,200.9,100.3,160.2,401.3,9.1,0
34,Male,13.9,44.2,88.3,28.1,32.4,4.7,7.3,301.1,98.1,178.3,398.5,6.8,1
56,Female,14.5,43.0,90.4,31.2,35.2,5.21,4.5,289.2,100.3,160.2,401.5,9.3,0
16,Male,16.4,47.0,91.4,30.6,34.5,6.1,6.4,291.5,100.7,180.6,400.2,9.9,0
16,Female,14.6,42.2,90.0,30.1,34.8,5.4,7.4,216.7,100.9,160.4,401.3,9.9,0
11,Female,11.0,40.4,88.2,28.4,32.1,4.2,6.7,234.7,98.2,157.1,398.1,6.8,1
17,Male,15.7,46.7,90.2,30.5,34.2,6.1,9.0,166.2,101.3,180.2,401.0,9.1,0
14,Male,13.5,44.0,88.3,28.4,32.1,4.7,7.5,275.0,98.1,178.2,398.2,6.9,1
82,Male,13.5,44.4,88.4,28.2,32.4,4.7,8.1,284.4,98.0,178.2,398.5,7.0,1
17,Male,14.0,44.1,88.3,28.5,32.1,4.7,6.8,201.6,98.1,178.0,398.5,6.8,1
89,Male,15.4,46.9,90.8,29.9,34.0,6.01,5.3,250.3,99.9,180.3,400.3,7.4,0
13,Female,14.1,42.4,89.8,30.1,34.4,4.62,7.8,338.1,100.6,160.0,398.8,7.3,0
48,Male,13.7,44.1,88.4,28.3,32.0,4.7,8.7,198.3,98.5,178.2,398.3,6.7,1
19,Male,14.0,44.4,88.4,28.3,32.1,4.7,6.3,165.2,98.4,178.3,398.2,6.6,1
18,Male,13.7,44.2,88.4,28.3,32.3,4.7,8.8,305.9,98.3,178.0,398.2,6.7,1
72,Male,13.8,44.0,88.5,28.2,32.1,4.7,6.0,251.0,98.4,178.4,398.3,6.6,1
11,Male,12.7,46.1,90.9,30.9,35.0,5.8,8.2,192.6,101.1,180.9,400.5,8.9,0
34,Female,14.3,42.9,91.5,30.8,35.5,5.4,7.4,234.5,100.2,159.8,400.9,9.8,0
3,Male,13.5,46.8,91.4,30.6,34.5,6.1,5.6,242.8,101.0,180.3,400.9,9.5,0
16,Male,13.6,44.3,88.4,28.1,32.1,4.7,7.1,278.6,98.4,178.3,398.1,7.0,1
15,Female,14.3,43.4,91.2,31.3,35.4,5.4,6.2,232.2,101.0,159.8,400.5,9.5,0
18,Female,13.3,40.8,90.7,29.0,35.1,4.27,8.3,199.8,100.8,158.4,401.2,9.0,0
13,Male,13.7,44.0,88.5,28.1,32.3,4.7,7.3,162.6,98.3,178.4,398.3,6.8,1
13,Male,16.0,44.6,89.2,28.5,34.7,6.55,5.2,193.6,98.8,178.6,399.2,9.6,0
51,Female,12.0,40.3,88.3,28.5,32.2,4.2,7.5,282.2,98.3,157.4,398.0,6.7,1
18,Female,12.0,40.2,88.4,28.3,32.4,4.2,6.7,225.2,98.3,157.1,398.1,6.7,1
46,Male,13.8,44.4,88.1,28.1,32.2,4.7,7.1,270.7,98.1,178.2,398.4,6.8,1
6,Male,13.3,47.3,91.1,31.2,34.5,6.1,9.0,259.9,100.7,181.0,400.8,9.6,0
4,Male,13.3,47.5,90.3,30.9,34.6,6.07,8.1,222.7,100.7,180.8,400.5,8.8,0
72,Male,16.5,46.9,90.1,31.1,35.0,6.1,4.5,287.4,100.6,180.3,401.1,9.6,0
16,Male,16.1,47.4,90.6,30.5,34.7,6.1,8.8,276.1,100.7,181.2,400.8,9.0,0
2,Male,11.0,44.2,88.3,28.5,32.3,4.7,8.4,289.5,98.3,178.0,398.1,7.0,1
38,Male,15.6,46.5,90.7,31.4,34.5,6.1,6.0,220.8,100.8,181.0,400.1,8.8,0
74,Male,16.0,46.1,90.7,31.4,35.2,5.95,7.3,221.1,101.3,181.0,400.6,8.7,0
57,Female,14.1,42.3,91.4,30.6,35.3,5.04,6.4,263.4,100.0,160.5,400.1,9.2,0
18,Male,16.8,47.2,90.3,31.0,34.9,5.68,6.1,171.5,101.0,181.0,400.8,9.7,0
66,Female,14.2,42.6,91.4,31.1,34.3,5.4,9.7,229.6,101.5,159.1,400.6,9.2,0
76,Male,13.6,44.4,88.3,28.5,32.0,4.7,7.8,281.9,98.3,178.1,398.2,6.9,1
38,Male,13.5,44.1,88.1,28.3,32.2,4.7,8.2,281.6,98.1,178.4,398.0,6.9,1
31,Male,16.9,46.4,90.3,31.0,35.5,6.1,6.1,167.4,100.6,181.3,401.2,9.4,0
15,Female,14.9,42.7,90.0,30.3,35.5,5.4,8.2,261.7,100.0,160.0,400.4,8.9,0
17,Male,16.5,47.1,90.4,30.5,35.5,5.96,6.6,328.4,101.2,181.2,401.0,9.8,0
20,Female,12.0,40.4,88.2,28.2,32.3,4.2,6.6,267.4,98.5,157.5,398.2,6.8,1
18,Female,12.2,40.2,88.3,28.1,32.2,4.2,5.0,150.0,98.1,157.4,398.1,6.8,1
56,Male,13.5,44.3,88.5,28.1,32.5,4.7,8.1,191.4,98.2,178.1,398.0,6.5,1
19,Male,13.6,44.1,88.4,28.5,32.4,4.7,6.4,270.8,98.3,178.4,398.0,6.8,1
15,Male,16.3,46.0,90.8,29.3,32.9,5.66,5.1,150.0,99.0,179.6,401.4,7.2,1
39,Female,14.9,43.4,90.0,30.9,34.0,5.4,7.7,220.3,100.4,159.8,400.9,8.8,0
38,Male,16.2,47.5,91.4,30.5,34.2,5.89,7.9,242.8,101.3,180.8,400.8,8.5,0
19,Male,13.7,44.4,88.1,28.4,32.1,4.7,5.9,244.5,98.5,178.1,398.5,6.9,1
17,Female,12.2,40.5,88.0,28.3,32.0,4.2,8.5,228.7,98.5,157.2,398.5,6.9,1
19,Female,15.2,42.4,91.4,30.2,34.6,5.01,8.0,194.0,100.6,160.2,400.8,9.5,0
51,Male,16.5,46.4,89.3,30.7,32.8,5.8,7.9,302.0,100.8,178.7,398.6,8.3,1
9,Female,11.0,40.1,88.2,28.0,32.4,4.2,6.0,198.3,98.2,157.1,398.5,7.0,1
6,Male,12.9,46.7,90.2,30.0,35.4,5.76,6.7,242.9,101.4,180.9,401.0,9.9,0
88,Female,14.6,43.4,90.7,30.5,35.0,5.4,7.8,257.2,100.7,159.7,401.2,9.6,0
24,Female,12.0,40.4,88.3,28.2,32.3,4.2,6.5,260.4,98.5,157.2,398.4,6.7,1
19,Female,13.8,43.3,90.5,30.9,35.4,5.4,9.1,297.2,101.4,160.2,400.9,9.5,0
66,Female,12.1,40.0,88.1,28.2,32.0,4.2,6.9,248.7,98.4,157.1,398.2,6.7,1
44,Male,14.0,44.0,88.4,28.5,32.2,4.7,7.4,300.7,98.2,178.4,398.4,6.8,1
59,Female,13.3,41.0,89.2,29.5,33.9,6.03,8.3,243.1,99.2,159.9,400.4,7.6,1
18,Male,13.8,44.3,88.3,28.5,32.1,4.7,5.6,275.9,98.3,178.2,398.0,6.9,1
16,Male,13.8,44.5,88.4,28.0,32.1,4.7,7.7,339.1,98.0,178.4,398.4,6.6,1
90,Female,14.4,43.4,90.0,30.7,35.3,5.4,8.5,274.1,100.5,159.4,400.1,9.3,0
44,Male,13.6,44.5,88.3,28.4,32.1,4.7,7.4,315.9,98.0,178.3,398.2,6.6,1
73,Male,15.5,46.5,90.1,31.1,34.8,6.1,8.3,220.7,100.0,180.5,401.0,9.9,0
78,Male,16.7,46.3,90.5,30.1,35.0,5.67,7.8,234.2,100.5,180.8,400.6,8.6,0
13,Female,12.2,40.0,88.1,28.2,32.4,4.2,8.2,255.1,98.2,157.5,398.1,6.7,1
71,Male,16.4,46.1,90.5,31.2,34.7,6.1,8.1,256.4,101.5,180.7,400.8,9.8,0
64,Female,12.0,40.1,88.1,28.2,32.3,4.2,4.5,289.6,98.4,157.5,398.3,6.8,1
3,Female,11.0,40.0,88.1,28.4,32.2,4.2,5.7,227.8,98.1,157.2,398.5,7.0,1
25,Male,13.8,44.1,88.3,28.4,32.3,4.7,8.5,264.6,98.5,178.3,398.4,6.7,1
77,Male,16.7,44.8,88.9,28.9,34.1,5.31,6.6,293.3,99.9,181.1,400.2,8.8,1
19,Male,13.8,44.1,88.4,28.3,32.2,4.7,6.2,296.0,98.1,178.1,398.0,6.8,1
35,Female,12.0,40.4,88.3,28.3,32.4,4.2,4.5,198.2,98.1,157.2,398.3,6.7,1
17,Female,12.2,40.3,88.1,28.3,32.3,4.2,5.6,246.8,98.5,157.3,398.4,6.9,1
14,Male,15.7,46.4,90.6,30.7,34.2,6.1,4.6,287.7,100.0,180.1,400.6,8.7,0
17,Female,12.0,40.2,88.2,28.3,32.1,4.2,7.4,252.5,98.2,157.3,398.1,6.9,1
51,Male,16.1,46.6,91.4,31.0,34.4,5.68,5.9,206.7,100.3,181.0,400.2,9.1,0
6,Male,12.7,47.3,91.0,31.2,34.4,6.1,8.8,263.1,101.4,180.0,401.0,8.6,0
81,Female,12.2,40.2,88.4,28.5,32.4,4.2,8.2,274.8,98.1,157.5,398.4,6.9,1
51,Male,16.2,47.2,90.4,30.1,34.8,6.1,7.2,219.6,101.0,181.5,401.4,9.6,0
12,Female,12.0,40.3,88.1,28.1,32.0,4.2,7.6,226.3,98.4,157.1,398.1,6.6,1
14,Male,15.6,46.1,91.3,31.0,35.0,6.1,6.9,309.7,101.3,180.5,401.4,9.5,0
82,Male,16.4,46.9,91.0,30.3,34.4,6.06,9.2,235.3,100.6,180.2,400.4,8.8,0
71,Female,12.4,40.8,89.8,29.0,32.6,4.67,5.8,292.1,100.9,159.4,399.5,7.1,0
43,Male,16.8,46.0,90.3,31.0,35.3,6.1,4.5,193.9,101.1,181.1,400.9,8.9,0
19,Female,12.1,40.2,88.4,28.4,32.5,4.2,6.2,261.0,98.2,157.2,398.1,6.9,1
28,Female,12.1,40.4,88.4,28.4,32.1,4.2,4.9,211.9,98.4,157.3,398.1,6.9,1
84,Female,12.0,40.1,88.3,28.3,32.3,4.2,6.6,326.2,98.0,157.1,398.0,6.7,1
38,Female,12.1,40.2,88.1,28.3,32.0,4.2,8.7,278.1,98.0,157.3,398.3,6.6,1
71,Male,13.9,44.0,88.1,28.0,32.2,4.7,6.7,208.1,98.5,178.2,398.3,6.7,1
43,Male,14.2,47.5,89.7,30.5,33.1,6.25,5.5,316.8,99.6,180.5,399.6,9.8,0
10,Male,12.5,46.8,90.8,31.2,35.1,6.1,7.5,220.4,100.8,181.3,401.4,8.6,0
12,Male,16.5,46.4,90.5,30.9,35.3,6.1,9.4,278.7,100.5,181.0,400.7,8.8,0
82,Male,15.0,45.5,89.1,31.4,34.0,5.49,5.9,330.7,99.3,179.4,399.5,8.7,0
44,Male,13.7,44.4,88.4,28.2,32.2,4.7,8.7,257.9,98.2,178.4,398.1,6.9,1
37,Male,14.0,44.3,88.2,28.0,32.0,4.7,7.7,267.4,98.3,178.2,398.3,6.8,1
58,Female,13.8,42.4,90.9,30.1,34.0,5.4,8.8,241.9,100.4,159.4,400.1,9.3,0
5,Female,12.4,42.1,90.8,31.4,35.4,4.82,7.3,204.1,101.3,160.4,401.3,9.5,0
16,Male,15.2,47.0,88.5,30.8,33.2,5.66,7.9,231.1,101.3,179.0,401.1,7.4,1
52,Female,14.3,42.9,90.7,30.8,35.2,5.4,7.6,176.1,101.4,160.0,400.5,9.9,0
78,Female,12.0,40.4,88.0,28.2,32.1,4.2,7.0,340.8,98.1,157.0,398.4,6.7,1
7,Male,11.0,44.0,88.4,28.0,32.0,4.7,8.6,308.9,98.3,178.4,398.1,6.8,1
47,Male,14.0,44.1,88.4,28.4,32.4,4.7,5.1,267.0,98.1,178.2,398.4,6.8,1
5,Female,13.0,42.4,91.5,30.4,34.3,5.4,6.4,250.5,100.2,160.2,400.7,8.7,0
18,Male,13.9,44.2,88.3,28.3,32.1,4.7,6.5,258.7,98.5,178.5,398.4,6.7,1
80,Male,16.4,46.6,90.0,31.2,34.2,6.1,5.2,186.1,100.7,181.5,400.6,8.8,0
63,Male,14.4,47.0,90.3,29.1,35.1,5.83,6.7,224.0,98.9,178.8,400.5,7.4,1
18,Female,12.7,42.0,88.9,29.4,35.2,4.94,9.1,254.3,100.6,158.6,398.9,9.3,0
11,Male,13.1,47.0,90.6,30.2,35.0,6.1,4.9,310.1,101.4,180.9,400.1,9.2,0
5,Male,13.4,46.2,91.1,31.2,35.0,6.1,7.5,303.5,100.1,180.7,400.1,9.1,0
19,Female,12.0,40.2,88.1,28.5,32.2,4.2,9.3,215.4,98.1,157.0,398.5,6.8,1
5,Female,11.0,40.3,88.4,28.3,32.2,4.2,5.8,270.9,98.3,157.5,398.2,6.9,1
62,Male,13.7,44.4,88.3,28.4,32.3,4.7,7.8,226.2,98.2,178.3,398.3,6.6,1
2,Female,12.9,42.3,90.1,31.0,34.6,4.99,5.4,281.8,100.8,159.5,401.4,8.8,0
12,Female,15.1,43.4,90.6,31.3,35.1,5.31,7.5,215.8,100.2,159.4,400.8,9.5,0
10,Male,11.0,44.3,88.3,28.4,32.2,4.7,7.3,224.2,98.1,178.1,398.2,6.8,1
19,Female,12.2,40.2,88.2,28.1,32.1,4.2,6.9,333.6,98.4,157.1,398.0,6.5,1
1,Male,12.9,46.9,90.9,30.2,34.4,6.3,9.6,259.5,99.0,181.1,400.0,8.1,1
79,Male,16.6,45.0,90.9,30.7,33.7,3.91,7.2,205.1,101.3,179.8,400.8,7.5,0
61,Male,13.9,44.3,88.1,28.3,32.3,4.7,6.4,200.8,98.2,178.4,398.2,6.9,1
10,Male,11.0,44.4,88.0,28.2,32.4,4.7,6.4,259.5,98.4,178.1,398.4,6.8,1
12,Female,12.0,40.3,88.4,28.5,32.3,4.2,7.3,338.6,98.0,157.1,398.4,6.8,1
67,Male,16.8,47.0,90.1,30.3,35.3,5.58,7.2,190.0,100.4,180.3,400.9,9.1,0
11,Female,12.5,43.1,91.3,30.4,35.4,5.28,6.9,225.7,99.7,158.5,401.5,7.4,1
7,Male,12.6,46.1,90.4,30.7,34.3,5.93,6.1,243.1,100.9,181.3,400.2,9.4,0
41,Female,14.5,43.5,91.0,31.2,35.0,5.13,8.4,188.1,100.7,159.6,400.0,9.8,0
19,Female,15.0,43.0,90.6,30.6,34.3,4.81,5.6,229.6,100.6,160.3,400.2,8.6,0
38,Female,14.9,42.5,90.9,30.1,34.3,5.4,8.6,284.8,100.0,159.2,401.1,9.7,0
83,Male,16.2,45.3,88.6,28.9,34.5,6.18,6.3,249.5,100.0,181.2,398.9,9.7,1
72,Female,12.0,40.0,88.1,28.5,32.4,4.2,7.8,197.5,98.5,157.3,398.4,6.9,1
0,Female,12.8,43.1,90.5,30.2,35.1,5.4,6.5,381.7,101.0,159.8,401.0,9.8,0
19,Female,14.6,42.5,91.1,31.2,34.1,5.09,6.7,295.8,100.7,159.3,401.5,9.9,0
17,Female,12.0,40.4,88.1,28.1,32.5,4.2,6.5,265.4,98.3,157.3,398.4,6.6,1
68,Male,16.9,46.3,90.4,30.5,35.3,6.1,7.7,232.2,100.4,181.5,400.9,8.5,0
8,Female,11.0,40.1,88.3,28.3,32.4,4.2,5.8,277.5,98.4,157.3,398.4,7.0,1
33,Male,15.9,46.9,90.7,31.4,34.7,6.1,9.1,230.3,100.6,180.4,401.3,9.4,0
0,Female,12.7,42.0,91.3,31.4,34.1,4.81,6.1,295.7,101.4,159.3,401.3,8.6,0
32,Male,14.8,44.9,90.0,31.2,33.3,4.88,5.6,313.9,101.1,181.1,401.2,9.3,0
5,Male,13.2,46.6,90.2,31.5,35.2,5.82,7.3,200.8,101.4,180.7,401.3,9.2,0
6,Male,12.7,46.2,89.9,28.6,34.3,5.46,8.3,217.2,100.6,181.4,400.0,7.2,1
88,Male,15.7,47.2,90.6,30.5,35.5,6.1,6.5,286.4,100.0,180.6,400.8,8.7,0
63,Male,13.9,44.5,88.2,28.2,32.1,4.7,6.1,239.7,98.4,178.4,398.2,6.7,1
88,Male,13.6,44.5,88.0,28.2,32.4,4.7,6.2,310.6,98.3,178.4,398.3,6.8,1
10,Male,13.5,45.2,90.7,28.8,34.5,5.19,7.0,158.3,99.7,178.9,401.4,7.2,0
50,Female,15.0,41.3,90.3,30.6,35.3,3.93,6.1,275.6,100.2,158.1,399.4,8.6,0
77,Female,13.2,41.4,88.9,31.2,34.9,3.97,8.4,335.7,98.9,158.2,398.9,8.6,0
13,Male,16.8,46.1,90.4,30.6,35.3,6.1,6.4,202.7,101.2,181.3,400.3,9.4,0
72,Female,14.2,43.4,90.4,31.2,34.4,4.91,6.7,316.8,100.6,159.6,400.9,8.9,0
84,Female,12.1,40.2,88.3,28.2,32.4,4.2,7.6,287.3,98.1,157.3,398.3,6.9,1
19,Female,14.7,43.2,90.0,30.9,35.5,5.4,8.0,194.9,101.3,159.2,401.4,9.9,0
19,Male,16.1,46.8,91.4,30.4,35.3,6.1,6.4,285.6,100.4,180.6,400.5,9.1,0
57,Female,12.1,40.5,88.3,28.0,32.3,4.2,6.7,287.1,98.0,157.1,398.5,7.0,1
16,Female,12.2,40.4,88.1,28.5,32.2,4.2,5.2,347.9,98.2,157.1,398.3,6.9,1
39,Male,15.6,46.8,91.0,31.4,35.1,6.1,6.9,287.8,100.8,180.9,400.6,9.8,0
6,Male,12.3,46.2,90.0,31.5,35.2,6.1,4.5,254.6,100.2,180.4,400.6,9.6,0
41,Female,12.1,40.2,88.3,28.3,32.4,4.2,6.5,287.2,98.4,157.1,398.1,6.8,1
45,Male,15.6,47.1,91.3,31.0,34.2,6.1,7.0,261.2,100.9,181.2,401.1,10.0,0
2,Male,13.4,46.8,91.2,30.7,34.8,6.04,7.1,235.0,100.5,180.8,401.4,8.9,0
89,Female,12.1,40.1,88.4,28.3,32.5,4.2,7.5,277.1,98.1,157.4,398.3,7.0,1
10,Male,11.0,44.0,88.1,28.2,32.1,4.7,8.2,175.9,98.3,178.2,398.2,6.8,1
37,Female,14.2,43.1,90.5,31.3,34.7,5.4,7.0,328.0,100.4,160.5,400.9,9.5,0
16,Male,14.0,44.2,88.0,28.4,32.4,4.7,7.8,281.1,98.5,178.1,398.3,6.6,1
17,Male,15.7,45.1,90.5,29.1,33.6,6.07,5.7,348.1,99.6,181.2,398.9,8.4,1
13,Female,13.8,42.5,90.1,30.7,35.2,5.23,7.7,289.9,100.2,160.0,400.2,9.5,0
6,Female,11.0,40.4,88.5,28.1,32.0,4.2,5.6,221.0,98.5,157.4,398.0,6.6,1
63,Male,15.9,47.2,90.5,31.5,34.9,6.1,6.7,220.5,101.1,181.0,400.3,9.0,0
15,Male,13.6,44.3,88.0,28.1,32.3,4.7,8.3,193.2,98.2,178.3,398.2,7.0,1
3,Male,12.7,46.5,90.8,31.4,34.1,5.93,6.5,302.3,100.3,180.6,400.6,9.9,0
0,Female,11.3,41.9,90.3,29.9,32.7,4.41,6.2,150.0,101.4,158.8,400.3,7.3,1
50,Male,13.9,44.3,88.4,28.1,32.4,4.7,6.2,279.5,98.3,178.1,398.1,6.9,1
14,Female,14.7,42.3,91.1,31.2,34.5,5.4,6.3,238.6,100.6,160.1,400.7,9.1,0
65,Male,15.5,44.8,90.3,30.4,33.9,4.19,5.1,215.3,101.4,178.9,399.9,9.1,1
44,Female,13.8,42.0,90.9,30.1,35.1,5.4,9.7,231.8,101.5,159.4,400.8,9.8,0
9,Female,12.6,42.9,91.1,30.4,34.8,5.27,6.8,292.5,100.2,160.1,400.4,8.8,0
86,Male,13.5,44.5,88.0,28.1,32.2,4.7,7.0,172.8,98.3,178.3,398.1,6.6,1
62,Male,16.3,47.3,90.5,30.6,34.9,6.1,5.5,258.5,100.5,181.0,400.2,9.0,0
78,Male,16.6,46.0,90.6,30.4,35.0,6.09,9.5,286.5,101.2,180.6,401.0,9.0,0
11,Male,11.0,44.4,88.1,28.1,32.2,4.7,5.0,170.3,98.4,178.4,398.4,6.9,1
16,Male,14.9,46.4,90.7,28.6,34.0,5.16,4.9,163.6,100.6,181.5,401.4,9.1,1
34,Male,14.3,46.4,88.7,30.1,35.1,5.04,7.8,200.3,101.0,179.4,400.2,9.0,0
46,Female,13.9,42.5,89.5,31.0,33.6,4.37,6.1,236.0,101.5,159.0,401.3,8.7,0
9,Male,13.3,47.0,91.1,30.0,34.3,6.1,6.7,249.7,101.2,181.2,400.8,8.6,0
1,Female,12.4,42.8,91.3,30.1,34.3,5.4,7.7,274.1,101.2,159.2,400.6,10.0,0
46,Male,14.6,46.0,88.7,30.3,33.3,6.79,6.6,260.6,100.6,181.0,401.1,8.6,1
85,Female,15.1,41.5,88.8,29.5,33.6,5.7,8.2,323.2,99.1,159.9,398.6,7.7,0
11,Female,13.1,42.6,90.0,30.2,34.9,5.4,8.0,239.5,100.5,159.8,400.9,9.3,0
73,Male,16.1,46.2,91.3,30.9,34.6,5.5,5.6,261.3,101.1,181.2,400.8,8.7,0
15,Male,14.0,44.0,88.1,28.2,32.4,4.7,7.2,182.8,98.3,178.2,398.3,6.6,1
14,Male,16.7,46.8,90.9,30.3,34.4,5.64,5.8,213.4,100.8,180.8,401.4,8.8,0
46,Male,16.3,46.1,90.2,30.3,34.9,6.1,4.6,266.4,100.6,180.1,400.3,9.8,0
3,Female,11.0,40.3,88.2,28.3,32.0,4.2,7.0,234.0,98.1,157.2,398.4,7.0,1
63,Male,16.5,47.3,90.8,31.0,34.9,6.1,7.5,308.2,100.9,181.4,401.4,9.5,0
36,Male,16.8,47.4,91.1,30.2,34.7,5.6,9.1,271.4,101.4,181.1,401.0,9.2,0
49,Male,14.0,44.0,88.2,28.2,32.1,4.7,6.4,262.8,98.3,178.1,398.3,6.8,1
6,Male,11.0,44.3,88.2,28.1,32.4,4.7,7.4,179.1,98.3,178.4,398.3,6.8,1
87,Female,14.8,42.9,90.9,31.4,35.4,4.86,7.5,150.0,100.5,159.1,400.7,10.0,0
13,Female,14.0,43.1,91.1,31.5,35.4,5.4,7.3,254.7,101.5,160.2,401.2,8.7,0
34,Female,12.1,40.4,88.0,28.2,32.0,4.2,7.6,239.4,98.4,157.4,398.0,6.8,1
22,Male,13.8,44.4,88.4,28.2,32.2,4.7,6.7,181.0,98.4,178.3,398.4,6.5,1
13,Male,16.3,46.6,90.3,30.5,34.3,5.71,6.9,181.6,101.2,180.9,401.3,9.5,0
83,Male,13.6,44.3,88.5,28.1,32.0,4.7,7.4,199.5,98.1,178.1,398.1,6.9,1
12,Male,13.7,44.3,88.1,28.4,32.1,4.7,5.4,314.3,98.2,178.5,398.1,6.9,1
6,Male,11.0,44.1,88.5,28.4,32.3,4.7,8.8,294.7,98.4,178.1,398.3,6.8,1
65,Female,13.5,42.1,88.6,29.4,34.5,3.5,8.6,185.2,99.2,158.2,399.1,9.4,1
60,Male,13.6,44.1,88.3,28.4,32.2,4.7,7.5,251.2,98.2,178.0,398.3,6.7,1
6,Male,11.7,46.0,89.9,30.0,34.9,5.16,8.0,214.8,99.8,180.9,399.7,8.8,1
2,Male,11.0,44.5,88.4,28.0,32.3,4.7,8.5,348.0,98.1,178.3,398.4,6.8,1
18,Female,12.0,40.3,88.0,28.1,32.0,4.2,5.5,300.9,98.3,157.2,398.1,6.8,1
44,Male,13.7,44.4,88.3,28.4,32.1,4.7,7.6,276.7,98.3,178.3,398.1,6.6,1
80,Female,12.0,40.2,88.5,28.3,32.2,4.2,7.9,243.4,98.2,157.5,398.4,6.7,1
11,Female,11.8,40.7,89.4,31.2,35.2,5.56,7.7,150.0,98.5,158.4,399.3,8.6,1
2,Female,11.0,40.1,88.1,28.4,32.1,4.2,5.5,235.5,98.2,157.2,398.3,6.6,1
4,Male,13.2,46.6,90.7,30.5,35.1,6.1,7.6,279.2,100.4,180.1,400.4,9.9,0
85,Male,16.4,46.6,90.4,31.4,34.5,6.09,8.3,210.8,100.1,180.2,398.9,9.2,0
84,Female,12.1,40.3,88.5,28.5,32.5,4.2,6.7,300.3,98.3,157.0,398.2,6.9,1
78,Male,13.6,44.0,88.0,28.0,32.3,4.7,7.8,310.9,98.4,178.2,398.5,6.7,1
42,Male,16.3,46.6,90.2,30.0,34.3,5.56,6.5,261.6,101.1,180.6,400.1,9.7,0
37,Male,13.7,44.3,88.4,28.1,32.1,4.7,4.5,280.6,98.2,178.0,398.1,6.9,1
78,Male,16.8,47.2,90.3,31.4,34.5,6.1,7.9,287.8,101.4,181.3,401.5,8.8,0
19,Female,12.0,40.4,88.2,28.5,32.3,4.2,6.1,165.4,98.1,157.4,398.4,6.8,1
19,Female,14.9,42.5,91.1,31.2,34.2,5.4,6.4,291.6,100.1,159.0,400.2,8.5,0
16,Male,15.4,45.3,90.9,29.0,34.0,5.16,7.6,210.3,101.1,181.3,400.2,7.0,0
6,Male,11.0,44.1,88.4,28.1,32.1,4.7,8.2,217.0,98.4,178.1,398.0,6.6,1
81,Female,12.2,40.1,88.2,28.2,32.1,4.2,6.2,280.3,98.3,157.2,398.3,6.8,1
19,Male,13.8,44.1,88.2,28.3,32.2,4.7,5.8,169.5,98.3,178.5,398.4,6.9,1
13,Male,13.9,44.4,88.3,28.3,32.0,4.7,10.4,266.4,98.3,178.3,398.3,6.9,1
4,Female,11.0,40.1,88.3,28.2,32.2,4.2,7.8,243.2,98.0,157.4,398.2,6.6,1
3,Male,11.0,44.3,88.3,28.2,32.1,4.7,6.8,301.8,98.2,178.3,398.3,6.5,1
17,Female,13.7,42.2,90.6,31.0,35.3,5.36,7.1,291.6,99.2,158.5,401.1,8.9,1
70,Female,14.4,42.3,90.4,31.1,34.1,5.4,8.7,224.7,101.2,160.0,400.6,9.4,0
17,Female,14.6,42.1,90.0,31.4,35.1,5.4,4.7,232.0,101.0,159.9,401.1,9.0,0
89,Male,16.8,44.7,89.8,28.6,32.7,5.0,8.7,263.1,101.3,179.3,399.2,7.5,1
26,Male,13.6,44.1,88.1,28.2,32.3,4.7,4.5,220.4,98.5,178.3,398.4,6.7,1
9,Female,12.5,42.1,90.7,30.9,34.1,4.94,9.1,246.5,100.9,159.2,401.3,9.9,0
4,Female,12.6,41.8,90.5,31.0,35.3,5.15,7.5,256.0,100.0,160.1,400.1,9.5,1
14,Male,16.6,46.6,90.7,30.3,34.4,6.1,7.5,277.2,100.7,180.1,400.1,9.1,0
14,Male,13.6,44.0,88.2,28.3,32.1,4.7,4.8,155.1,98.5,178.2,398.5,6.8,1
90,Female,14.8,43.0,91.3,30.3,35.0,4.99,10.7,150.0,100.0,159.1,401.3,8.9,0
19,Male,16.1,46.6,91.1,31.4,34.4,6.06,7.7,313.6,100.2,180.9,400.3,9.3,0
16,Female,12.3,42.1,89.5,30.2,35.3,6.2,7.6,241.2,101.5,158.9,398.9,9.9,1
15,Female,12.1,40.1,88.4,28.4,32.5,4.2,7.2,244.8,98.3,157.1,398.2,6.9,1
44,Male,17.0,46.8,90.9,31.0,33.0,4.52,6.5,312.3,100.9,178.9,398.6,8.2,1
11,Male,12.8,46.4,91.2,30.4,35.2,6.04,6.0,263.9,100.9,180.7,400.9,8.8,0
78,Male,13.9,44.2,88.2,28.4,32.3,4.7,4.5,293.0,98.4,178.2,398.4,6.6,1
18,Male,16.2,46.9,90.7,30.1,34.4,6.82,6.2,236.8,100.7,179.5,399.5,9.8,1
37,Female,14.8,42.5,90.8,30.3,34.2,5.17,6.7,233.4,101.0,160.0,400.8,8.5,0
15,Female,14.5,43.4,91.2,30.8,34.8,5.4,9.2,290.7,100.1,160.1,400.4,8.7,0
59,Female,14.4,42.3,91.4,31.0,34.1,5.4,9.0,383.7,101.5,159.9,401.3,9.9,0
83,Male,16.5,47.3,90.5,30.4,35.3,5.99,5.9,272.8,101.1,180.8,400.4,9.2,0
56,Male,16.2,46.3,91.0,30.9,35.0,5.44,10.3,306.7,100.3,180.3,400.4,9.6,0
9,Male,11.0,44.4,88.4,28.4,32.1,4.7,5.2,264.7,98.4,178.2,398.3,6.7,1
12,Female,14.3,42.9,90.1,30.4,34.6,5.4,9.7,244.4,100.7,160.4,400.6,9.3,0
36,Male,13.5,44.4,88.2,28.2,32.2,4.7,6.7,217.2,98.2,178.4,398.2,6.5,1
77,Male,13.6,44.2,88.4,28.3,32.1,4.7,7.3,220.9,98.5,178.2,398.3,6.6,1
45,Female,14.2,42.3,90.3,30.3,35.2,5.02,5.7,214.5,101.1,159.2,400.0,9.1,0
77,Female,13.8,42.7,90.3,31.3,35.1,5.4,7.2,225.5,100.9,159.7,401.0,9.8,0
6,Male,13.5,46.1,90.7,30.9,35.2,6.1,7.3,245.1,100.2,181.3,401.5,8.8,0
51,Male,15.7,45.4,89.8,30.6,33.2,4.12,7.0,255.4,100.7,181.5,398.6,8.3,1
43,Female,15.2,43.1,91.2,30.8,35.0,5.4,5.6,193.6,100.5,159.5,400.8,8.9,0
16,Female,14.1,42.1,90.2,30.9,34.7,5.4,7.2,247.8,100.1,159.1,401.1,9.8,0
16,Male,16.7,46.0,91.0,31.2,35.4,6.1,8.2,163.7,100.1,180.4,400.1,9.0,0
9,Male,11.0,44.1,88.1,28.2,32.0,4.7,8.6,184.3,98.1,178.1,398.4,6.8,1
11,Female,12.4,43.2,91.1,30.5,34.5,5.13,7.9,287.2,100.9,159.4,400.3,8.6,0
14,Female,12.1,40.0,88.1,28.1,32.2,4.2,10.2,302.2,98.5,157.2,398.4,6.7,1
0,Male,12.4,47.0,91.5,30.1,35.5,6.01,7.5,271.1,100.9,181.1,401.3,9.1,0
1,Male,13.0,46.5,90.0,29.1,35.1,4.49,6.4,232.6,101.5,179.2,401.1,7.1,0
7,Female,12.9,42.9,91.2,30.6,34.2,5.4,5.2,201.7,101.1,160.4,401.4,8.7,0
60,Female,12.0,40.2,88.4,28.1,32.1,4.2,7.7,298.3,98.0,157.4,398.1,6.7,1
3,Male,12.2,45.1,88.7,29.8,34.1,5.68,6.7,213.3,99.5,179.5,401.2,8.1,0
14,Male,15.7,44.6,90.8,29.1,34.7,4.12,4.7,249.2,99.7,181.2,399.8,7.8,1
77,Female,15.2,41.3,91.3,30.5,32.6,4.76,4.6,298.6,99.1,159.1,400.9,9.3,1
5,Female,12.6,42.7,91.0,30.7,34.7,5.14,7.0,266.0,100.8,159.3,400.8,8.9,0
42,Male,13.5,44.2,88.4,28.2,32.1,4.7,7.0,150.0,98.2,178.3,398.4,6.9,1
79,Male,14.7,46.5,90.5,29.5,33.6,4.16,7.6,251.1,98.7,180.3,398.6,7.1,1
18,Male,16.4,46.3,90.4,30.3,35.4,6.1,5.9,193.7,100.3,180.7,400.0,9.5,0
67,Male,15.7,46.0,90.2,30.3,34.6,4.78,7.2,181.5,99.8,180.6,400.2,9.1,1
1,Male,11.0,44.3,88.3,28.0,32.2,4.7,7.1,253.2,98.5,178.4,398.4,6.9,1
6,Female,12.7,42.1,90.2,30.5,34.0,5.4,6.4,316.5,101.5,160.0,401.1,8.8,0
0,Female,11.0,40.3,88.5,28.1,32.4,4.2,6.9,314.8,98.4,157.1,398.2,6.7,1
63,Male,16.4,46.4,90.2,30.1,34.0,6.05,5.1,235.0,101.2,180.2,401.4,9.4,0
2,Male,12.5,46.6,90.8,31.1,34.2,6.01,11.0,196.3,101.2,180.3,401.2,9.5,0
79,Male,13.7,44.0,88.1,28.3,32.0,4.7,7.5,285.8,98.0,178.5,398.5,6.6,1
3,Female,12.4,42.1,90.6,30.8,34.0,5.4,9.0,223.6,101.2,160.0,400.7,8.8,0
49,Male,16.4,47.5,91.2,31.5,34.9,5.71,9.8,251.6,101.2,180.0,400.8,8.9,0
15,Male,16.4,47.3,91.4,31.0,34.8,5.41,6.1,212.4,100.5,180.5,400.6,8.6,0
16,Female,12.2,40.2,88.1,28.1,32.3,4.2,9.3,237.6,98.2,157.3,398.3,6.7,1
34,Female,14.1,42.3,90.4,30.9,35.4,5.4,4.5,179.1,100.0,159.0,401.2,9.2,0
3,Male,12.7,46.2,90.3,30.2,35.5,6.1,6.9,274.0,100.4,181.2,400.5,8.9,0
88,Female,14.6,42.8,91.3,31.1,34.2,5.4,8.5,219.7,101.1,159.7,401.2,9.1,0
21,Female,12.1,40.3,88.4,28.5,32.4,4.2,7.3,228.0,98.2,157.2,398.3,7.0,1
13,Female,13.8,43.3,91.3,31.3,35.2,5.13,8.4,249.1,101.1,159.0,400.7,8.5,0
19,Male,16.7,47.0,91.5,30.0,34.5,5.82,5.7,213.6,101.1,180.1,401.1,9.5,0
17,Female,14.1,42.7,90.1,30.8,34.7,5.4,7.8,308.9,100.9,160.0,400.2,9.9,0
19,Female,15.0,42.3,90.2,30.2,34.3,4.95,7.6,269.9,100.2,160.1,400.9,8.9,0
3,Male,13.5,47.2,90.0,30.5,34.9,5.81,7.4,286.7,100.1,181.4,401.4,8.6,0
76,Male,16.1,46.7,91.0,31.4,34.9,6.1,7.1,306.4,100.5,181.0,400.7,8.6,0
53,Female,13.8,42.8,91.5,30.4,35.0,5.06,6.2,238.5,101.3,159.5,400.3,9.6,0
11,Male,12.4,47.3,90.4,30.9,35.4,6.1,9.6,211.5,100.5,180.4,401.5,9.6,0
85,Male,16.6,46.2,90.9,31.3,34.7,6.1,6.6,261.6,101.1,181.4,400.9,8.8,0
15,Male,13.9,44.1,88.2,28.3,32.3,4.7,6.6,230.7,98.4,178.0,398.5,7.0,1
16,Male,16.0,46.4,90.4,30.8,35.1,6.1,7.2,235.4,101.2,180.4,401.0,9.1,0
48,Female,12.2,40.2,88.1,28.3,32.3,4.2,10.4,294.2,98.5,157.3,398.1,6.7,1
77,Female,14.1,42.9,90.6,30.3,35.1,5.4,7.2,299.2,100.4,160.3,400.4,9.5,0
49,Male,16.7,46.8,91.4,30.7,35.4,6.1,8.1,256.2,100.5,180.5,400.1,9.4,0
78,Male,13.8,44.4,88.4,28.3,32.4,4.7,8.9,297.6,98.5,178.2,398.1,6.7,1
17,Male,14.0,44.4,88.5,28.0,32.3,4.7,7.3,235.0,98.3,178.5,398.1,6.8,1
82,Male,16.1,46.8,90.1,30.8,35.4,6.1,9.1,397.1,100.4,181.5,400.4,9.2,0
26,Male,15.8,46.1,91.3,31.3,35.3,6.1,8.1,346.1,100.1,180.9,400.0,9.0,0
56,Male,13.5,44.1,88.1,28.1,32.0,4.7,8.1,247.8,98.5,178.3,398.1,6.5,1
54,Male,14.0,44.3,88.3,28.1,32.1,4.7,4.9,201.0,98.1,178.3,398.3,6.7,1
11,Female,12.4,41.9,91.4,29.0,33.1,5.37,4.6,209.0,98.7,159.4,401.1,9.9,1
7,Female,11.0,40.4,88.3,28.2,32.4,4.2,7.4,266.3,98.3,157.1,398.0,6.6,1
6,Male,11.0,44.1,88.1,28.0,32.5,4.7,7.7,204.9,98.5,178.4,398.2,6.9,1
46,Female,14.1,42.5,90.6,30.9,34.2,5.4,9.0,197.3,101.4,160.3,401.1,8.8,0
76,Male,15.7,46.3,91.2,30.4,34.7,5.63,8.7,295.5,100.5,181.2,400.4,9.5,0
16,Male,16.1,46.5,90.8,30.9,34.9,6.1,5.9,230.9,101.1,181.3,400.4,9.1,0
24,Female,13.0,43.3,90.2,31.2,33.1,3.67,7.6,306.6,100.6,159.2,399.6,7.9,0
1,Male,13.3,47.5,90.1,30.6,35.2,5.71,9.5,269.7,100.9,180.3,400.5,9.7,0
10,Male,11.0,44.1,88.5,28.5,32.5,4.7,6.2,299.5,98.4,178.5,398.1,6.6,1
56,Male,14.0,44.3,88.1,28.2,32.5,4.7,5.8,170.9,98.4,178.5,398.5,7.0,1
16,Female,14.9,42.4,91.0,30.3,34.2,5.34,9.1,220.6,100.7,159.1,401.0,9.2,0
74,Male,13.6,44.1,88.1,28.4,32.4,4.7,6.7,267.9,98.4,178.1,398.0,6.5,1
48,Female,12.8,41.4,89.2,30.8,33.5,3.64,5.4,252.6,101.0,158.5,400.0,9.7,0
4,Male,13.2,46.0,90.9,30.8,34.8,5.94,6.8,278.3,100.7,180.1,400.1,9.6,0
55,Female,13.8,42.0,89.3,28.9,33.4,5.72,4.8,313.2,99.4,157.5,398.6,8.4,0
14,Female,15.0,42.2,90.9,30.0,34.4,5.4,6.3,150.0,101.0,159.4,400.4,9.5,0
18,Male,14.0,44.4,88.4,28.2,32.4,4.7,9.2,250.9,98.3,178.0,398.2,6.8,1
3,Male,10.8,45.6,90.1,28.6,35.0,5.14,5.6,239.0,99.9,178.8,399.0,9.5,1
86,Female,12.8,41.3,91.5,29.0,33.6,5.29,6.9,262.9,99.1,158.7,399.0,10.0,0
85,Male,13.7,44.0,88.1,28.0,32.4,4.7,11.0,250.4,98.4,178.0,398.1,6.8,1
29,Male,13.7,44.4,88.1,28.2,32.2,4.7,8.6,284.1,98.3,178.3,398.1,6.9,1
5,Male,13.2,46.0,90.6,31.3,34.5,5.54,7.9,320.6,100.9,180.1,400.2,9.4,0
76,Male,13.6,44.4,88.2,28.5,32.5,4.7,7.3,260.7,98.3,178.4,398.3,6.9,1
49,Male,16.3,46.9,91.1,30.4,35.2,6.1,9.8,233.9,101.1,181.0,400.8,9.8,0
13,Male,16.7,46.4,91.1,30.4,34.6,6.1,6.0,182.2,100.5,180.2,400.7,9.1,0
7,Male,11.9,45.8,90.5,30.7,33.5,6.61,8.0,212.3,100.7,180.1,401.4,8.4,1
10,Male,11.0,44.1,88.0,28.5,32.2,4.7,9.4,272.9,98.1,178.3,398.2,6.7,1
17,Female,12.2,40.2,88.1,28.4,32.4,4.2,7.6,272.7,98.4,157.1,398.3,6.8,1
85,Male,17.0,45.0,90.2,29.8,33.6,6.1,6.6,202.1,99.7,179.5,401.4,9.0,1
36,Female,12.2,40.3,88.3,28.4,32.4,4.2,6.6,195.4,98.3,157.0,398.1,6.6,1
8,Male,13.2,46.1,91.1,30.5,34.0,6.1,6.5,257.8,101.3,180.0,400.4,9.6,0
55,Female,14.1,42.7,90.2,30.6,34.4,5.4,8.5,206.4,101.3,159.2,400.9,9.4,0
46,Male,16.6,47.5,91.2,31.3,35.1,6.1,8.1,241.0,100.1,181.1,401.1,10.0,0
22,Female,12.1,40.1,88.3,28.3,32.1,4.2,7.5,276.2,98.5,157.4,398.1,6.9,1
30,Female,12.0,40.2,88.5,28.3,32.3,4.2,7.9,160.4,98.3,157.2,398.4,6.7,1
19,Female,13.0,42.9,89.6,28.8,33.5,3.66,4.5,233.8,101.0,157.7,401.5,9.4,0
17,Male,15.7,46.6,90.1,30.1,34.6,5.86,6.7,283.3,101.1,180.8,401.1,8.9,0
25,Male,16.9,46.1,91.2,30.8,35.0,6.1,5.2,242.5,101.2,180.5,400.7,9.1,0
72,Female,14.1,42.5,90.7,31.3,35.0,5.06,7.0,302.5,100.3,159.8,400.3,9.1,0
62,Female,12.0,40.2,88.3,28.3,32.1,4.2,6.2,304.5,98.0,157.4,398.4,6.9,1
19,Male,13.7,44.4,88.4,28.3,32.3,4.7,7.1,242.2,98.5,178.1,398.5,7.0,1
18,Male,16.3,46.5,91.3,30.7,35.2,6.1,6.0,306.9,101.2,180.4,400.8,8.8,0
11,Male,11.0,44.1,88.3,28.0,32.1,4.7,8.7,242.2,98.2,178.0,398.3,6.5,1
17,Male,15.6,47.0,91.4,30.1,34.4,6.1,8.4,185.1,100.8,180.9,400.6,8.9,0
46,Male,16.0,47.4,91.5,31.4,35.1,6.1,8.5,367.0,101.1,180.6,401.0,8.7,0
19,Male,16.8,46.1,91.0,30.3,34.5,5.49,8.3,211.7,101.3,180.3,400.7,9.2,0
31,Male,14.1,45.2,88.7,31.5,32.9,6.34,9.1,175.1,100.1,178.7,401.2,9.7,0
11,Female,13.5,42.6,91.2,30.0,34.3,5.32,5.2,307.5,100.1,159.3,400.4,8.8,0
5,Male,12.3,46.7,90.8,30.1,35.2,6.08,4.5,304.6,100.6,180.8,400.2,8.8,0
19,Male,15.7,46.6,90.5,28.8,35.0,6.1,6.4,152.4,99.9,180.9,401.4,9.6,0
51,Female,13.8,42.1,91.3,31.1,35.2,5.4,9.9,150.0,100.4,160.1,401.2,9.9,0
15,Female,14.1,42.8,91.2,31.4,35.5,5.4,7.3,235.3,101.3,160.4,400.8,9.6,0
82,Female,12.1,40.2,88.2,28.1,32.3,4.2,6.4,220.1,98.0,157.3,398.0,6.8,1
32,Female,12.1,40.3,88.4,28.3,32.0,4.2,9.9,240.4,98.2,157.2,398.5,7.0,1
61,Male,13.5,44.2,88.2,28.3,32.2,4.7,8.6,224.8,98.2,178.3,398.3,6.9,1
18,Male,13.6,44.3,88.3,28.4,32.5,4.7,7.2,202.3,98.4,178.3,398.4,6.7,1
17,Female,12.0,40.3,88.3,28.2,32.1,4.2,5.3,222.9,98.2,157.4,398.3,6.9,1
61,Male,16.4,46.3,90.6,31.4,34.8,6.1,8.8,173.9,100.6,180.0,400.7,9.2,0
13,Female,12.0,40.2,88.1,28.1,32.1,4.2,8.9,278.4,98.0,157.1,398.2,7.0,1
50,Female,12.0,40.1,88.4,28.4,32.4,4.2,5.8,155.5,98.3,157.3,398.0,6.9,1
15,Female,12.2,40.3,88.2,28.5,32.0,4.2,4.5,249.3,98.4,157.0,398.1,6.9,1
46,Female,14.0,43.1,90.6,30.3,35.2,5.4,5.3,261.3,100.3,159.2,400.8,9.7,0
45,Male,15.3,46.8,88.8,28.7,32.8,3.91,7.7,238.2,100.6,179.5,399.1,9.2,0
47,Female,15.1,42.2,90.5,30.6,34.7,5.34,7.4,282.8,100.5,159.5,400.8,8.6,0
85,Male,13.8,44.5,88.3,28.3,32.4,4.7,4.5,243.2,98.3,178.4,398.0,6.6,1
68,Male,13.6,44.1,88.4,28.3,32.2,4.7,7.6,240.0,98.4,178.0,398.2,6.9,1
39,Male,13.6,44.4,88.2,28.3,32.2,4.7,5.6,374.4,98.0,178.3,398.3,6.6,1
62,Male,16.9,46.1,91.4,31.2,35.0,6.1,6.6,236.9,100.4,180.4,400.5,9.4,0
39,Male,15.5,46.8,91.1,30.9,35.1,6.1,8.4,277.6,101.0,180.6,400.7,9.6,0
13,Female,12.2,40.3,88.5,28.1,32.3,4.2,4.6,290.8,98.5,157.3,398.4,6.7,1
18,Female,14.9,42.3,91.2,31.1,34.3,5.29,5.5,289.5,100.3,160.1,401.3,8.6,0
86,Male,16.8,46.3,90.3,31.2,34.4,5.69,4.9,170.5,101.3,180.9,400.6,9.3,0
75,Female,12.1,40.3,88.1,28.1,32.2,4.2,9.6,221.2,98.4,157.0,398.0,6.8,1
24,Male,16.2,47.0,90.2,30.4,34.9,5.88,4.5,249.7,101.0,180.7,400.0,9.5,0
14,Male,13.6,44.1,88.0,28.1,32.5,4.7,6.5,150.0,98.4,178.4,398.5,6.6,1
14,Male,13.6,44.3,88.2,28.1,32.3,4.7,8.6,228.2,98.0,178.2,398.5,6.6,1
27,Male,16.1,47.2,91.1,30.9,33.0,6.19,7.7,225.4,99.5,178.9,400.7,8.4,1
2,Male,11.0,44.0,88.2,28.4,32.4,4.7,5.9,270.0,98.1,178.5,398.5,6.6,1
9,Female,11.0,40.3,88.1,28.3,32.5,4.2,9.3,273.1,98.1,157.4,398.0,6.8,1
8,Male,11.0,44.5,88.3,28.4,32.2,4.7,6.8,181.0,98.0,178.4,398.4,6.9,1
5,Female,11.0,40.1,88.0,28.1,32.4,4.2,7.4,360.8,98.2,157.2,398.1,7.0,1
3,Male,12.8,46.2,90.9,31.2,34.6,5.6,6.1,214.5,100.4,181.0,400.9,9.5,0
13,Female,14.5,42.5,91.4,30.8,35.2,5.4,6.6,190.3,100.6,159.5,400.0,9.7,0
7,Male,13.5,46.7,91.3,30.1,34.5,5.5,6.7,212.7,100.1,180.3,400.3,9.2,0
17,Male,16.9,46.9,90.9,29.0,33.5,6.18,5.6,348.2,100.5,179.3,398.7,9.5,0
17,Female,12.1,40.0,88.1,28.5,32.0,4.2,7.4,170.5,98.3,157.3,398.1,6.8,1
10,Female,12.2,42.0,90.9,29.8,34.0,5.62,9.3,307.7,101.4,157.7,399.2,8.9,1
71,Male,16.3,47.1,88.8,29.6,33.1,4.41,4.6,273.7,101.4,178.8,400.8,8.0,0
13,Male,14.0,44.5,88.3,28.1,32.2,4.7,5.7,222.7,98.1,178.3,398.3,7.0,1
14,Female,15.0,42.2,90.3,31.0,34.5,5.4,6.8,257.5,100.9,160.4,400.1,8.6,0
89,Female,12.8,40.8,90.9,30.8,33.8,3.53,4.5,226.1,100.7,159.2,398.9,7.5,1
19,Male,16.7,46.8,90.7,31.4,35.3,6.1,7.6,158.7,100.3,180.7,400.7,9.7,0
76,Male,13.7,44.1,88.1,28.3,32.2,4.7,5.8,264.3,98.0,178.4,398.4,6.7,1
43,Male,14.5,45.5,90.7,30.6,34.1,4.78,7.4,250.6,99.7,180.1,400.9,7.1,0
21,Female,12.2,40.3,88.4,28.3,32.3,4.2,8.2,232.2,98.2,157.1,398.4,6.7,1
90,Female,12.0,40.1,88.0,28.4,32.1,4.2,8.7,248.9,98.4,157.3,398.5,6.8,1
10,Male,11.0,44.2,88.0,28.4,32.2,4.7,7.4,234.6,98.4,178.2,398.3,6.8,1
35,Female,12.0,40.3,88.1,28.3,32.1,4.2,8.7,179.1,98.5,157.4,398.4,6.6,1
3,Female,12.4,42.5,90.2,30.2,35.0,5.12,8.3,269.9,101.0,159.2,400.9,9.1,0
43,Male,16.3,47.0,91.4,30.8,34.8,5.84,8.5,217.8,100.7,180.2,400.1,9.2,0
20,Male,13.6,44.5,88.0,28.4,32.5,4.7,6.4,267.9,98.0,178.3,398.3,6.6,1
59,Male,16.3,46.8,90.5,30.4,34.0,5.81,4.9,238.4,100.1,181.1,401.3,9.9,0
19,Female,12.5,41.8,91.2,30.7,33.9,5.51,7.3,235.7,100.9,159.8,400.1,7.1,0
8,Female,11.0,40.2,88.0,28.4,32.2,4.2,7.9,220.9,98.1,157.1,398.2,6.6,1
48,Male,14.3,45.4,91.3,30.3,33.1,6.29,7.2,294.0,99.8,179.6,399.0,7.2,1
6,Male,12.8,47.2,90.3,30.7,35.2,5.67,8.9,194.6,100.0,181.0,400.5,8.6,0
20,Female,14.7,42.1,91.4,30.7,34.3,5.26,6.5,298.9,100.8,160.4,401.0,9.5,0
45,Male,13.6,44.4,88.2,28.1,32.2,4.7,5.2,303.3,98.1,178.3,398.1,6.7,1
80,Male,13.9,44.4,88.0,28.5,32.1,4.7,6.5,262.5,98.5,178.5,398.3,6.6,1
90,Male,16.0,46.1,91.2,31.5,34.1,6.05,5.5,169.4,101.4,180.6,400.7,8.9,0
21,Male,13.7,44.2,88.2,28.1,32.0,4.7,6.4,218.7,98.2,178.3,398.1,7.0,1
13,Female,14.5,43.0,90.2,30.9,35.3,5.4,8.7,281.5,100.2,159.3,400.1,8.7,0
19,Female,12.1,40.4,88.2,28.0,32.2,4.2,6.1,332.7,98.2,157.4,398.5,6.9,1
27,Male,13.9,44.4,88.3,28.4,32.1,4.7,4.9,303.7,98.2,178.4,398.3,6.7,1
10,Female,13.2,42.4,91.5,30.4,34.3,5.4,7.8,238.8,100.7,159.6,400.9,8.6,0
5,Female,11.7,43.1,89.8,30.4,32.6,4.57,8.5,227.9,101.2,159.2,401.4,9.8,0
19,Male,13.9,44.4,88.1,28.3,32.5,4.7,7.2,266.9,98.3,178.5,398.2,6.6,1
77,Female,15.2,43.0,90.4,30.4,35.2,5.4,7.8,242.3,100.0,159.8,401.2,9.6,0
6,Female,11.0,40.4,88.3,28.3,32.4,4.2,7.3,203.3,98.2,157.2,398.2,6.9,1
76,Male,14.0,44.4,88.2,28.0,32.4,4.7,5.2,313.6,98.4,178.3,398.1,6.5,1
10,Male,11.0,44.5,88.2,28.2,32.2,4.7,6.3,216.0,98.5,178.4,398.1,6.8,1
6,Male,13.4,47.2,91.4,29.6,33.6,4.48,8.1,275.9,101.1,181.5,400.2,7.6,0
13,Male,15.0,45.5,91.5,29.9,33.2,6.06,6.0,319.1,100.9,181.1,401.0,7.2,0
22,Female,12.2,40.2,88.3,28.3,32.1,4.2,5.7,305.9,98.1,157.5,398.0,6.7,1
13,Male,14.8,44.6,88.7,30.9,35.0,5.24,8.0,211.1,98.9,178.9,398.7,7.2,1
9,Male,12.6,45.6,89.5,30.6,33.1,5.53,6.3,262.6,101.4,180.5,401.3,9.1,0
59,Female,12.0,40.2,88.1,28.4,32.2,4.2,7.8,257.0,98.5,157.2,398.4,7.0,1
10,Male,11.0,44.0,88.5,28.2,32.3,4.7,8.2,314.4,98.2,178.3,398.4,6.9,1
82,Female,12.2,40.1,88.0,28.5,32.1,4.2,10.5,175.9,98.3,157.3,398.1,6.8,1
8,Male,12.9,46.1,91.1,31.4,34.4,6.1,7.8,237.0,101.1,181.2,400.0,9.9,0
15,Male,16.1,46.5,90.6,30.9,35.5,6.1,6.2,227.8,100.1,180.8,400.8,8.8,0
52,Female,14.0,43.0,90.1,30.3,35.0,4.87,6.5,221.2,100.9,159.0,400.7,9.4,0
71,Male,13.9,44.0,88.2,28.3,32.4,4.7,5.8,210.4,98.2,178.2,398.4,6.5,1
78,Female,15.1,43.3,91.5,30.4,34.4,5.4,4.5,280.9,101.1,159.0,400.0,9.6,0
55,Female,14.4,43.5,91.4,30.5,34.5,5.16,6.8,189.9,100.5,160.1,400.4,9.6,0
63,Male,16.2,47.5,90.8,31.1,34.0,6.1,8.3,285.4,100.2,180.6,400.6,8.7,0
19,Male,13.5,44.5,88.3,28.0,32.0,4.7,7.0,271.6,98.2,178.5,398.5,6.9,1
6,Female,13.4,43.3,90.1,30.1,35.0,5.4,7.3,190.4,101.5,159.9,400.7,9.7,0
18,Male,16.2,46.0,90.6,30.9,35.4,6.1,7.3,315.5,100.1,180.5,400.9,9.9,0
16,Male,13.6,44.1,88.1,28.2,32.3,4.7,5.6,267.3,98.5,178.0,398.5,6.8,1
62,Male,13.8,44.2,88.2,28.4,32.1,4.7,8.4,268.0,98.5,178.2,398.4,7.0,1
19,Male,14.0,44.4,88.3,28.0,32.1,4.7,7.3,360.7,98.0,178.1,398.4,6.6,1
6,Female,11.0,40.5,88.4,28.4,32.0,4.2,6.4,252.2,98.1,157.5,398.2,7.0,1
19,Female,13.9,43.3,90.1,31.3,34.0,5.03,7.6,266.2,101.5,159.2,400.8,8.6,0
76,Male,17.0,46.2,91.1,30.2,35.3,6.1,7.7,373.8,100.3,180.2,400.8,8.6,0
31,Male,13.8,44.3,88.3,28.3,32.3,4.7,7.3,337.1,98.2,178.3,398.3,6.8,1
23,Male,13.7,44.4,88.2,28.1,32.4,4.7,6.9,150.0,98.2,178.3,398.1,6.9,1
65,Female,12.0,40.4,88.3,28.3,32.3,4.2,8.8,178.4,98.4,157.4,398.5,6.6,1
15,Male,13.6,44.4,88.2,28.3,32.3,4.7,7.7,357.7,98.0,178.1,398.2,6.7,1
7,Female,11.0,40.3,88.5,28.4,32.1,4.2,6.3,268.2,98.0,157.4,398.1,6.7,1
88,Male,16.4,46.7,90.3,31.2,34.4,6.1,4.7,318.6,100.1,180.3,401.3,9.7,0
64,Female,13.8,43.4,90.1,31.1,35.4,5.4,11.0,276.0,100.9,160.3,401.3,9.7,0
6,Female,13.5,42.2,90.4,30.4,34.1,5.4,6.1,315.8,100.0,159.0,400.3,9.2,0
17,Male,13.9,44.2,88.3,28.5,32.5,4.7,9.8,266.5,98.5,178.2,398.2,6.6,1
29,Male,14.0,44.5,88.1,28.3,32.1,4.7,8.6,283.6,98.2,178.0,398.2,6.8,1
14,Female,12.1,40.1,88.1,28.1,32.3,4.2,7.9,268.7,98.1,157.3,398.2,6.9,1
86,Male,13.8,44.4,88.1,28.1,32.3,4.7,4.5,223.0,98.4,178.3,398.2,6.9,1
47,Male,16.4,47.0,90.2,31.4,34.5,6.1,4.7,256.7,101.3,181.2,400.6,9.4,0
18,Male,16.0,46.3,91.3,30.6,34.6,5.65,8.4,235.0,100.5,181.4,401.4,8.7,0
3,Female,12.9,42.9,90.4,31.2,34.1,5.4,5.1,276.1,101.2,159.9,401.0,9.2,0
28,Male,13.9,44.4,88.2,28.3,32.3,4.7,5.6,226.4,98.2,178.3,398.4,6.5,1
12,Female,14.9,42.0,91.2,30.8,35.4,5.4,5.6,337.7,100.7,159.3,400.1,9.4,0
15,Male,16.4,46.8,91.0,30.2,34.8,5.83,5.7,218.8,100.0,180.4,401.0,8.8,0
9,Female,13.3,40.6,91.4,30.9,35.2,5.24,7.3,159.1,99.8,158.0,401.4,7.9,0
77,Male,13.6,44.4,88.1,28.3,32.1,4.7,9.4,256.7,98.1,178.2,398.3,6.6,1
73,Male,16.8,46.5,90.4,30.3,32.7,4.92,5.2,278.0,98.5,180.1,399.6,7.7,0
18,Male,13.9,44.4,88.4,28.5,32.4,4.7,9.8,298.3,98.5,178.4,398.4,6.8,1
33,Male,13.8,44.4,88.0,28.1,32.1,4.7,5.1,281.2,98.3,178.4,398.2,6.9,1
3,Female,11.0,40.2,88.1,28.4,32.4,4.2,4.5,302.2,98.5,157.0,398.1,6.8,1
59,Female,12.0,40.4,88.1,28.2,32.5,4.2,7.2,284.6,98.2,157.1,398.4,6.7,1
2,Male,11.0,44.0,88.0,28.5,32.3,4.7,5.5,223.0,98.2,178.3,398.3,6.6,1
85,Female,14.4,43.2,90.5,31.1,34.1,5.39,7.0,253.3,101.5,160.1,400.0,9.2,0
14,Female,12.0,40.5,88.4,28.1,32.5,4.2,4.5,266.4,98.4,157.1,398.0,6.5,1
30,Female,14.4,42.8,90.2,30.3,35.2,5.4,5.7,152.7,100.3,159.4,400.8,9.0,0
17,Female,12.0,40.4,88.4,28.4,32.4,4.2,6.6,264.6,98.4,157.4,398.4,6.9,1
68,Male,13.6,44.0,88.5,28.0,32.1,4.7,7.9,246.9,98.1,178.4,398.3,6.8,1
6,Female,11.0,40.3,88.4,28.2,32.1,4.2,7.7,274.5,98.4,157.1,398.1,6.8,1
61,Male,15.7,46.6,90.0,30.3,34.1,5.98,6.4,303.1,101.2,181.0,400.8,8.9,0
5,Female,11.0,40.4,88.0,28.1,32.2,4.2,7.7,213.6,98.0,157.2,398.4,6.5,1
15,Male,15.6,47.0,90.8,30.7,35.0,6.1,9.9,201.1,101.4,181.3,400.6,9.5,0
4,Female,12.8,43.4,90.5,30.6,35.1,5.4,7.4,225.2,100.7,159.2,400.4,8.6,0
2,Female,11.0,40.4,88.0,28.1,32.2,4.2,7.5,188.0,98.2,157.4,398.1,6.8,1
13,Male,13.7,44.1,88.1,28.4,32.3,4.7,5.0,312.0,98.4,178.1,398.1,6.5,1
48,Male,15.3,44.8,90.8,31.0,33.4,5.26,7.3,246.9,101.0,179.3,400.5,8.9,1
38,Male,16.4,46.1,91.3,30.8,34.1,6.1,8.7,248.4,101.3,181.2,400.1,8.9,0
52,Female,12.0,40.2,88.3,28.3,32.2,4.2,8.4,252.8,98.1,157.3,398.0,6.7,1
46,Male,13.9,44.2,88.2,28.0,32.1,4.7,7.0,192.3,98.1,178.1,398.3,6.8,1
5,Male,12.5,46.8,90.7,31.4,35.4,5.98,8.4,249.0,101.2,180.0,400.5,9.1,0
11,Female,11.0,40.3,88.1,28.3,32.3,4.2,8.7,220.2,98.1,157.1,398.0,6.9,1
49,Female,12.0,40.3,88.4,28.2,32.4,4.2,5.7,290.1,98.4,157.2,398.4,6.9,1
75,Female,12.0,40.2,88.1,28.3,32.4,4.2,6.2,270.8,98.2,157.4,398.2,6.5,1
59,Female,12.0,40.5,88.0,28.3,32.1,4.2,5.6,212.2,98.0,157.4,398.4,6.8,1
81,Male,16.4,45.7,89.7,29.3,35.0,6.35,10.9,258.4,99.2,178.9,399.5,9.3,0
12,Male,15.7,46.7,90.5,31.0,34.2,6.05,7.9,233.4,100.1,181.4,401.2,8.9,0
46,Male,14.4,47.5,90.5,29.4,34.5,4.72,5.6,289.2,101.4,180.1,400.9,9.1,1
60,Male,16.1,44.8,91.2,28.9,34.2,6.22,4.7,266.3,99.1,179.8,400.4,9.6,0
5,Male,11.0,44.2,88.5,28.2,32.1,4.7,8.7,174.9,98.2,178.0,398.1,6.5,1
90,Male,13.5,44.2,88.3,28.2,32.2,4.7,4.5,164.8,98.0,178.3,398.2,6.6,1
12,Male,13.6,44.3,88.2,28.3,32.2,4.7,6.4,283.6,98.1,178.5,398.4,6.7,1
79,Female,14.7,43.3,90.0,30.2,35.4,5.4,6.8,229.0,100.0,160.1,401.0,9.3,0
49,Female,12.0,40.4,88.2,28.0,32.5,4.2,7.4,181.8,98.2,157.1,398.4,6.6,1
84,Female,12.2,40.5,88.5,28.4,32.4,4.2,6.2,195.8,98.5,157.1,398.1,6.8,1
29,Female,12.0,40.2,88.1,28.0,32.5,4.2,8.5,227.7,98.0,157.4,398.2,6.6,1
37,Female,12.0,40.4,88.4,28.2,32.2,4.2,5.8,266.9,98.4,157.3,398.4,6.8,1
15,Male,14.9,47.5,90.5,29.6,34.3,4.98,11.0,335.2,100.8,179.8,401.3,7.3,0
90,Male,16.8,46.7,91.2,30.7,34.6,6.1,8.8,295.6,100.5,180.9,401.4,10.0,0
75,Male,16.1,46.8,91.2,31.0,34.6,6.1,6.7,238.4,100.5,180.3,400.9,8.6,0
69,Male,13.9,44.4,88.1,28.3,32.4,4.7,6.2,241.5,98.1,178.3,398.2,6.6,1
75,Female,12.0,40.1,88.1,28.1,32.4,4.2,8.4,291.8,98.0,157.5,398.1,6.7,1
88,Female,12.0,40.3,88.0,28.4,32.1,4.2,5.8,264.6,98.5,157.1,398.0,6.8,1
30,Female,12.0,40.3,88.4,28.5,32.4,4.2,6.8,336.2,98.2,157.4,398.0,6.9,1
64,Male,13.9,44.0,88.5,28.2,32.4,4.7,6.3,253.5,98.1,178.4,398.2,6.8,1
19,Female,13.9,43.5,90.2,30.1,35.3,4.74,6.3,187.1,99.4,159.0,401.1,7.0,0
14,Female,14.7,43.4,91.0,30.9,35.2,5.2,7.8,375.2,100.7,159.1,400.4,8.9,0
31,Male,14.0,44.1,88.4,28.5,32.4,4.7,7.2,259.5,98.2,178.3,398.4,6.6,1
0,Male,11.0,44.3,88.2,28.2,32.3,4.7,8.1,241.9,98.4,178.2,398.1,6.8,1
15,Male,13.6,44.3,88.2,28.0,32.2,4.7,7.4,198.8,98.2,178.1,398.4,6.7,1
5,Female,12.6,43.3,91.0,30.2,34.6,5.4,9.9,310.0,100.9,160.2,400.5,9.6,0
40,Female,14.3,42.3,90.7,30.4,34.3,5.4,7.0,209.8,100.6,159.8,400.5,9.4,0
25,Male,16.3,46.8,90.1,30.6,34.8,6.09,6.3,306.8,101.1,180.6,400.3,9.0,0
14,Male,16.0,46.3,90.9,30.8,35.5,6.1,5.7,352.0,100.7,181.0,400.2,9.0,0
13,Female,12.0,40.4,88.3,28.1,32.5,4.2,7.0,235.9,98.1,157.4,398.0,6.7,1
15,Female,13.2,41.2,89.9,30.2,32.6,6.02,5.4,229.9,99.1,158.4,399.6,9.7,1
14,Female,14.8,42.4,91.2,30.0,34.3,5.22,6.8,299.6,101.2,160.3,400.6,10.0,0
16,Female,12.1,40.3,88.5,28.1,32.5,4.2,8.8,251.2,98.3,157.5,398.5,6.8,1
13,Male,15.7,47.0,90.4,30.7,34.0,5.63,6.7,234.7,100.2,181.0,400.0,9.4,0
9,Male,11.4,47.3,91.4,28.5,35.2,6.56,9.1,238.2,101.3,179.4,399.9,7.4,0
76,Female,12.0,40.4,88.2,28.3,32.2,4.2,7.6,216.7,98.4,157.1,398.3,6.9,1
18,Male,13.7,44.0,88.3,28.1,32.3,4.7,6.6,247.8,98.4,178.3,398.2,6.8,1
11,Female,13.0,43.1,91.1,30.7,34.2,5.24,8.2,214.4,100.3,159.7,401.0,9.9,0
77,Female,14.4,43.3,90.6,31.3,35.3,5.4,8.3,227.0,101.3,159.1,400.5,9.8,0
44,Female,14.7,43.3,91.5,30.8,34.4,5.4,8.8,282.8,101.3,160.1,400.8,9.2,0
86,Male,15.5,46.7,90.9,31.4,34.9,5.64,4.5,270.7,100.7,180.3,400.8,8.7,0
16,Male,15.9,46.1,90.0,30.0,34.0,5.57,5.9,214.5,101.5,180.5,400.2,9.3,0
81,Male,13.6,44.5,88.0,28.3,32.3,4.7,6.2,244.1,98.2,178.4,398.0,6.5,1
0,Female,13.5,43.5,91.2,31.1,34.9,5.4,7.2,278.8,100.2,159.2,400.9,9.0,0
8,Male,12.4,46.3,91.0,31.3,35.2,6.1,6.5,219.4,100.5,180.4,400.8,9.3,0
61,Female,12.1,40.4,88.1,28.2,32.4,4.2,7.8,150.0,98.4,157.2,398.1,6.8,1
12,Female,13.7,41.7,89.0,29.6,33.0,4.62,9.8,186.4,99.3,158.1,400.6,9.4,0
81,Male,16.0,46.6,90.0,30.9,34.6,6.1,5.2,333.5,100.4,181.4,400.0,9.0,0
1,Male,11.0,44.1,88.3,28.1,32.0,4.7,8.7,317.1,98.5,178.2,398.2,6.7,1
45,Male,13.9,44.2,88.3,28.0,32.2,4.7,4.7,365.9,98.1,178.5,398.1,6.9,1
73,Male,13.6,44.2,88.4,28.2,32.5,4.7,6.0,217.8,98.3,178.2,398.1,6.8,1
24,Female,12.0,40.1,88.3,28.0,32.4,4.2,5.5,232.7,98.3,157.4,398.4,6.6,1
87,Female,14.0,43.0,90.2,30.9,34.0,5.4,7.5,259.2,100.7,160.3,401.2,8.9,0
10,Female,11.0,40.2,88.4,28.3,32.2,4.2,9.5,274.0,98.0,157.2,398.1,6.8,1
18,Female,14.5,42.8,90.5,30.5,34.6,5.4,7.4,226.3,101.4,160.1,400.3,8.6,0
12,Female,13.9,42.7,90.9,31.4,35.1,5.4,8.0,233.2,101.4,160.4,400.1,9.4,0
62,Male,16.1,46.9,91.2,31.3,35.0,6.1,6.8,276.5,101.2,181.4,400.7,9.6,0
7,Female,12.4,42.9,90.1,31.1,35.4,5.4,7.2,202.3,100.1,159.9,401.2,9.3,0
4,Male,11.0,44.2,88.3,28.4,32.3,4.7,6.1,253.1,98.4,178.3,398.3,6.6,1
74,Male,16.9,47.0,90.8,30.3,35.3,5.71,5.9,219.8,100.2,181.4,400.9,9.5,0
80,Male,16.4,47.4,91.2,30.8,34.3,6.08,8.3,274.8,101.4,180.9,400.8,8.5,0
4,Female,11.0,40.4,88.4,28.4,32.1,4.2,7.7,362.2,98.5,157.3,398.4,6.9,1
5,Female,10.8,42.2,91.3,29.0,32.5,5.64,6.9,256.3,101.2,158.9,400.9,7.9,0
6,Male,12.4,47.1,90.8,30.1,34.7,6.1,7.7,295.2,100.7,180.6,401.0,9.3,0
84,Female,14.5,42.2,90.3,31.1,35.5,5.4,9.5,230.5,100.2,160.1,400.8,9.7,0
68,Male,16.3,46.1,90.9,31.5,35.4,6.1,7.3,178.8,100.3,181.3,401.2,9.6,0
11,Female,11.0,40.4,88.0,28.2,32.2,4.2,5.7,168.8,98.0,157.0,398.3,6.6,1
9,Female,12.8,43.4,91.0,31.3,34.2,4.91,6.4,157.2,100.6,160.1,400.5,9.3,0
67,Female,15.0,43.4,90.7,30.8,34.6,5.4,7.7,317.9,100.0,159.7,400.2,9.8,0
60,Male,16.7,46.0,91.0,30.1,34.4,6.1,7.1,159.5,101.4,180.1,401.2,8.6,0
5,Male,13.2,46.8,90.3,30.3,34.3,5.68,6.0,309.5,100.1,181.5,401.3,9.9,0
81,Female,13.9,42.4,90.3,30.9,35.3,5.0,6.2,270.2,100.3,160.4,400.0,8.8,0
19,Male,13.8,44.4,88.3,28.1,32.4,4.7,6.5,233.6,98.0,178.1,398.3,6.8,1
75,Female,14.8,42.2,90.7,31.1,35.4,5.4,6.5,296.3,101.4,160.0,401.3,8.6,0
79,Male,16.6,46.6,90.5,31.4,34.4,6.0,4.9,218.9,100.3,180.5,401.3,9.7,0
67,Female,15.2,42.3,90.5,31.1,34.2,5.06,6.5,290.1,101.0,160.3,401.5,8.8,0
3,Male,12.8,46.6,90.7,30.9,35.4,5.76,6.7,236.2,101.3,181.0,400.4,9.7,0
49,Male,13.8,44.3,88.4,28.0,32.3,4.7,9.4,273.9,98.4,178.1,398.2,7.0,1
75,Female,14.3,42.9,90.9,30.9,34.7,5.4,6.8,315.8,100.8,160.5,400.3,9.6,0
18,Male,16.7,47.4,91.3,30.3,34.7,5.92,4.5,189.6,101.2,180.7,400.8,10.0,0
25,Female,13.2,41.6,88.8,28.9,32.9,5.32,6.2,302.5,100.0,159.9,398.9,7.5,0
63,Female,12.0,40.4,88.0,28.2,32.3,4.2,5.9,276.0,98.4,157.4,398.1,6.8,1
64,Female,14.8,43.4,90.2,31.3,35.1,5.05,8.2,268.0,101.2,160.1,400.2,8.8,0
9,Female,11.0,40.2,88.2,28.4,32.5,4.2,7.4,216.9,98.5,157.4,398.0,7.0,1
71,Female,12.0,40.1,88.4,28.1,32.4,4.2,6.5,297.9,98.1,157.1,398.2,6.6,1
15,Male,16.7,46.5,91.5,31.1,34.1,5.45,7.8,211.6,100.3,180.8,400.1,9.9,0
79,Male,14.8,45.8,88.9,28.8,33.8,5.02,5.9,282.9,101.1,179.4,400.2,7.8,0
40,Male,13.9,44.2,88.4,28.4,32.3,4.7,8.3,259.4,98.3,178.4,398.2,6.6,1
59,Male,15.7,46.2,90.2,30.1,34.8,6.1,8.9,345.1,101.0,180.5,400.5,9.0,0
57,Male,16.7,47.2,90.3,31.0,34.3,6.1,6.7,213.7,101.2,181.3,401.1,9.8,0
66,Male,14.5,47.2,90.6,28.8,33.5,6.31,7.6,277.7,99.9,181.5,398.5,7.3,0
8,Female,12.8,43.3,90.8,31.0,34.7,5.4,6.3,289.8,100.1,160.3,401.2,9.0,0
86,Male,16.6,46.9,89.5,28.9,33.3,6.59,8.0,241.1,99.7,181.5,399.4,8.3,1
61,Female,14.3,42.2,90.2,31.5,34.9,5.06,5.8,180.1,100.1,159.2,401.1,9.7,0
78,Female,12.0,40.4,88.3,28.1,32.1,4.2,7.2,286.5,98.4,157.1,398.2,6.8,1
60,Female,14.0,43.4,91.1,31.1,35.0,4.95,10.2,225.8,100.3,160.0,401.2,8.9,0
8,Male,11.0,44.2,88.4,28.4,32.5,4.7,7.9,247.0,98.2,178.3,398.4,7.0,1
75,Female,14.9,43.1,91.4,30.7,34.7,5.4,8.4,180.2,101.2,159.2,401.5,9.5,0
13,Female,12.2,40.4,88.2,28.2,32.1,4.2,4.9,284.3,98.5,157.4,398.4,6.6,1
1,Male,12.4,46.1,91.4,30.8,34.9,6.1,7.3,236.4,101.1,180.5,400.5,9.8,0
5,Female,12.7,41.5,91.2,29.7,34.7,4.12,5.5,222.4,99.2,157.8,400.4,9.5,0
40,Female,12.0,40.3,88.0,28.1,32.4,4.2,8.8,258.2,98.2,157.1,398.4,6.7,1
16,Male,16.9,46.7,90.2,30.7,34.6,6.1,6.5,247.9,101.5,180.8,400.7,9.9,0
3,Male,13.5,46.6,90.6,31.2,34.5,6.1,6.7,304.9,101.1,181.1,400.2,9.9,0
70,Female,13.7,42.3,90.3,29.4,34.7,5.35,8.6,205.2,100.7,160.0,399.8,9.8,0
4,Male,11.0,44.1,88.2,28.2,32.2,4.7,8.6,307.5,98.2,178.2,398.2,7.0,1
13,Female,12.1,40.1,88.5,28.1,32.2,4.2,5.2,203.6,98.2,157.4,398.4,6.7,1
53,Female,14.7,43.1,90.7,29.6,35.4,5.75,7.3,260.3,100.7,159.0,399.8,9.3,0
6,Male,11.0,44.3,88.2,28.4,32.1,4.7,8.0,254.2,98.0,178.4,398.1,6.6,1
16,Female,12.0,40.2,88.4,28.2,32.1,4.2,6.4,321.6,98.3,157.2,398.1,6.8,1
72,Male,14.0,44.5,88.2,28.2,32.2,4.7,7.0,241.3,98.0,178.2,398.0,6.8,1
18,Female,13.9,42.4,90.7,30.9,34.5,5.4,7.5,182.9,100.6,160.3,400.6,9.2,0
18,Female,14.3,43.0,91.2,31.3,35.2,5.4,5.5,334.6,101.0,160.3,400.5,8.9,0
72,Female,12.1,40.1,88.3,28.3,32.3,4.2,8.5,237.5,98.2,157.1,398.4,6.5,1
0,Male,11.0,44.3,88.1,28.4,32.4,4.7,8.1,238.7,98.3,178.1,398.4,6.8,1
13,Female,14.0,42.3,90.1,31.3,34.2,5.4,5.2,275.1,101.5,159.5,401.4,9.9,0
47,Female,12.0,40.4,88.2,28.3,32.3,4.2,5.1,251.3,98.4,157.1,398.5,6.9,1
14,Female,12.2,40.1,88.0,28.1,32.2,4.2,8.5,315.0,98.3,157.4,398.3,6.6,1
67,Male,14.0,44.1,88.3,28.4,32.4,4.7,7.3,241.1,98.3,178.3,398.2,6.9,1
90,Female,14.1,43.0,90.7,30.2,34.5,4.89,6.3,239.9,101.4,159.2,401.2,9.9,0
45,Male,16.0,46.5,91.1,30.9,34.1,6.1,6.2,281.5,100.8,180.3,400.4,9.4,0
5,Male,11.8,45.9,91.0,30.0,34.6,4.52,6.0,265.6,100.3,180.1,399.8,9.5,1
86,Male,16.1,47.4,90.3,30.5,35.1,6.1,6.7,288.3,100.8,180.7,401.4,9.7,0
62,Female,14.0,42.3,90.9,30.9,35.2,5.4,5.1,245.4,101.1,159.0,400.6,8.8,0
19,Male,16.6,46.9,91.2,30.5,35.3,6.1,7.3,314.8,100.3,180.8,400.6,9.5,0
71,Male,14.9,47.3,89.8,31.5,32.9,5.49,5.6,305.6,98.9,180.3,400.2,8.0,0
49,Male,13.6,44.1,88.0,28.1,32.0,4.7,7.3,251.6,98.4,178.1,398.4,6.5,1
79,Male,13.6,44.2,88.5,28.3,32.1,4.7,9.4,190.5,98.1,178.2,398.3,6.6,1
65,Female,13.7,42.6,90.2,30.4,35.3,5.16,4.5,312.8,99.5,159.1,398.5,8.7,0
64,Female,13.7,40.6,90.4,31.5,34.5,5.14,4.5,307.2,99.4,159.7,399.4,9.7,1
49,Female,13.2,42.2,89.4,29.7,32.7,4.63,6.7,194.8,100.8,158.2,399.2,9.1,0
26,Male,16.4,46.1,90.7,30.9,34.6,5.43,6.0,304.9,100.7,180.6,400.5,8.5,0
18,Male,16.9,46.8,91.2,30.5,34.2,6.1,7.0,238.0,100.3,180.9,401.5,9.2,0
78,Female,15.0,43.0,90.4,30.5,34.7,5.4,7.5,295.5,101.1,159.4,401.1,9.4,0
22,Male,13.9,44.1,88.2,28.1,32.1,4.7,7.4,289.5,98.3,178.5,398.4,6.5,1
6,Male,11.0,44.3,88.1,28.0,32.3,4.7,5.9,283.9,98.5,178.3,398.2,6.7,1
40,Male,13.8,44.4,88.2,28.0,32.0,4.7,6.2,226.5,98.1,178.1,398.0,6.9,1
15,Male,16.0,47.4,90.4,31.5,35.0,6.1,4.8,286.7,100.4,180.2,400.2,9.0,0
0,Male,12.8,46.2,91.2,31.1,34.3,5.95,7.4,208.8,100.2,181.5,401.2,9.1,0
41,Female,12.2,40.0,88.2,28.1,32.3,4.2,6.2,221.2,98.2,157.3,398.3,6.5,1
1,Male,13.1,44.8,89.1,28.9,32.7,5.23,6.3,286.1,99.2,180.8,399.3,8.8,1
67,Male,14.0,44.1,88.1,28.3,32.0,4.7,8.2,217.8,98.3,178.1,398.3,6.9,1
46,Male,13.8,44.0,88.4,28.1,32.1,4.7,6.3,242.0,98.1,178.4,398.1,6.9,1
57,Male,16.6,46.1,90.6,31.0,34.2,5.89,7.3,223.1,101.5,181.2,401.5,9.8,0
16,Male,13.7,44.4,88.1,28.1,32.3,4.7,8.3,175.6,98.0,178.4,398.3,6.6,1
41,Female,12.0,40.4,88.1,28.5,32.2,4.2,6.3,213.7,98.5,157.4,398.1,6.6,1
16,Female,13.1,42.2,90.5,31.5,34.0,6.0,8.8,179.8,100.9,160.3,399.9,9.6,1
73,Male,13.9,44.4,88.4,28.4,32.5,4.7,7.8,220.7,98.5,178.4,398.3,6.6,1
76,Male,16.4,47.5,90.9,30.7,34.8,6.1,9.4,310.6,101.5,180.9,400.6,9.5,0
17,Male,16.2,47.3,91.4,30.0,34.1,6.1,8.0,230.8,100.6,180.2,400.1,8.7,0
84,Female,13.3,43.5,91.2,30.4,34.0,5.43,9.3,283.9,100.8,158.7,401.3,7.5,0
62,Female,14.8,43.4,90.7,31.1,34.2,5.29,7.5,214.6,101.4,160.3,400.5,8.9,0
13,Male,13.5,44.3,88.4,28.5,32.1,4.7,5.3,385.9,98.4,178.1,398.2,6.7,1
16,Female,14.2,42.9,91.2,30.2,35.0,4.85,7.4,223.7,100.2,159.7,400.4,9.1,0
73,Male,16.7,46.2,91.2,30.6,34.0,5.49,5.4,323.7,101.3,181.1,400.0,9.5,0
5,Male,12.6,46.9,91.3,29.9,33.3,5.94,7.7,267.9,100.9,181.2,399.3,8.9,1
78,Female,12.2,40.2,88.3,28.1,32.3,4.2,5.2,268.3,98.2,157.1,398.4,6.6,1
9,Female,11.0,40.2,88.1,28.3,32.2,4.2,7.1,339.1,98.5,157.1,398.2,6.9,1
2,Female,11.0,40.1,88.0,28.2,32.5,4.2,5.7,290.0,98.4,157.3,398.3,6.9,1
3,Female,13.5,43.4,91.0,31.3,34.4,5.4,7.2,234.6,101.5,160.3,400.8,9.7,0
58,Male,13.6,44.2,88.0,28.1,32.2,4.7,4.5,285.0,98.2,178.0,398.4,6.6,1
81,Female,14.1,41.9,91.0,28.7,33.8,4.2,8.2,206.6,99.1,158.6,401.2,9.3,1
29,Male,16.2,46.7,91.0,30.4,35.1,5.63,9.5,195.0,101.2,181.2,401.1,9.0,0
80,Male,15.9,47.0,90.3,31.2,35.0,6.1,6.7,287.7,100.4,181.0,400.9,9.0,0
50,Female,12.4,43.4,89.5,31.5,34.2,4.23,8.1,212.6,98.7,159.8,400.4,8.0,0
69,Female,14.5,43.0,90.3,31.0,34.9,5.07,9.9,223.0,101.4,159.2,400.0,8.7,0
16,Female,12.0,40.3,88.5,28.3,32.4,4.2,7.5,251.2,98.3,157.3,398.4,6.7,1
32,Male,13.9,44.5,88.5,28.2,32.4,4.7,7.7,322.7,98.3,178.4,398.1,6.5,1
62,Female,12.3,42.6,90.7,30.9,34.0,4.3,8.8,289.2,100.8,159.1,399.3,7.3,1
6,Male,13.5,46.9,90.5,30.5,35.1,6.1,7.4,267.3,101.0,180.1,400.2,9.8,0
45,Female,12.2,40.2,88.4,28.5,32.5,4.2,6.2,300.6,98.2,157.3,398.4,6.9,1
59,Female,14.1,42.4,91.3,31.2,35.3,5.4,9.2,267.7,100.4,160.2,400.0,9.7,0
45,Male,13.8,44.3,88.4,28.2,32.5,4.7,7.4,282.6,98.5,178.2,398.4,6.8,1
75,Female,12.1,40.2,88.4,28.2,32.0,4.2,8.2,193.3,98.1,157.0,398.0,7.0,1
4,Male,11.6,45.8,89.3,29.1,35.4,5.87,5.2,317.7,100.0,180.9,398.8,8.9,0
33,Male,15.5,46.5,89.3,30.3,33.9,6.47,6.2,218.7,99.8,179.6,399.3,7.9,1
6,Male,13.0,46.4,90.4,30.6,34.0,5.88,6.0,195.9,100.2,181.3,400.9,9.5,0
18,Male,14.0,44.3,88.5,28.2,32.2,4.7,5.3,165.6,98.4,178.3,398.4,6.6,1
18,Female,15.2,42.3,91.0,31.4,34.4,5.4,7.7,244.5,101.5,159.3,401.2,8.8,0
63,Female,15.1,42.9,91.4,30.5,35.0,5.23,6.3,226.4,101.3,160.2,401.5,8.6,0
1,Male,11.0,44.2,88.0,28.2,32.1,4.7,6.7,331.8,98.3,178.2,398.0,6.7,1
15,Male,13.6,44.5,88.1,28.4,32.3,4.7,7.8,264.1,98.5,178.3,398.4,6.5,1
54,Female,14.4,42.7,90.8,30.6,34.4,5.4,6.8,323.3,101.0,159.8,400.1,9.1,0
17,Female,12.0,40.2,88.5,28.2,32.4,4.2,7.1,394.1,98.1,157.3,398.3,6.6,1
34,Female,14.4,43.5,90.2,30.8,34.3,5.4,6.1,309.8,101.4,159.6,400.1,9.5,0
10,Male,12.8,47.2,90.2,31.4,35.1,6.1,5.4,321.0,101.4,180.4,400.5,9.6,0
77,Female,14.9,43.3,90.8,30.3,35.3,5.4,8.1,310.3,100.1,159.3,400.4,8.9,0
43,Male,16.3,47.4,91.0,29.6,33.5,5.3,6.8,219.5,98.6,179.0,399.4,8.9,0
82,Female,13.4,43.5,90.4,30.0,34.1,4.33,6.4,283.4,101.3,157.7,399.4,9.8,0
13,Female,14.3,42.5,91.3,30.2,34.2,5.4,6.3,230.7,100.8,159.1,400.9,9.2,0
16,Female,12.0,40.2,88.2,28.0,32.4,4.2,8.4,203.0,98.3,157.2,398.0,6.9,1
75,Male,14.0,44.1,88.2,28.2,32.2,4.7,8.1,279.9,98.5,178.5,398.4,6.8,1
8,Male,12.9,47.2,89.1,30.5,32.5,4.62,10.9,413.0,99.7,178.7,400.8,9.2,0
33,Female,12.1,40.1,88.3,28.1,32.1,4.2,6.8,291.9,98.4,157.3,398.4,7.0,1
87,Female,12.0,40.4,88.2,28.4,32.2,4.2,7.7,196.0,98.2,157.2,398.0,6.8,1
83,Male,15.1,47.2,89.1,30.3,35.3,4.55,6.6,150.0,98.8,179.8,401.5,10.0,0
45,Female,13.8,42.3,88.9,29.8,33.4,5.56,6.7,230.6,98.8,158.9,399.1,7.3,0
39,Female,12.2,40.0,88.4,28.3,32.4,4.2,7.6,200.8,98.3,157.3,398.5,6.6,1
15,Male,14.0,44.1,88.4,28.5,32.0,4.7,8.9,237.3,98.0,178.3,398.4,6.6,1
13,Male,13.6,44.1,88.3,28.1,32.2,4.7,9.9,249.8,98.4,178.4,398.3,6.6,1
18,Female,12.0,40.3,88.3,28.5,32.4,4.2,9.1,307.7,98.4,157.5,398.0,6.5,1
40,Female,12.2,40.3,88.1,28.2,32.1,4.2,8.2,247.1,98.0,157.4,398.3,6.7,1
19,Female,14.1,42.4,90.7,30.5,34.8,5.32,6.2,244.0,100.4,159.2,400.5,9.5,0
2,Male,12.4,47.4,90.8,30.6,35.2,6.1,8.9,196.4,101.2,181.0,400.2,9.8,0
18,Female,12.1,40.5,88.0,28.1,32.1,4.2,7.7,349.7,98.1,157.3,398.2,6.7,1
71,Male,16.2,47.4,90.0,31.1,34.6,6.1,5.7,219.9,100.3,181.1,400.4,9.2,0
4,Female,11.0,40.3,88.3,28.3,32.2,4.2,8.5,263.6,98.3,157.1,398.2,6.8,1
46,Female,14.7,42.1,90.5,31.4,35.3,5.4,7.3,215.4,100.0,160.0,401.1,9.2,0
1,Female,12.7,42.2,90.3,31.4,34.7,5.4,8.4,336.6,100.9,159.2,400.5,9.7,0
53,Male,16.9,46.3,90.7,31.3,34.1,5.48,8.0,185.6,100.4,180.3,400.7,9.4,0
11,Female,11.0,40.0,88.4,28.1,32.3,4.2,8.3,229.1,98.2,157.3,398.2,6.6,1
85,Male,15.8,46.8,90.6,31.4,34.6,6.1,9.1,164.8,100.6,180.6,400.2,9.4,0
74,Male,13.9,44.1,88.2,28.1,32.1,4.7,6.5,258.2,98.4,178.3,398.4,6.8,1
31,Female,12.0,40.4,88.3,28.1,32.2,4.2,8.0,223.7,98.3,157.2,398.5,6.9,1
69,Male,15.9,46.8,90.8,30.5,34.7,5.82,8.5,287.3,100.4,180.6,400.1,8.9,0
84,Female,14.5,42.9,90.2,28.7,35.2,3.69,7.7,223.3,98.7,159.0,399.3,8.0,1
72,Male,13.5,44.2,88.1,28.3,32.3,4.7,7.7,227.1,98.0,178.3,398.1,6.8,1
61,Female,12.1,40.1,88.4,28.3,32.3,4.2,8.8,157.6,98.4,157.4,398.4,6.8,1
17,Male,15.8,46.2,90.8,30.9,35.1,6.1,5.5,188.9,101.0,180.5,400.3,9.1,0
11,Male,12.4,46.7,90.5,31.2,34.1,6.03,9.6,233.9,100.9,181.0,401.2,9.8,0
10,Female,12.3,42.3,91.3,31.3,34.6,4.44,4.6,207.2,99.5,157.7,399.1,9.1,1
19,Male,16.6,47.3,90.6,30.8,34.3,6.1,7.0,234.4,101.0,181.4,400.6,9.6,0
16,Female,12.0,40.4,88.1,28.3,32.1,4.2,8.9,319.5,98.3,157.3,398.4,6.8,1
2,Female,11.0,40.1,88.2,28.0,32.4,4.2,6.7,282.8,98.4,157.2,398.1,6.8,1
45,Male,13.7,44.3,88.3,28.5,32.1,4.7,7.5,222.1,98.1,178.3,398.4,6.9,1
62,Male,13.6,44.0,88.0,28.0,32.1,4.7,8.0,183.6,98.1,178.3,398.4,6.7,1
10,Male,11.4,44.8,88.8,29.5,32.9,3.93,5.9,212.4,98.9,179.7,401.4,9.7,1
83,Female,14.6,42.8,91.5,31.2,34.9,5.4,8.3,205.3,101.5,159.2,401.0,9.3,0
67,Male,15.0,45.9,90.0,29.9,33.7,4.95,6.6,305.7,98.9,179.1,400.6,10.0,0
35,Male,16.2,47.0,90.7,30.7,34.0,5.66,9.0,247.6,100.4,180.8,400.5,8.7,0
77,Female,12.0,40.3,88.1,28.3,32.3,4.2,8.1,259.0,98.3,157.1,398.5,6.6,1
11,Female,11.1,42.0,89.3,31.1,33.0,5.26,4.7,266.5,99.1,158.2,399.5,9.5,0
14,Male,16.1,46.3,90.5,30.4,34.3,6.1,6.5,168.6,100.6,181.5,400.6,8.6,0
14,Male,16.5,47.4,90.8,31.2,34.1,5.72,6.4,250.1,100.4,180.8,400.0,8.9,0
9,Female,11.0,40.1,88.1,28.3,32.2,4.2,8.9,247.4,98.1,157.5,398.3,6.8,1
26,Male,16.8,47.3,90.5,30.9,34.7,6.1,7.8,225.8,101.1,181.4,400.9,8.6,0
7,Female,11.0,40.2,88.1,28.4,32.0,4.2,9.3,277.3,98.2,157.4,398.2,6.8,1
19,Male,14.9,45.1,90.4,29.9,32.8,4.21,6.0,237.3,99.6,179.1,399.6,8.5,1
5,Male,11.0,44.3,88.3,28.4,32.0,4.7,5.3,312.6,98.2,178.4,398.3,6.9,1
85,Female,12.1,40.4,88.2,28.2,32.1,4.2,7.3,169.0,98.1,157.3,398.1,6.8,1
60,Male,13.8,44.1,88.5,28.3,32.1,4.7,5.7,233.9,98.1,178.3,398.0,6.5,1
13,Male,13.9,44.1,88.3,28.3,32.4,4.7,7.9,232.2,98.5,178.1,398.3,6.7,1
55,Female,14.7,42.9,90.9,30.9,33.5,6.15,8.0,208.8,100.5,159.7,400.4,7.9,0
17,Male,15.9,46.2,90.8,30.9,34.5,6.1,9.1,182.7,101.4,180.2,400.6,8.7,0
4,Female,11.0,40.1,88.0,28.3,32.4,4.2,6.3,235.0,98.4,157.3,398.4,6.9,1
19,Male,16.2,46.0,90.1,30.8,35.1,5.72,8.3,280.2,100.6,181.1,400.6,9.5,0
16,Male,16.9,46.2,90.1,30.8,34.4,6.1,6.9,165.8,100.8,180.4,400.9,9.2,0
14,Male,13.8,44.5,88.3,28.4,32.3,4.7,9.8,334.5,98.4,178.2,398.5,6.9,1
85,Male,16.8,47.0,91.3,30.7,35.1,6.1,10.3,267.2,101.3,180.6,400.6,9.3,0
60,Female,14.1,43.1,91.3,31.1,34.8,4.95,6.9,253.7,100.6,159.1,401.1,9.3,0
18,Female,12.0,40.2,88.3,28.4,32.2,4.2,5.2,258.9,98.3,157.4,398.3,6.8,1
9,Male,13.0,47.0,90.1,30.4,35.2,6.09,4.5,326.7,100.1,180.2,400.7,8.8,0
8,Female,11.9,43.4,90.1,28.5,34.8,6.11,5.7,297.7,101.1,159.3,400.0,7.6,1
10,Male,11.0,44.0,88.3,28.2,32.1,4.7,8.1,235.8,98.3,178.3,398.0,6.8,1
38,Female,12.0,40.1,88.1,28.3,32.1,4.2,6.5,184.9,98.4,157.3,398.2,6.7,1
14,Female,12.0,40.5,88.2,28.4,32.3,4.2,6.2,259.5,98.5,157.4,398.1,6.6,1
70,Female,12.1,40.1,88.5,28.1,32.0,4.2,6.4,150.0,98.0,157.1,398.5,6.9,1
28,Female,15.0,42.2,90.3,30.3,35.2,5.4,7.8,253.8,101.1,159.8,400.9,9.8,0
37,Female,12.0,40.4,88.0,28.3,32.4,4.2,6.5,255.5,98.4,157.4,398.3,6.7,1
13,Male,16.1,45.4,88.6,30.3,33.5,4.73,5.3,318.3,101.4,181.2,398.6,7.3,1
34,Male,16.0,46.3,90.7,30.1,35.1,6.1,4.5,248.3,101.4,180.1,401.3,9.1,0
80,Female,14.8,42.1,91.0,28.5,34.8,5.11,8.3,298.2,98.9,160.0,398.6,8.4,1
18,Male,15.4,46.5,88.6,29.3,35.0,4.29,7.7,305.9,100.9,178.7,400.6,9.3,0
16,Female,12.0,40.1,88.1,28.3,32.5,4.2,8.1,223.0,98.4,157.0,398.1,6.7,1
85,Male,13.8,44.3,88.3,28.4,32.2,4.7,8.5,150.0,98.1,178.4,398.2,6.7,1
55,Female,12.1,40.4,88.3,28.2,32.4,4.2,8.1,216.3,98.1,157.1,398.4,6.9,1
9,Female,13.4,43.2,90.2,29.0,32.9,5.61,4.7,225.7,100.5,159.8,401.2,7.1,0
11,Male,11.0,44.4,88.0,28.2,32.3,4.7,6.5,329.5,98.4,178.3,398.4,6.9,1
3,Male,11.0,44.4,88.3,28.3,32.4,4.7,8.8,296.3,98.2,178.5,398.2,6.5,1
9,Female,11.0,40.2,88.4,28.0,32.3,4.2,6.5,190.4,98.4,157.3,398.2,6.8,1
78,Male,13.8,44.5,88.4,28.4,32.0,4.7,6.8,198.2,98.2,178.1,398.1,6.8,1
44,Male,16.5,47.3,90.5,30.1,35.5,5.8,6.5,204.3,101.1,180.4,400.9,9.1,0
18,Male,14.0,44.4,88.0,28.3,32.4,4.7,5.8,320.2,98.1,178.2,398.5,7.0,1
56,Male,13.6,44.1,88.2,28.2,32.3,4.7,7.3,267.5,98.2,178.4,398.3,7.0,1
68,Male,13.9,44.1,88.1,28.0,32.3,4.7,7.5,202.3,98.1,178.1,398.1,6.7,1
34,Female,13.2,41.5,89.1,30.2,35.3,4.32,8.5,276.2,101.4,159.9,398.8,7.2,0
60,Male,13.6,44.1,88.5,28.1,32.5,4.7,7.9,332.4,98.0,178.3,398.4,6.9,1
86,Female,14.1,42.6,90.1,30.2,34.3,5.25,7.9,264.2,100.4,159.2,400.4,9.8,0
6,Male,11.0,44.3,88.4,28.3,32.2,4.7,8.5,212.4,98.1,178.1,398.4,7.0,1
34,Female,12.0,40.3,88.2,28.1,32.1,4.2,7.1,313.3,98.3,157.1,398.3,6.9,1
17,Male,16.6,46.5,90.5,30.1,35.0,6.1,9.0,201.4,100.8,180.7,400.8,9.5,0
48,Male,14.9,44.6,89.7,29.9,33.7,4.73,7.0,307.8,100.9,179.5,399.4,9.4,1
50,Male,15.6,45.9,89.4,29.6,34.6,5.79,8.9,272.0,100.1,179.4,400.3,9.3,0
75,Male,15.8,46.6,90.2,30.9,35.1,6.1,8.0,181.5,100.8,180.3,400.6,9.2,0
17,Male,16.3,45.8,91.1,29.9,34.1,5.66,4.8,207.0,100.5,179.0,400.0,8.0,1
34,Male,13.5,44.4,88.1,28.1,32.2,4.7,4.6,290.7,98.2,178.3,398.4,7.0,1
58,Male,14.0,44.0,88.2,28.2,32.1,4.7,6.6,269.5,98.2,178.3,398.2,7.0,1
17,Male,16.2,47.0,90.3,29.6,33.1,5.93,4.5,189.5,99.9,181.0,400.4,8.7,0
16,Male,15.7,46.2,90.1,31.1,35.1,5.49,5.8,256.0,101.4,181.4,401.0,9.9,0
38,Male,13.9,44.4,88.3,28.2,32.1,4.7,4.5,210.0,98.4,178.2,398.0,6.7,1
25,Female,14.7,42.3,90.5,31.2,34.6,5.18,7.3,279.6,101.2,159.0,400.5,9.2,0
46,Male,15.6,47.4,90.1,31.4,34.7,6.07,5.7,267.5,100.8,180.8,400.8,9.4,0
15,Male,15.7,46.1,91.3,30.5,34.2,6.1,6.4,254.2,100.4,180.0,400.6,9.8,0
80,Male,13.6,44.0,88.1,28.1,32.5,4.7,7.2,237.3,98.3,178.1,398.4,6.5,1
4,Male,11.4,47.5,91.2,29.6,32.6,4.04,7.9,249.5,101.0,179.9,399.1,7.2,0
68,Female,12.5,43.4,90.2,29.4,33.3,5.29,7.1,306.4,100.8,160.3,400.3,8.3,0
89,Male,15.6,47.0,90.4,31.2,34.6,6.1,5.0,297.6,100.7,180.1,400.3,9.1,0
51,Male,15.5,46.4,90.3,30.0,35.1,6.1,6.0,290.2,100.7,181.0,400.7,9.5,0
15,Female,14.4,43.1,90.9,30.6,35.3,5.4,7.3,264.1,101.1,160.0,401.3,9.2,0
70,Male,16.6,46.5,90.7,30.4,35.0,6.1,5.5,209.6,101.0,180.3,401.0,8.6,0
54,Female,13.8,42.7,90.8,30.9,34.7,5.4,7.2,228.5,101.3,159.1,400.7,9.4,0
11,Female,11.0,40.3,88.5,28.4,32.0,4.2,5.8,271.3,98.3,157.3,398.0,6.8,1
13,Female,12.0,40.3,88.5,28.1,32.2,4.2,4.5,295.7,98.2,157.0,398.4,6.7,1
19,Female,14.1,43.2,90.8,30.2,34.4,5.4,7.0,188.7,100.5,159.8,400.7,9.5,0
6,Female,11.0,40.1,88.3,28.0,32.5,4.2,8.8,255.2,98.3,157.2,398.1,6.8,1
58,Male,13.5,44.0,88.4,28.2,32.2,4.7,5.7,250.7,98.3,178.2,398.4,6.9,1
72,Male,13.6,44.4,88.3,28.1,32.5,4.7,6.7,211.1,98.4,178.3,398.1,6.8,1
5,Male,11.0,44.3,88.4,28.2,32.1,4.7,7.9,341.6,98.1,178.2,398.0,6.9,1
17,Male,15.9,46.1,90.0,30.9,34.5,6.1,6.6,150.0,100.6,181.0,400.5,9.9,0
74,Female,12.0,40.4,88.3,28.4,32.4,4.2,8.2,150.0,98.2,157.3,398.3,6.7,1
82,Male,13.7,44.0,88.3,28.1,32.3,4.7,5.8,306.4,98.2,178.5,398.1,6.9,1
71,Female,14.0,42.0,90.6,30.8,35.1,5.4,8.1,173.5,100.6,159.4,401.4,9.3,0
39,Male,13.5,44.3,88.1,28.1,32.2,4.7,7.0,327.0,98.2,178.4,398.1,6.8,1
16,Female,13.9,43.1,90.2,30.0,34.8,5.4,7.0,223.2,100.8,159.1,401.1,8.8,0
84,Male,13.8,44.4,88.4,28.0,32.4,4.7,7.2,238.8,98.1,178.1,398.3,6.8,1
6,Male,12.8,46.8,90.9,31.4,34.8,6.1,4.5,336.2,101.3,180.2,400.0,9.2,0
59,Male,16.2,47.5,91.0,30.1,34.2,6.1,8.6,269.7,101.3,180.7,400.1,8.8,0
53,Female,13.9,42.7,90.1,30.7,35.1,5.4,7.9,278.8,100.0,159.0,401.4,8.7,0
16,Female,14.9,42.1,90.3,30.2,35.4,5.4,8.8,233.2,100.3,160.4,401.0,9.3,0
15,Female,12.0,40.3,88.3,28.4,32.0,4.2,7.1,274.1,98.2,157.2,398.1,6.6,1
7,Male,11.0,44.1,88.5,28.4,32.2,4.7,7.6,255.6,98.4,178.2,398.5,6.7,1
11,Male,11.0,44.0,88.2,28.4,32.2,4.7,6.6,231.4,98.3,178.4,398.3,6.9,1
69,Female,12.0,40.3,88.3,28.5,32.3,4.2,10.3,277.5,98.2,157.3,398.4,6.8,1
3,Male,11.2,44.8,89.5,29.7,33.5,6.78,6.5,230.3,99.1,180.7,400.5,7.5,0
42,Female,14.6,42.1,91.2,30.7,35.4,4.98,6.4,205.5,100.3,160.0,401.4,8.6,0
85,Male,15.9,46.7,90.4,30.2,34.4,6.1,6.3,304.3,100.5,180.7,401.0,9.6,0
81,Female,12.1,40.5,88.5,28.2,32.3,4.2,7.4,206.2,98.1,157.4,398.5,6.7,1
24,Male,16.8,46.2,91.4,30.8,35.4,5.91,6.8,341.2,100.9,180.8,401.5,9.5,0
55,Male,15.1,44.9,90.7,31.1,35.3,6.83,7.1,175.2,100.7,180.4,401.5,7.8,1
62,Male,16.2,46.6,90.8,30.2,34.7,6.08,10.3,280.9,101.4,181.0,401.3,9.3,0
18,Male,13.8,44.4,88.5,28.1,32.1,4.7,7.4,185.4,98.3,178.0,398.3,6.6,1
19,Female,12.1,40.4,88.2,28.4,32.1,4.2,4.5,296.6,98.4,157.3,398.3,6.6,1
19,Male,13.9,44.1,88.3,28.4,32.0,4.7,7.3,233.2,98.1,178.2,398.2,6.7,1
64,Female,13.0,43.3,90.6,29.7,34.8,4.69,7.3,271.8,101.4,158.5,401.0,7.8,0
15,Female,12.2,40.1,88.4,28.3,32.1,4.2,4.5,252.5,98.1,157.0,398.4,6.6,1
75,Female,12.2,40.0,88.1,28.2,32.1,4.2,6.4,299.8,98.0,157.3,398.4,6.9,1
17,Male,13.7,44.1,88.5,28.1,32.0,4.7,10.3,281.2,98.5,178.2,398.2,6.7,1
15,Male,13.9,44.4,88.5,28.1,32.0,4.7,4.5,287.1,98.0,178.3,398.1,6.9,1
50,Male,16.9,47.4,91.4,30.1,34.2,6.1,4.6,246.2,101.2,180.4,401.1,9.8,0
22,Female,13.8,43.4,90.9,30.8,35.1,5.4,6.7,241.5,100.4,160.4,400.6,9.7,0
12,Male,14.0,44.1,88.4,28.2,32.4,4.7,6.8,198.1,98.1,178.4,398.3,6.7,1
13,Female,12.0,40.4,88.0,28.2,32.3,4.2,4.5,202.0,98.2,157.1,398.2,6.7,1
82,Male,16.4,45.3,88.9,29.9,34.0,5.67,4.5,203.7,100.4,180.7,399.7,9.5,0
71,Female,15.1,42.9,90.6,30.5,34.0,5.4,10.1,292.7,100.9,159.2,401.0,9.0,0
3,Female,13.2,43.3,91.2,30.4,34.2,5.03,7.0,251.1,100.1,159.2,400.7,8.8,0
19,Male,16.4,47.1,90.7,30.1,35.2,5.45,6.9,254.0,100.8,180.9,400.7,9.0,0
12,Male,14.3,45.4,89.5,29.0,33.9,5.75,7.3,271.7,100.1,180.1,400.2,7.9,0
16,Female,12.1,40.1,88.4,28.1,32.1,4.2,6.8,218.7,98.1,157.2,398.0,6.7,1
77,Male,15.2,45.3,89.3,28.5,35.0,3.98,6.1,275.3,101.3,180.9,398.8,9.4,1
70,Male,15.7,46.2,91.5,30.3,35.3,6.1,9.3,182.0,101.2,180.6,400.2,9.2,0
76,Male,16.4,46.7,91.3,31.4,34.7,5.76,9.0,287.5,100.1,180.1,400.2,8.7,0
1,Male,11.0,44.4,88.4,28.3,32.1,4.7,6.1,258.8,98.0,178.5,398.4,6.6,1
19,Female,12.5,41.6,91.0,31.2,33.2,4.15,8.3,178.1,99.6,159.5,398.5,8.8,0
5,Male,11.0,44.2,88.1,28.1,32.1,4.7,4.7,226.8,98.4,178.5,398.3,6.9,1
41,Female,12.0,40.2,88.5,28.0,32.3,4.2,6.4,281.0,98.4,157.2,398.0,6.6,1
24,Male,16.6,46.8,90.6,30.8,34.5,6.1,7.3,211.3,100.4,180.0,400.8,9.4,0
15,Male,13.6,44.3,88.2,28.4,32.0,4.7,9.6,242.0,98.4,178.1,398.4,6.6,1
19,Male,13.9,44.2,88.0,28.2,32.3,4.7,7.0,249.9,98.3,178.3,398.4,6.5,1
71,Female,12.0,40.3,88.1,28.4,32.2,4.2,8.6,271.8,98.4,157.3,398.4,6.8,1
13,Female,12.0,40.4,88.5,28.2,32.2,4.2,7.4,233.2,98.2,157.2,398.1,6.6,1
59,Female,12.0,40.0,88.2,28.0,32.1,4.2,4.7,234.4,98.0,157.1,398.4,6.9,1
18,Male,13.8,44.1,88.3,28.3,32.1,4.7,6.2,281.3,98.3,178.2,398.0,6.9,1
9,Female,13.2,42.4,90.6,30.7,35.3,5.32,5.2,278.8,100.4,160.0,401.1,9.2,0
0,Female,12.6,42.4,90.8,30.4,34.2,5.4,7.4,288.9,101.3,160.4,401.0,9.3,0
2,Female,11.0,40.4,88.0,28.2,32.0,4.2,8.1,264.5,98.2,157.4,398.3,6.9,1
4,Female,13.5,42.9,90.5,30.6,35.2,5.4,9.5,188.8,101.1,159.0,400.1,8.6,0
34,Female,14.7,42.3,89.9,30.7,33.4,5.49,7.5,300.8,101.4,159.7,399.8,8.9,0
12,Male,15.9,44.8,91.2,30.4,33.9,3.93,11.0,251.9,100.6,179.0,398.8,8.7,1
74,Female,13.9,40.9,90.8,31.0,32.7,4.63,9.4,301.7,100.0,157.6,400.3,7.3,0
69,Male,13.7,44.0,88.3,28.4,32.3,4.7,6.7,325.5,98.1,178.4,398.4,6.9,1
11,Male,11.0,44.3,88.4,28.3,32.3,4.7,5.3,299.4,98.2,178.4,398.0,6.8,1
28,Female,12.0,40.1,88.4,28.1,32.0,4.2,6.2,248.4,98.2,157.1,398.4,6.5,1
11,Female,13.2,43.3,90.3,31.0,34.2,5.4,4.9,270.5,100.6,160.2,400.2,9.2,0
90,Female,14.5,42.4,90.9,31.4,34.1,5.4,6.9,194.6,100.1,160.1,400.0,9.2,0
69,Male,16.5,47.0,91.4,30.6,34.2,5.67,6.3,346.7,100.5,180.3,399.0,7.3,1
11,Male,11.9,47.4,91.4,28.7,35.0,5.83,7.6,229.8,100.4,178.8,401.0,9.3,0
18,Male,13.6,44.1,88.3,28.1,32.2,4.7,7.9,220.7,98.4,178.1,398.2,6.6,1
48,Female,13.8,43.1,90.4,31.4,35.3,5.4,5.2,202.9,100.7,159.5,401.4,8.7,0
15,Female,12.0,40.2,88.0,28.4,32.1,4.2,5.3,242.2,98.3,157.2,398.2,7.0,1
22,Male,16.0,46.1,89.2,30.1,33.0,6.88,7.4,377.3,101.3,179.4,399.2,8.9,0
2,Female,13.5,42.7,91.3,30.2,34.2,5.4,5.6,271.1,100.7,159.1,400.9,9.8,0
79,Female,12.2,40.4,88.4,28.1,32.0,4.2,4.5,265.7,98.0,157.4,398.4,6.7,1
16,Male,16.2,47.0,91.4,31.2,34.1,5.9,4.5,234.5,101.1,181.2,401.1,10.0,0
30,Female,14.3,42.1,91.1,31.1,34.8,5.4,9.5,262.8,101.1,160.0,401.4,9.4,0
49,Female,12.0,40.1,88.2,28.5,32.3,4.2,9.4,365.3,98.1,157.2,398.2,6.6,1
79,Female,12.1,40.1,88.0,28.1,32.1,4.2,7.3,197.2,98.0,157.4,398.1,6.8,1
1,Male,12.7,47.0,91.0,30.8,34.5,5.72,7.8,259.0,101.3,181.1,401.2,9.5,0
82,Female,14.3,43.3,91.2,31.0,34.8,4.83,5.8,225.3,100.1,160.2,400.2,9.0,0
15,Male,16.6,46.8,90.6,30.4,35.5,5.51,8.2,266.8,100.3,181.5,400.2,8.7,0
15,Male,13.7,44.3,88.0,28.4,32.4,4.7,7.5,276.7,98.2,178.2,398.2,6.8,1
9,Female,13.0,42.5,91.4,30.7,34.8,5.4,10.2,258.5,101.2,160.3,400.6,9.7,0
64,Female,12.0,40.1,88.4,28.2,32.3,4.2,7.8,255.5,98.2,157.4,398.5,6.8,1
6,Female,13.5,42.8,90.0,31.3,34.4,5.4,6.0,202.4,101.0,159.6,400.9,9.7,0
34,Female,12.0,40.0,88.1,28.2,32.2,4.2,5.8,266.1,98.0,157.3,398.0,6.5,1
21,Female,13.4,42.2,88.9,30.3,33.6,3.94,7.1,217.0,101.4,159.8,399.7,7.6,0
33,Female,12.6,42.6,90.5,28.7,33.9,5.43,7.5,249.0,99.7,159.1,399.4,7.2,1
40,Female,15.1,42.6,90.7,31.0,34.2,5.4,7.2,242.2,101.4,159.2,401.0,9.5,0
9,Male,11.9,45.0,89.5,31.1,34.6,5.81,9.1,223.1,101.5,179.5,400.5,7.6,0
71,Female,12.0,40.3,88.4,28.4,32.3,4.2,8.7,269.6,98.2,157.1,398.1,6.8,1
47,Male,15.5,46.4,90.1,31.4,35.1,6.1,8.1,231.6,100.9,180.7,400.3,9.6,0
81,Male,13.6,44.2,88.4,28.1,32.1,4.7,7.3,234.0,98.1,178.2,398.2,6.6,1
12,Male,13.7,44.0,88.4,28.1,32.3,4.7,8.7,262.1,98.1,178.4,398.0,7.0,1
31,Male,14.0,44.0,88.1,28.1,32.2,4.7,8.4,204.8,98.1,178.2,398.1,7.0,1
7,Female,12.5,43.0,90.1,30.6,34.1,5.4,7.1,236.4,101.0,159.7,400.3,8.7,0
0,Female,11.0,40.1,88.4,28.0,32.4,4.2,6.7,257.2,98.2,157.2,398.3,6.8,1
16,Male,16.8,47.2,91.5,30.7,35.1,5.96,6.6,184.4,100.2,181.5,400.1,9.4,0
19,Male,15.9,45.2,88.9,29.7,33.0,6.01,4.6,258.6,100.4,178.8,400.4,9.0,1
12,Male,15.6,46.1,90.3,30.8,35.0,5.47,6.3,239.1,100.3,180.2,400.2,9.3,0
18,Female,13.8,42.1,88.9,31.4,33.4,4.62,7.5,283.8,99.4,157.7,398.9,8.2,0
18,Male,13.6,44.1,88.5,28.0,32.1,4.7,7.6,309.8,98.3,178.3,398.4,6.6,1
11,Male,13.1,46.1,90.2,30.8,34.5,6.1,8.5,271.4,101.0,180.6,401.0,8.9,0
56,Male,16.9,46.7,91.0,30.0,34.4,5.82,6.6,225.4,100.5,181.5,401.0,9.1,0
57,Female,12.4,40.9,89.6,28.7,35.0,4.65,5.8,262.2,98.5,160.4,398.9,9.5,0
61,Female,14.2,43.4,91.2,30.3,34.0,5.4,5.8,257.5,101.4,159.9,401.0,9.8,0
57,Male,16.2,47.1,90.3,31.1,35.1,6.1,6.9,224.9,101.0,180.1,400.6,9.9,0
18,Female,14.6,42.8,90.5,30.2,34.4,5.1,8.3,278.3,101.1,160.0,400.5,9.6,0
88,Female,14.1,42.1,90.3,30.4,34.4,5.13,8.7,244.5,100.2,160.3,400.7,9.5,0
59,Female,14.3,42.7,90.3,31.2,35.3,5.17,7.6,218.5,101.4,159.1,400.0,8.8,0
18,Female,14.1,43.0,90.0,30.2,32.9,4.86,6.3,155.2,101.0,159.5,398.7,9.9,0
11,Male,13.3,46.3,90.4,31.3,34.0,5.53,7.5,187.4,100.6,181.3,401.2,9.0,0
75,Female,12.1,40.2,88.3,28.2,32.4,4.2,8.1,222.5,98.1,157.1,398.1,6.8,1
16,Female,12.0,40.1,88.1,28.4,32.5,4.2,7.7,254.9,98.2,157.0,398.2,6.6,1
0,Male,12.7,46.2,90.5,30.4,35.3,5.87,7.4,259.7,100.7,181.4,400.6,9.9,0
4,Male,13.4,46.5,90.1,30.6,34.3,6.1,7.0,249.5,101.0,181.2,400.2,9.8,0
84,Female,12.7,41.5,89.3,29.3,33.8,5.79,5.3,198.6,99.9,158.4,400.3,7.2,1
29,Female,12.9,42.0,88.9,30.8,32.7,3.8,5.4,150.0,99.7,157.9,399.1,9.0,1
4,Male,13.1,47.1,90.6,31.3,35.0,6.1,5.6,265.9,100.5,180.3,401.4,9.6,0
24,Female,12.0,40.0,88.2,28.2,32.5,4.2,7.9,355.0,98.1,157.3,398.4,6.8,1
35,Male,13.5,44.2,88.1,28.1,32.5,4.7,5.3,185.2,98.1,178.4,398.0,6.8,1
17,Female,15.1,42.1,91.1,31.0,35.0,5.4,5.2,239.5,100.9,160.2,401.0,9.0,0
77,Male,13.9,44.1,88.2,28.3,32.5,4.7,4.9,198.1,98.2,178.3,398.2,6.7,1
4,Female,11.0,40.3,88.2,28.3,32.4,4.2,4.5,235.3,98.3,157.4,398.1,6.9,1
84,Male,16.9,46.6,90.8,31.3,35.5,6.1,5.9,272.1,100.0,181.2,401.3,9.6,0
9,Male,12.5,47.2,91.3,31.4,34.4,6.1,7.8,154.8,100.1,180.1,401.1,9.2,0
32,Female,12.0,40.0,88.1,28.4,32.4,4.2,5.2,322.5,98.3,157.4,398.2,6.6,1
59,Female,15.1,40.9,90.3,30.9,34.0,5.49,6.9,245.9,100.2,159.0,398.8,8.6,1
12,Female,12.0,40.1,88.0,28.5,32.4,4.2,8.2,180.4,98.2,157.1,398.3,6.6,1
50,Female,14.9,42.3,90.4,31.4,34.8,3.83,5.1,312.6,99.7,160.1,401.1,8.1,0
46,Female,12.0,40.3,88.4,28.3,32.2,4.2,7.8,163.0,98.1,157.4,398.5,6.5,1
9,Female,11.0,40.0,88.3,28.2,32.1,4.2,6.8,208.1,98.3,157.3,398.4,6.9,1
7,Male,11.0,44.4,88.4,28.2,32.3,4.7,8.2,236.0,98.5,178.3,398.4,6.7,1
3,Female,12.6,43.0,90.6,30.3,35.3,5.4,6.5,300.5,100.1,159.2,400.4,8.8,0
84,Male,16.1,47.2,90.6,31.3,34.4,5.83,5.4,283.0,100.3,180.5,401.0,9.8,0
51,Female,12.0,40.3,88.1,28.3,32.4,4.2,6.9,321.7,98.3,157.5,398.3,6.6,1
84,Male,17.0,46.9,91.4,30.2,34.5,5.6,4.9,250.3,100.2,180.9,400.8,9.5,0
22,Male,13.9,44.4,88.4,28.2,32.4,4.7,5.6,276.4,98.1,178.3,398.1,6.7,1
36,Male,13.8,44.1,88.1,28.4,32.0,4.7,6.1,186.4,98.3,178.3,398.3,6.9,1
0,Female,12.4,42.1,91.1,30.5,35.0,5.4,5.3,293.1,100.4,160.3,400.9,9.7,0
87,Male,16.4,46.1,91.0,30.7,34.7,6.1,8.3,188.4,100.2,180.9,401.5,8.9,0
18,Female,12.0,40.1,88.4,28.3,32.4,4.2,6.9,150.0,98.2,157.5,398.3,6.7,1
10,Female,11.0,40.1,88.0,28.3,32.0,4.2,7.3,231.0,98.3,157.1,398.1,6.9,1
25,Male,16.6,47.2,90.2,30.7,34.3,6.1,5.9,201.0,101.3,180.7,400.0,9.2,0
18,Female,12.0,40.0,88.2,28.5,32.3,4.2,7.1,169.7,98.2,157.0,398.0,6.8,1
55,Male,15.6,46.1,90.8,31.0,34.3,6.1,7.9,260.8,100.3,181.1,400.1,9.3,0
4,Female,13.3,41.7,89.0,29.6,33.3,4.83,6.6,290.3,100.7,159.4,399.2,8.0,0
14,Female,14.1,43.3,90.2,31.5,34.0,5.4,7.7,210.5,100.2,159.5,401.1,9.0,0
13,Male,13.7,44.2,88.4,28.2,32.4,4.7,6.9,193.7,98.5,178.4,398.5,6.9,1
85,Female,14.6,43.3,91.2,31.0,34.9,5.4,7.7,182.6,100.7,159.6,401.3,9.7,0
14,Male,16.5,46.6,90.2,30.6,34.3,6.02,9.2,215.2,101.2,180.9,400.0,9.9,0
3,Female,12.5,42.0,89.9,30.0,35.1,3.39,8.6,245.4,100.1,158.2,399.2,8.9,1
16,Male,16.0,47.2,90.7,31.1,34.2,6.1,5.7,284.4,100.2,180.5,401.5,8.9,0
4,Female,13.5,42.4,90.6,30.8,35.4,5.01,7.3,244.3,100.1,160.0,401.0,9.1,0
63,Female,13.3,42.5,90.2,30.9,32.8,5.78,5.8,265.3,100.7,158.5,398.7,8.3,0
16,Male,13.7,44.4,88.4,28.4,32.1,4.7,7.8,153.7,98.2,178.1,398.3,6.5,1
11,Male,11.0,44.1,88.0,28.0,32.2,4.7,5.6,150.0,98.2,178.3,398.3,6.7,1
80,Male,13.6,44.4,88.2,28.1,32.1,4.7,10.7,257.8,98.1,178.4,398.3,6.8,1
63,Female,13.2,41.8,89.3,30.9,33.9,5.32,6.8,273.6,99.9,157.7,400.3,7.9,0
30,Female,14.4,42.7,89.0,31.3,34.9,5.02,7.7,220.8,101.2,158.9,398.8,9.9,0
11,Female,12.8,43.4,91.3,31.2,35.5,5.4,7.3,234.2,100.6,159.3,400.7,9.9,0
37,Male,16.9,46.6,90.7,31.1,35.0,5.97,4.5,199.6,100.4,180.7,401.0,9.6,0
86,Female,12.0,40.4,88.1,28.5,32.4,4.2,6.4,202.8,98.0,157.0,398.4,6.7,1
65,Female,12.0,40.3,88.3,28.2,32.2,4.2,9.2,209.8,98.3,157.0,398.4,6.7,1
14,Female,14.1,43.3,90.1,31.5,34.7,5.08,6.3,201.2,100.8,159.2,401.0,9.8,0
17,Male,15.7,46.1,90.5,30.5,35.4,6.1,7.4,355.8,100.3,181.5,400.6,8.7,0
5,Female,12.9,42.8,90.4,31.3,34.2,5.18,6.5,281.0,101.1,159.6,401.0,9.9,0
10,Male,12.8,47.4,91.1,30.9,34.2,5.63,9.4,288.4,100.0,181.5,401.2,8.8,0
18,Male,13.7,44.2,88.2,28.5,32.2,4.7,6.5,151.5,98.0,178.4,398.3,6.7,1
54,Male,16.5,46.6,91.2,30.1,35.0,6.1,7.2,262.9,101.2,181.4,401.0,8.9,0
9,Female,13.5,42.9,89.2,31.5,34.4,4.74,4.5,308.8,99.9,159.2,400.3,9.1,1
71,Female,12.2,40.1,88.4,28.1,32.1,4.2,9.0,190.0,98.2,157.3,398.4,7.0,1
7,Male,11.0,44.5,88.2,28.1,32.4,4.7,7.3,269.1,98.2,178.3,398.1,6.7,1
28,Female,12.0,40.0,88.1,28.4,32.4,4.2,6.2,273.0,98.1,157.0,398.5,7.0,1
8,Female,13.2,43.2,91.3,30.9,34.5,5.05,7.8,150.0,100.3,160.4,401.3,8.5,0
82,Female,12.0,40.3,88.3,28.2,32.1,4.2,11.0,268.6,98.2,157.0,398.2,6.7,1
1,Male,12.7,46.3,90.5,30.4,34.3,6.04,7.0,295.1,100.3,180.1,401.0,9.1,0
13,Female,12.2,40.3,88.4,28.0,32.2,4.2,5.3,290.2,98.1,157.4,398.4,7.0,1
18,Male,16.3,47.3,90.2,31.2,35.2,5.59,5.3,232.1,100.4,180.4,400.8,9.1,0
30,Male,16.6,46.8,90.9,30.2,35.3,6.1,6.3,354.3,101.4,181.3,401.0,9.1,0
0,Female,12.3,43.4,90.1,30.5,35.1,5.4,7.7,301.9,100.5,159.2,401.3,10.0,0
19,Male,14.0,44.3,88.4,28.5,32.4,4.7,7.0,231.1,98.2,178.3,398.2,7.0,1
8,Female,13.2,42.1,91.3,31.2,34.9,5.4,7.8,204.4,101.4,159.5,400.0,9.6,0
73,Male,13.5,44.5,88.2,28.3,32.2,4.7,4.5,227.4,98.5,178.4,398.1,6.9,1
3,Male,12.5,47.3,90.4,30.5,34.2,5.73,10.6,271.6,100.4,180.1,400.6,8.9,0
76,Male,13.9,44.3,88.0,28.3,32.4,4.7,8.0,258.9,98.4,178.3,398.2,6.8,1
19,Female,13.9,42.2,90.1,30.4,35.2,5.1,4.5,342.8,100.5,159.9,400.8,9.0,0
52,Female,13.9,42.0,90.1,30.9,35.0,5.4,5.1,258.2,101.3,159.5,401.5,9.1,0
13,Female,12.6,40.9,90.4,29.9,35.0,3.48,5.2,258.1,100.6,158.5,399.2,7.0,0
74,Male,13.5,44.2,88.4,28.2,32.3,4.7,5.3,268.4,98.3,178.5,398.1,6.5,1
8,Female,11.0,40.1,88.5,28.4,32.1,4.2,4.5,232.8,98.3,157.3,398.3,6.6,1
7,Male,11.0,44.1,88.1,28.4,32.2,4.7,8.3,205.1,98.4,178.1,398.1,6.7,1
66,Female,12.0,40.2,88.3,28.3,32.3,4.2,5.6,304.0,98.2,157.0,398.4,7.0,1
87,Female,12.2,40.2,88.3,28.2,32.2,4.2,6.2,252.2,98.1,157.1,398.3,6.6,1
70,Male,13.9,44.1,88.2,28.4,32.0,4.7,7.4,246.9,98.4,178.5,398.0,6.9,1
53,Male,13.9,44.3,88.5,28.3,32.3,4.7,8.4,176.1,98.5,178.3,398.4,6.5,1
64,Male,13.9,44.2,88.5,28.2,32.2,4.7,8.6,331.8,98.2,178.5,398.3,6.6,1
27,Female,12.1,40.1,88.4,28.0,32.5,4.2,8.6,319.0,98.1,157.1,398.0,6.9,1
47,Female,12.0,40.5,88.4,28.1,32.0,4.2,10.3,275.5,98.5,157.5,398.4,6.6,1
7,Female,13.2,42.1,91.0,31.2,34.6,5.06,7.1,236.9,100.4,159.7,400.6,8.8,0
15,Female,14.0,43.0,91.3,30.6,34.8,5.4,6.7,224.9,101.1,160.0,400.1,8.9,0
2,Female,13.0,43.4,90.7,31.5,34.2,5.4,8.3,267.7,100.1,159.4,400.2,9.9,0
35,Male,13.5,44.2,88.0,28.3,32.1,4.7,6.7,257.4,98.1,178.4,398.3,6.9,1
5,Male,12.9,46.2,91.4,30.9,34.3,6.1,4.7,313.9,100.2,181.0,400.8,9.7,0
65,Male,15.9,46.5,90.7,31.4,35.1,6.1,7.7,237.3,101.0,181.5,400.2,8.9,0
75,Female,14.5,40.6,90.3,30.4,34.8,5.29,7.0,216.8,101.0,159.3,399.0,7.5,1
24,Female,13.8,42.9,91.0,31.1,35.0,5.4,6.7,214.2,101.2,160.3,400.4,9.4,0
3,Male,13.0,46.6,90.3,31.5,35.3,6.1,4.9,276.0,100.8,181.0,400.8,10.0,0
76,Male,16.3,47.4,90.8,30.4,34.5,6.1,9.9,265.6,100.3,181.0,401.2,9.5,0
83,Male,13.9,44.5,88.2,28.5,32.2,4.7,6.2,307.5,98.1,178.1,398.4,7.0,1
16,Female,12.0,40.2,88.1,28.4,32.1,4.2,9.2,313.2,98.4,157.3,398.0,7.0,1
26,Female,15.0,42.8,91.4,30.8,35.3,5.4,4.5,294.4,100.6,160.4,400.3,8.7,0
68,Male,16.3,47.2,90.6,31.4,35.2,6.1,7.4,296.6,100.9,180.2,401.1,9.4,0
19,Male,13.7,44.4,88.3,28.3,32.2,4.7,6.9,214.2,98.0,178.5,398.4,6.8,1
8,Male,11.0,44.5,88.4,28.5,32.4,4.7,6.4,223.5,98.1,178.1,398.2,6.9,1
2,Female,11.0,40.5,88.3,28.3,32.4,4.2,5.3,253.6,98.0,157.2,398.5,6.7,1
55,Male,16.6,46.9,90.4,31.4,34.0,5.95,6.2,331.6,100.0,180.1,401.0,9.9,0
71,Female,12.0,40.2,88.0,28.3,32.3,4.2,7.1,255.6,98.2,157.0,398.4,6.7,1
15,Female,14.1,42.4,91.0,31.5,35.2,5.4,6.7,215.0,100.1,159.5,400.4,9.1,0
8,Male,12.5,46.5,90.4,31.1,34.1,6.1,7.7,266.7,100.5,181.2,400.2,9.8,0
18,Male,15.6,47.5,91.1,31.3,35.0,6.1,6.5,210.2,101.3,180.3,400.1,9.7,0
85,Female,14.9,41.6,90.1,29.3,34.8,5.25,7.1,244.8,98.7,157.9,399.7,7.6,0
86,Male,13.9,44.5,88.1,28.3,32.5,4.7,5.5,217.5,98.5,178.4,398.2,6.9,1
18,Male,13.7,44.4,88.0,28.4,32.4,4.7,8.1,211.5,98.5,178.4,398.3,7.0,1
1,Male,12.5,46.9,90.5,30.3,34.5,5.67,6.7,291.9,100.4,180.7,400.5,9.6,0
25,Female,12.2,40.0,88.4,28.2,32.4,4.2,5.2,295.3,98.1,157.5,398.4,7.0,1
1,Female,13.5,42.5,90.1,31.1,34.8,5.26,6.5,247.0,101.0,159.5,401.1,9.4,0
38,Male,16.8,47.3,91.3,28.8,33.7,5.89,9.8,323.2,98.9,178.6,400.4,7.6,1
88,Female,12.0,40.0,88.3,28.2,32.3,4.2,8.4,335.1,98.4,157.2,398.1,6.5,1
0,Female,11.0,40.4,88.2,28.4,32.5,4.2,8.4,277.5,98.3,157.2,398.1,6.7,1
3,Male,11.0,44.5,88.4,28.4,32.2,4.7,8.7,206.0,98.5,178.4,398.1,6.8,1
16,Male,15.1,46.4,90.8,30.8,34.0,4.18,6.1,256.1,99.8,180.5,398.9,8.9,0
18,Male,15.8,46.4,89.2,30.3,34.7,4.83,6.8,276.4,99.6,179.7,401.2,7.9,1
16,Male,13.5,44.1,88.5,28.5,32.3,4.7,6.4,234.9,98.2,178.3,398.2,6.7,1
17,Male,13.5,44.1,88.1,28.4,32.4,4.7,6.6,254.0,98.1,178.3,398.4,7.0,1
8,Female,11.0,40.3,88.0,28.3,32.2,4.2,6.5,209.1,98.3,157.3,398.1,6.7,1
4,Male,13.5,47.5,90.2,31.0,35.0,6.1,8.1,218.1,100.2,181.2,401.4,9.1,0
22,Female,12.2,40.4,88.2,28.4,32.1,4.2,4.5,241.1,98.2,157.4,398.3,6.6,1
58,Female,12.0,40.4,88.4,28.0,32.3,4.2,5.5,243.3,98.0,157.2,398.4,6.9,1
8,Female,12.4,43.4,90.1,30.6,34.2,5.4,7.1,209.6,101.2,160.4,401.0,8.6,0
18,Female,12.2,40.0,88.3,28.4,32.1,4.2,8.6,274.4,98.0,157.0,398.1,7.0,1
64,Male,16.0,46.9,90.6,31.1,34.2,5.79,8.4,241.0,100.9,181.4,400.2,9.2,0
82,Male,13.7,44.2,88.1,28.2,32.0,4.7,7.4,216.5,98.5,178.4,398.1,6.8,1
20,Male,16.0,46.4,91.0,30.8,34.1,6.1,7.3,297.0,101.4,180.2,401.5,9.5,0
13,Male,16.0,46.8,91.4,30.3,35.0,5.47,7.1,213.5,100.2,180.0,400.3,9.3,0
78,Female,15.2,43.1,90.7,30.5,34.2,4.94,8.7,237.1,100.8,159.7,400.5,8.7,0
29,Male,13.9,44.5,88.5,28.2,32.2,4.7,7.5,341.5,98.4,178.0,398.3,6.8,1
10,Male,11.0,44.1,88.0,28.3,32.2,4.7,7.5,172.7,98.2,178.4,398.2,6.9,1
13,Female,14.4,42.9,90.9,30.9,34.8,5.4,6.5,313.8,101.0,159.2,400.1,9.2,0
17,Female,14.3,43.3,91.5,30.2,34.0,5.13,5.2,266.6,101.2,159.6,400.9,9.2,0
24,Male,15.6,47.3,90.8,31.1,34.3,6.1,7.3,282.5,100.2,181.3,401.2,9.6,0
65,Female,14.6,42.9,91.4,30.7,34.5,5.09,5.1,264.3,101.3,159.9,401.3,9.1,0
19,Female,13.5,43.5,90.7,28.8,35.5,5.41,7.5,254.6,100.0,158.1,399.4,8.7,1
68,Male,14.0,44.2,88.3,28.0,32.2,4.7,5.6,223.8,98.1,178.2,398.0,6.6,1
67,Female,15.1,43.1,90.2,31.1,34.4,5.4,6.2,237.7,101.2,160.2,400.3,8.9,0
89,Male,13.9,44.5,88.3,28.1,32.1,4.7,6.2,211.1,98.1,178.3,398.1,6.7,1
76,Male,13.8,44.0,88.1,28.3,32.2,4.7,8.7,246.7,98.4,178.2,398.2,6.8,1
28,Female,14.5,42.9,90.7,30.8,35.5,5.29,6.6,177.0,100.8,159.1,401.2,9.1,0
68,Female,14.1,43.4,90.8,31.2,34.8,5.4,7.2,193.6,100.0,159.3,400.4,9.2,0
67,Male,13.9,44.4,88.3,28.0,32.1,4.7,9.3,180.6,98.3,178.5,398.2,6.7,1
55,Male,13.7,44.2,88.3,28.0,32.3,4.7,8.4,248.8,98.4,178.3,398.3,6.9,1
60,Female,12.0,40.3,88.0,28.1,32.4,4.2,5.7,256.1,98.4,157.3,398.3,7.0,1
22,Female,15.2,42.0,90.4,30.7,34.1,5.32,4.5,242.2,100.7,160.3,400.8,9.9,0
19,Female,14.2,42.2,90.7,31.4,35.5,5.4,5.6,297.0,101.3,160.2,400.6,9.2,0
25,Female,15.2,43.2,91.0,30.6,34.7,5.4,8.3,177.0,100.9,160.2,400.1,9.6,0
14,Male,16.0,46.9,90.7,30.9,34.4,5.95,6.7,243.6,100.2,181.2,400.1,9.5,0
17,Female,12.2,40.5,88.3,28.3,32.2,4.2,8.6,250.1,98.0,157.1,398.3,6.8,1
18,Female,14.9,42.4,91.1,31.0,35.0,5.4,6.0,185.3,100.1,160.1,401.3,9.1,0
78,Female,12.0,40.5,88.5,28.0,32.3,4.2,7.0,222.4,98.2,157.3,398.3,6.9,1
68,Female,14.8,42.1,90.8,31.3,35.1,5.4,6.0,204.2,100.7,159.8,400.4,9.1,0
25,Female,12.0,40.4,88.5,28.3,32.1,4.2,5.9,281.4,98.2,157.3,398.0,6.6,1
2,Female,12.0,42.7,91.1,29.1,34.3,5.49,5.7,255.4,101.3,159.2,399.6,8.1,0
44,Female,14.5,42.1,90.6,31.3,35.5,5.35,7.9,307.2,100.4,159.6,401.2,9.1,0
11,Female,11.0,40.0,88.2,28.4,32.3,4.2,6.8,289.8,98.0,157.5,398.2,6.5,1
32,Male,16.0,46.6,91.3,30.0,35.0,6.1,6.2,291.3,100.7,180.5,400.4,9.1,0
17,Female,14.5,42.4,90.6,30.1,35.2,3.49,5.8,289.6,100.4,160.3,399.4,9.9,0
8,Male,11.0,44.3,88.3,28.2,32.3,4.7,6.1,258.3,98.3,178.3,398.2,6.8,1
6,Male,11.0,44.3,88.5,28.1,32.3,4.7,8.2,263.1,98.3,178.4,398.1,6.6,1
90,Male,16.9,46.3,90.1,31.0,35.3,6.1,6.0,281.0,101.5,181.4,400.2,9.3,0
79,Male,16.4,46.6,91.2,30.6,35.0,5.86,6.3,185.8,100.9,181.0,400.9,10.0,0
25,Male,13.9,44.4,88.5,28.4,32.1,4.7,5.4,268.4,98.4,178.5,398.1,6.6,1
86,Male,16.4,46.6,91.1,30.6,35.0,6.1,7.9,178.4,101.1,181.5,400.6,8.6,0
34,Male,13.5,44.5,88.1,28.2,32.0,4.7,4.6,277.8,98.0,178.5,398.4,6.9,1
9,Female,13.5,42.1,90.6,30.7,34.7,5.4,7.3,242.1,100.8,160.4,400.0,9.4,0
7,Female,11.0,40.2,88.3,28.2,32.2,4.2,8.1,283.6,98.3,157.4,398.4,6.8,1
14,Male,13.5,44.4,88.1,28.2,32.3,4.7,6.9,289.4,98.1,178.4,398.4,7.0,1
13,Female,14.8,42.1,90.9,31.1,35.4,5.4,8.0,297.3,100.4,159.2,401.1,8.9,0
29,Female,12.0,40.2,88.3,28.4,32.3,4.2,8.5,273.6,98.3,157.4,398.2,7.0,1
88,Female,12.2,40.3,88.3,28.3,32.2,4.2,4.6,339.2,98.2,157.3,398.1,6.6,1
13,Male,13.9,44.3,88.5,28.1,32.5,4.7,9.2,256.4,98.4,178.1,398.5,6.5,1
38,Male,13.6,44.0,88.1,28.4,32.3,4.7,5.2,241.5,98.4,178.4,398.1,6.9,1
61,Male,16.4,47.0,90.4,30.7,34.9,6.1,6.0,296.1,101.2,180.7,401.0,9.2,0
66,Male,15.5,45.6,89.2,31.2,33.8,5.33,9.9,382.9,100.3,178.9,401.0,8.0,0
71,Female,12.1,40.0,88.2,28.0,32.5,4.2,5.2,172.1,98.2,157.3,398.2,6.6,1
1,Female,12.9,42.0,90.9,31.3,35.2,5.4,6.4,225.7,100.8,159.4,400.1,9.1,0
85,Female,13.8,42.4,90.1,31.3,34.6,5.4,7.7,260.3,100.0,159.3,401.1,9.4,0
7,Female,11.0,40.3,88.3,28.1,32.2,4.2,7.3,305.3,98.5,157.3,398.2,6.9,1
3,Male,13.2,47.3,89.0,30.9,33.0,4.44,8.3,195.3,98.7,179.5,400.1,9.4,0
47,Female,12.0,40.3,88.1,28.4,32.3,4.2,6.1,254.6,98.2,157.2,398.1,6.7,1
21,Female,14.5,43.0,91.2,30.1,34.8,5.33,5.4,299.2,101.1,159.9,401.2,10.0,0
8,Female,11.0,40.1,88.5,28.1,32.2,4.2,6.5,310.9,98.2,157.2,398.2,6.9,1
56,Female,14.0,42.3,91.0,30.1,35.0,5.27,5.3,163.6,100.5,160.3,401.4,9.3,0
84,Female,12.0,40.2,88.4,28.2,32.4,4.2,7.8,210.4,98.1,157.4,398.3,6.8,1
76,Female,13.6,41.2,89.6,30.9,33.9,5.37,5.4,220.4,100.1,158.6,398.8,8.0,0
10,Male,11.0,44.3,88.4,28.0,32.2,4.7,9.0,327.1,98.1,178.3,398.4,6.7,1
24,Female,12.4,41.5,89.0,29.9,35.1,5.99,6.6,152.4,100.1,158.3,399.0,8.4,1
63,Female,14.7,43.0,90.6,30.6,34.2,5.4,9.3,203.1,100.4,160.2,400.2,9.4,0
10,Female,11.0,40.5,88.1,28.4,32.4,4.2,5.1,238.3,98.4,157.3,398.1,6.7,1
17,Male,16.8,46.3,90.3,30.3,35.4,6.1,6.2,317.7,100.8,180.7,400.4,9.3,0
88,Male,13.8,44.1,88.4,28.2,32.3,4.7,8.2,150.0,98.4,178.1,398.2,6.8,1
43,Male,14.3,47.4,90.6,29.1,34.7,4.41,9.2,347.8,98.8,180.5,400.2,9.4,0
74,Male,16.2,46.4,90.5,30.8,35.4,6.1,5.2,263.5,100.2,180.8,401.1,9.6,0
78,Male,13.9,44.5,88.3,28.1,32.4,4.7,5.6,188.7,98.3,178.3,398.4,6.6,1
0,Male,13.2,47.0,88.9,31.5,33.6,4.97,8.4,211.6,101.3,180.6,398.8,9.3,1
9,Female,13.2,43.2,91.4,31.4,35.4,4.85,5.6,287.0,100.3,160.2,400.6,9.9,0
9,Female,12.7,42.4,90.6,31.1,34.1,5.36,5.2,212.9,101.0,159.4,400.9,9.3,0
59,Male,15.9,47.2,90.5,30.7,35.4,5.76,8.4,291.0,100.3,180.8,400.5,9.7,0
77,Male,13.9,44.0,88.1,28.2,32.1,4.7,6.8,247.4,98.3,178.2,398.0,7.0,1
74,Male,16.4,46.1,90.6,30.4,34.3,6.1,8.9,298.7,101.4,181.4,400.8,9.2,0
65,Male,16.4,44.6,88.5,31.1,33.6,5.12,8.9,226.9,99.9,179.8,398.6,9.4,0
15,Male,16.9,47.3,91.3,30.8,35.2,5.67,7.4,252.2,100.4,181.2,400.7,8.6,0
4,Male,12.4,46.6,91.4,30.8,34.8,5.61,7.3,214.1,101.4,180.3,401.0,8.6,0
22,Female,12.0,40.4,88.1,28.5,32.1,4.2,8.0,221.5,98.5,157.2,398.4,6.5,1
31,Female,12.3,43.4,91.4,30.9,34.0,4.37,7.1,260.8,100.8,159.9,401.1,8.5,0
16,Male,13.6,44.3,88.5,28.2,32.1,4.7,7.6,295.7,98.1,178.0,398.5,6.9,1
3,Female,11.0,40.2,88.1,28.4,32.5,4.2,6.6,263.9,98.3,157.3,398.3,6.5,1
13,Female,14.6,42.7,90.6,31.1,34.8,5.4,7.7,214.1,100.7,159.1,400.4,8.5,0
23,Female,12.2,40.2,88.0,28.4,32.2,4.2,6.1,220.2,98.3,157.2,398.1,7.0,1
9,Female,13.5,42.9,91.0,30.5,35.0,5.4,6.5,301.9,100.7,159.6,401.2,9.9,0
48,Female,12.0,40.3,88.1,28.2,32.4,4.2,7.4,222.4,98.2,157.2,398.4,6.6,1
15,Male,14.0,44.3,88.1,28.1,32.3,4.7,9.3,150.0,98.1,178.1,398.2,6.7,1
18,Male,13.6,44.1,88.4,28.3,32.1,4.7,6.5,242.5,98.0,178.5,398.2,6.6,1
4,Female,11.8,40.7,91.2,31.0,33.6,4.97,4.7,248.2,99.2,159.0,399.8,8.2,0
56,Male,13.5,44.1,88.3,28.3,32.1,4.7,6.6,248.4,98.0,178.3,398.2,6.5,1
64,Female,12.0,40.3,88.4,28.0,32.4,4.2,4.8,282.7,98.5,157.3,398.5,6.9,1
14,Female,12.2,40.5,88.1,28.2,32.3,4.2,7.7,333.2,98.2,157.5,398.1,6.9,1
4,Male,12.3,46.7,90.1,31.1,35.4,6.05,6.3,169.7,101.1,180.0,400.9,9.4,0
34,Male,16.4,47.2,91.1,30.9,34.5,6.1,7.9,216.8,101.2,181.2,400.7,8.8,0
4,Female,11.0,40.3,88.0,28.2,32.4,4.2,5.3,235.4,98.2,157.3,398.5,6.8,1
71,Female,14.0,42.2,91.1,30.8,34.9,5.4,6.0,172.5,100.9,159.1,401.2,9.0,0
18,Male,15.7,46.3,91.2,30.4,35.2,5.81,7.0,223.9,100.3,181.1,401.0,9.9,0
13,Female,13.3,40.9,90.8,29.9,33.0,5.13,9.5,317.5,99.3,157.5,400.8,7.0,1
17,Female,14.6,43.0,89.8,29.9,33.1,5.05,6.6,226.1,99.0,160.2,400.6,9.3,1
18,Female,12.0,40.4,88.4,28.4,32.4,4.2,5.2,332.9,98.0,157.5,398.1,6.5,1
71,Male,16.8,47.5,90.9,30.5,35.0,6.1,6.7,186.7,100.5,180.4,401.3,9.1,0
4,Female,13.4,42.4,91.0,30.3,34.8,5.4,6.3,257.1,101.5,159.2,401.1,9.3,0
1,Male,13.5,46.9,91.2,30.8,34.9,6.1,7.9,207.1,100.4,180.0,401.0,8.8,0
26,Female,12.0,40.2,88.2,28.2,32.4,4.2,4.7,268.0,98.2,157.2,398.5,6.5,1
79,Female,12.1,40.2,88.3,28.1,32.3,4.2,8.2,266.0,98.3,157.2,398.3,6.7,1
21,Male,14.1,46.4,89.0,31.3,35.1,5.86,6.3,200.7,101.4,179.4,401.5,9.5,1
10,Male,11.0,44.4,88.2,28.1,32.0,4.7,8.0,364.2,98.2,178.4,398.3,6.7,1
15,Female,12.0,40.2,88.4,28.3,32.4,4.2,6.9,327.3,98.3,157.3,398.1,6.8,1
79,Female,12.0,40.2,88.2,28.4,32.3,4.2,8.9,283.8,98.1,157.5,398.3,6.9,1
14,Female,14.0,42.3,91.1,31.1,34.8,5.4,6.6,186.5,101.3,160.3,401.0,10.0,0
4,Male,13.7,47.1,91.3,29.2,33.5,6.51,8.6,321.8,99.1,179.9,400.5,8.7,1
15,Female,15.0,42.4,91.4,31.0,34.6,5.22,8.1,194.9,101.3,160.1,401.3,9.7,0
54,Female,12.1,40.0,88.1,28.1,32.3,4.2,7.7,271.3,98.2,157.2,398.3,6.9,1
31,Female,14.6,41.6,89.7,31.2,34.5,4.05,5.6,272.1,99.3,157.7,400.5,9.8,1
57,Male,13.5,44.1,88.4,28.4,32.0,4.7,4.5,163.4,98.4,178.3,398.5,7.0,1
16,Female,12.2,40.2,88.3,28.2,32.2,4.2,6.2,251.7,98.2,157.1,398.1,7.0,1
16,Male,16.4,46.1,90.8,30.9,34.3,5.81,6.3,358.9,101.3,180.5,400.4,10.0,0
21,Male,13.9,44.4,88.0,28.3,32.1,4.7,5.7,263.9,98.2,178.1,398.1,6.8,1
15,Male,15.8,46.3,91.4,31.3,34.8,6.1,4.5,221.7,101.4,180.2,400.6,9.0,0
13,Female,12.0,40.3,88.4,28.1,32.3,4.2,7.5,182.0,98.2,157.2,398.2,7.0,1
80,Male,14.1,45.1,89.9,30.8,33.0,4.54,8.8,270.7,100.2,180.3,401.4,9.4,1
3,Female,12.8,42.8,90.3,31.0,34.1,5.4,6.2,334.7,101.3,159.9,401.4,8.9,0
15,Male,15.6,47.4,90.9,31.2,34.6,6.1,6.6,301.4,100.8,180.0,400.2,9.5,0
19,Male,15.9,47.2,90.8,31.4,34.6,6.1,7.6,248.0,101.4,180.5,401.3,9.8,0
49,Male,14.0,44.4,88.4,28.1,32.3,4.7,6.7,214.9,98.0,178.0,398.4,6.5,1
10,Female,11.0,40.2,88.5,28.0,32.3,4.2,4.6,239.1,98.3,157.5,398.0,6.6,1
50,Female,14.2,43.5,90.1,30.7,34.5,5.4,8.4,207.9,101.3,160.0,401.3,8.6,0
81,Female,12.0,40.0,88.3,28.3,32.2,4.2,9.1,170.9,98.2,157.4,398.1,6.6,1
40,Female,12.0,40.1,88.0,28.3,32.1,4.2,8.3,231.4,98.2,157.2,398.0,6.9,1
11,Male,12.7,46.7,90.3,30.3,34.0,6.1,6.0,215.1,100.4,180.2,401.0,8.6,0
48,Male,16.9,45.0,88.8,29.1,32.8,4.65,4.5,265.1,101.0,179.6,399.7,7.3,0
65,Female,14.9,43.2,90.4,30.7,33.8,4.37,6.2,272.9,100.2,159.0,400.7,9.5,1
20,Male,13.8,44.5,88.1,28.3,32.1,4.7,6.3,250.3,98.3,178.0,398.3,6.7,1
16,Female,14.3,42.2,90.5,30.2,34.7,4.28,5.9,299.3,101.4,158.7,398.5,8.4,0
24,Male,16.8,46.2,91.0,30.4,34.5,6.1,6.5,239.4,100.1,180.8,401.0,9.0,0
19,Female,12.0,40.1,88.2,28.1,32.3,4.2,7.0,339.2,98.1,157.5,398.0,6.5,1
47,Male,16.4,47.3,90.4,31.1,35.2,6.0,9.3,192.6,100.1,181.1,400.1,8.8,0
12,Male,14.0,44.9,91.1,28.7,35.2,4.52,7.1,257.3,101.4,180.0,400.8,7.8,0
16,Male,13.7,44.4,88.3,28.3,32.1,4.7,6.3,150.0,98.0,178.4,398.5,6.8,1
19,Female,14.9,42.4,90.7,30.7,34.4,4.94,6.7,240.0,100.3,159.4,400.4,9.2,0
40,Male,16.4,47.2,90.5,28.6,33.9,3.96,5.5,231.6,100.7,179.0,399.2,7.3,0
9,Female,12.7,42.7,90.6,31.3,34.1,5.4,5.6,325.0,100.6,159.5,400.9,9.6,0
12,Male,13.9,44.1,88.4,28.0,32.3,4.7,7.5,291.1,98.0,178.1,398.0,6.9,1
28,Male,15.7,47.2,88.9,31.4,34.4,4.64,8.3,205.0,99.3,179.9,399.3,9.2,0
8,Male,12.6,46.2,90.4,30.5,35.0,5.49,7.9,222.1,100.2,180.5,401.3,8.7,0
51,Female,12.0,40.3,88.5,28.4,32.3,4.2,5.3,202.2,98.1,157.4,398.4,6.9,1
31,Male,16.6,47.5,90.2,28.9,34.0,6.45,8.0,164.4,99.0,179.0,400.3,9.8,1
77,Female,12.0,40.1,88.4,28.3,32.0,4.2,7.1,287.2,98.2,157.1,398.1,6.9,1
68,Female,13.9,43.0,90.8,30.5,34.2,5.4,5.4,186.3,101.1,160.4,400.5,9.6,0
41,Male,13.6,44.3,88.1,28.1,32.2,4.7,6.4,342.1,98.0,178.1,398.0,7.0,1
76,Male,16.7,46.7,89.6,30.7,32.6,4.96,6.3,212.6,100.2,180.4,401.4,8.8,1
19,Male,14.0,44.3,88.1,28.3,32.2,4.7,7.4,185.2,98.3,178.4,398.1,7.0,1
16,Female,12.0,40.4,88.1,28.5,32.2,4.2,4.5,267.0,98.3,157.1,398.5,6.9,1
20,Male,13.8,44.2,88.1,28.5,32.1,4.7,6.9,150.0,98.4,178.1,398.3,6.7,1
7,Female,13.2,42.1,91.4,30.8,34.8,5.4,7.2,261.3,100.0,159.4,400.6,9.4,0
24,Male,15.5,46.5,90.3,31.1,34.1,6.1,5.9,229.6,101.2,180.3,400.3,8.9,0
84,Female,12.1,40.2,88.1,28.0,32.2,4.2,8.1,229.4,98.1,157.2,398.4,7.0,1
79,Male,16.7,46.7,90.3,31.2,34.5,5.66,5.9,261.9,101.5,180.9,401.5,9.0,0
42,Female,12.2,40.0,88.5,28.3,32.3,4.2,5.3,265.8,98.4,157.2,398.1,6.8,1
5,Female,11.0,40.3,88.3,28.4,32.3,4.2,7.9,297.8,98.2,157.5,398.0,6.7,1
16,Male,17.0,46.7,90.4,31.3,34.7,6.1,6.7,210.2,101.4,180.9,400.5,9.4,0
17,Female,15.1,43.1,90.1,30.1,35.0,5.36,6.0,328.0,101.5,160.0,400.1,9.0,0
1,Male,11.0,44.1,88.1,28.1,32.0,4.7,5.3,289.6,98.0,178.1,398.2,6.5,1
67,Female,12.2,40.5,88.1,28.4,32.1,4.2,7.2,202.7,98.3,157.4,398.3,6.9,1
15,Female,12.1,40.4,88.3,28.1,32.2,4.2,6.1,245.2,98.3,157.1,398.2,6.5,1
50,Female,15.1,42.8,90.7,30.4,34.4,5.15,5.8,253.4,101.1,160.3,401.4,9.4,0
15,Female,12.0,40.3,88.5,28.4,32.3,4.2,8.6,346.9,98.0,157.0,398.4,6.6,1
77,Male,16.9,47.3,90.7,30.0,35.4,5.59,6.1,227.3,100.3,181.2,400.9,9.9,0
13,Female,13.6,40.5,89.5,29.1,35.5,4.28,7.5,218.2,98.8,157.5,400.8,7.1,1
5,Male,11.0,44.0,88.3,28.2,32.2,4.7,8.3,288.6,98.4,178.3,398.4,6.8,1
17,Male,14.7,45.2,89.2,31.2,32.7,4.87,4.7,213.3,99.6,180.4,398.9,8.1,1
29,Male,16.6,47.4,90.3,31.5,35.2,6.1,8.0,150.0,101.0,180.9,401.1,8.6,0
47,Male,16.6,46.1,90.3,30.5,34.2,6.09,7.0,267.7,101.1,181.0,401.3,8.8,0
33,Male,16.8,46.5,91.4,30.1,34.7,6.1,8.2,212.7,100.9,180.0,400.9,9.2,0
16,Female,12.2,40.5,88.2,28.3,32.4,4.2,6.5,234.1,98.1,157.2,398.2,6.7,1
0,Female,13.2,42.3,90.1,30.6,34.3,5.34,6.4,238.0,100.8,159.0,401.4,9.0,0
17,Male,16.8,46.3,91.4,30.5,34.7,6.1,4.5,291.3,100.8,181.1,400.1,8.5,0
18,Female,14.3,43.0,90.9,30.0,34.5,5.18,7.1,251.7,100.4,159.2,400.3,8.8,0
15,Female,15.2,42.5,91.1,31.2,34.6,5.4,6.7,205.7,101.5,159.3,400.6,9.7,0
1,Female,11.0,40.3,88.2,28.0,32.1,4.2,6.9,258.4,98.3,157.4,398.5,6.9,1
13,Female,14.2,42.7,90.7,30.7,34.9,5.15,6.2,258.5,101.4,160.0,400.2,10.0,0
55,Female,14.2,42.4,89.5,30.7,34.8,5.36,5.4,150.0,99.5,159.2,399.4,8.3,1
15,Female,12.4,42.7,89.2,31.4,34.1,5.65,7.4,238.4,101.4,159.1,401.1,9.0,0
90,Female,14.7,42.5,90.5,30.9,34.3,5.02,4.8,237.0,100.3,160.3,400.9,9.0,0
56,Male,15.9,45.8,89.8,28.8,32.5,6.46,7.4,179.4,101.3,179.6,400.9,8.7,1
76,Female,14.3,40.8,90.2,31.1,34.3,4.43,6.1,313.5,99.3,157.8,401.1,8.9,1
18,Female,14.4,42.5,91.2,30.8,34.6,5.4,8.5,232.2,100.8,159.3,400.9,8.9,0
30,Female,14.4,43.0,90.5,30.2,35.1,5.4,6.1,230.0,100.8,159.3,400.6,9.7,0
73,Male,17.0,44.8,90.0,30.3,33.8,5.55,6.1,274.7,101.3,179.7,400.4,8.3,0
62,Male,13.9,44.3,88.0,28.3,32.0,4.7,4.8,207.8,98.2,178.2,398.4,6.6,1
13,Female,12.2,40.3,88.1,28.0,32.2,4.2,5.9,286.8,98.2,157.4,398.2,6.9,1
26,Female,14.4,43.3,90.9,31.0,34.1,5.23,6.5,256.7,100.5,159.5,400.7,9.0,0
21,Female,12.1,40.4,88.3,28.2,32.5,4.2,7.5,275.7,98.5,157.2,398.4,7.0,1
14,Male,13.9,44.3,88.3,28.4,32.1,4.7,8.9,210.8,98.0,178.2,398.2,6.7,1
23,Male,16.8,47.0,90.8,30.5,35.5,5.88,7.3,333.4,100.9,180.6,401.4,9.4,0
10,Female,11.0,40.4,88.4,28.1,32.4,4.2,7.1,263.9,98.2,157.5,398.2,6.9,1
7,Male,12.8,46.4,90.4,30.7,35.1,5.71,9.1,229.0,100.5,180.8,400.3,9.6,0
46,Female,15.2,42.0,90.0,31.3,35.1,4.96,7.3,273.2,100.2,160.3,400.7,8.9,0
87,Female,12.0,40.5,88.3,28.2,32.4,4.2,5.6,205.4,98.1,157.4,398.2,6.9,1
11,Male,12.6,46.8,91.3,31.1,35.2,5.93,4.5,175.3,100.3,180.1,400.9,10.0,0
16,Female,14.6,42.8,90.7,31.0,33.1,4.8,4.5,231.8,99.9,158.9,401.5,8.7,1
39,Male,15.7,47.4,90.1,31.2,34.2,5.46,5.5,298.8,101.1,180.8,400.2,9.9,0
14,Female,12.0,40.2,88.0,28.1,32.3,4.2,4.5,268.8,98.3,157.3,398.1,6.8,1
14,Female,14.6,43.4,90.5,30.7,33.7,4.83,7.4,334.7,98.6,159.4,401.4,9.1,1
7,Male,11.0,44.2,88.2,28.3,32.2,4.7,5.8,241.7,98.4,178.0,398.3,6.9,1
18,Male,13.7,44.4,88.2,28.1,32.4,4.7,7.5,218.5,98.1,178.2,398.4,6.6,1
60,Female,12.0,40.0,88.4,28.1,32.5,4.2,9.2,295.0,98.4,157.3,398.2,6.8,1
20,Female,14.1,42.5,90.9,31.3,34.3,5.4,6.8,232.8,100.3,160.4,400.3,9.4,0
10,Male,12.5,46.5,90.3,30.5,34.1,6.1,7.4,172.2,101.3,181.0,400.8,9.0,0
6,Male,13.5,46.3,90.6,31.4,34.1,5.54,7.5,192.6,100.2,181.5,400.7,9.3,0
34,Male,13.9,44.3,88.2,28.3,32.2,4.7,7.4,253.0,98.3,178.3,398.4,7.0,1
41,Female,13.8,42.6,91.0,31.3,35.4,5.4,8.9,305.8,100.0,159.5,401.4,9.5,0
12,Male,13.7,44.2,88.3,28.5,32.1,4.7,6.8,246.6,98.3,178.1,398.3,6.6,1
29,Male,16.2,46.5,90.3,30.3,34.6,6.1,7.9,207.0,100.5,180.7,400.2,9.1,0
17,Female,12.0,40.0,88.2,28.0,32.4,4.2,5.7,239.7,98.0,157.1,398.2,6.8,1
34,Female,12.0,40.3,88.5,28.0,32.0,4.2,4.5,364.6,98.1,157.3,398.2,6.6,1
18,Female,12.0,40.1,88.2,28.4,32.3,4.2,9.5,212.3,98.4,157.5,398.4,6.9,1
17,Female,12.0,40.1,88.1,28.1,32.3,4.2,4.5,150.0,98.4,157.4,398.0,7.0,1
10,Female,11.1,40.8,90.7,31.0,34.9,6.27,6.7,298.3,99.8,158.4,399.2,9.4,1
17,Male,16.2,46.3,88.8,29.9,35.1,6.19,5.8,187.6,99.1,180.7,400.2,8.7,1
49,Female,12.0,40.4,88.1,28.3,32.4,4.2,8.5,223.3,98.3,157.4,398.2,6.6,1
12,Female,12.0,40.4,88.3,28.5,32.2,4.2,5.7,228.2,98.3,157.1,398.3,7.0,1
70,Female,14.7,42.1,91.3,30.2,35.2,5.4,7.8,214.9,100.7,160.0,401.3,8.9,0
14,Male,13.5,44.4,88.5,28.1,32.4,4.7,8.8,290.9,98.1,178.4,398.1,7.0,1
19,Female,15.0,43.4,90.5,30.7,35.3,4.87,6.6,323.4,100.6,159.7,400.6,9.6,0
44,Female,13.8,43.3,90.8,30.7,35.4,5.4,7.8,240.7,101.3,160.4,400.1,9.9,0
58,Male,16.5,46.2,90.4,31.0,35.2,5.76,5.7,195.9,100.9,180.3,400.2,9.5,0
13,Male,13.7,44.3,88.4,28.1,32.2,4.7,6.4,329.7,98.4,178.4,398.2,6.6,1
14,Male,15.9,46.2,90.8,30.8,34.1,6.1,5.2,273.4,100.7,181.1,400.8,9.1,0
19,Female,12.5,42.9,91.0,29.7,32.9,4.87,8.2,286.4,99.6,157.9,401.5,7.1,1
2,Male,11.0,44.0,88.2,28.3,32.3,4.7,4.5,205.2,98.3,178.2,398.2,6.9,1
3,Male,13.1,46.4,90.5,30.5,34.9,5.9,6.1,326.7,100.1,181.2,400.4,9.1,0
19,Female,13.9,42.2,90.5,30.4,34.9,5.35,8.6,287.0,100.3,160.4,401.2,9.4,0
14,Male,16.4,46.3,90.1,30.5,34.3,6.1,5.4,390.1,100.1,180.0,401.5,9.5,0
62,Female,14.3,42.3,90.4,30.9,35.3,5.36,8.6,215.9,100.0,159.5,400.7,9.4,0
15,Female,12.0,40.4,88.3,28.3,32.1,4.2,8.3,271.3,98.3,157.2,398.3,6.6,1
15,Male,15.8,45.8,89.5,29.0,34.6,6.79,7.4,150.0,99.0,178.7,399.0,7.3,0
19,Female,12.1,40.1,88.1,28.2,32.4,4.2,7.0,225.9,98.1,157.2,398.4,6.6,1
68,Female,14.8,42.8,91.1,31.5,34.5,5.4,7.2,326.1,101.2,160.0,400.8,9.9,0
11,Male,11.0,44.0,88.2,28.1,32.3,4.7,9.6,276.9,98.4,178.1,398.0,6.6,1
48,Female,12.0,40.4,88.1,28.2,32.4,4.2,8.7,378.3,98.2,157.2,398.1,6.8,1
1,Female,13.3,42.8,90.8,30.8,35.4,5.4,4.9,184.9,100.8,159.1,400.5,8.8,0
15,Female,15.1,43.2,91.1,30.5,34.7,5.4,5.9,220.9,100.3,159.1,401.5,9.8,0
88,Male,13.5,44.1,88.2,28.4,32.4,4.7,7.6,210.5,98.1,178.2,398.2,6.9,1
41,Male,15.6,46.6,90.5,31.2,35.5,6.09,7.8,294.3,101.5,181.2,400.1,9.6,0
12,Female,14.7,43.2,91.0,30.3,35.0,5.39,8.2,246.4,100.5,159.9,400.5,8.6,0
17,Male,13.5,44.0,88.2,28.5,32.3,4.7,7.4,225.3,98.1,178.3,398.1,6.9,1
49,Female,14.1,43.2,91.0,30.3,34.8,5.4,6.4,232.5,100.8,160.0,400.7,8.6,0
70,Female,12.0,40.4,88.3,28.3,32.4,4.2,9.5,239.9,98.4,157.1,398.1,6.9,1
45,Female,14.6,42.4,91.0,31.1,34.3,5.4,9.3,225.9,101.0,159.7,401.0,8.9,0
75,Female,14.0,43.0,90.3,30.7,35.3,4.12,8.3,244.4,100.0,157.5,398.6,7.3,0
23,Male,13.8,44.5,88.4,28.4,32.1,4.7,7.3,205.3,98.0,178.2,398.3,6.6,1
43,Female,14.7,42.3,91.5,30.4,34.8,5.4,4.6,235.2,100.8,159.1,400.6,8.8,0
73,Male,15.0,44.9,90.9,29.9,35.1,5.6,6.3,204.8,99.7,181.1,401.1,8.4,1
5,Male,11.0,44.0,88.5,28.2,32.1,4.7,9.3,243.1,98.3,178.0,398.2,6.7,1
2,Male,13.3,46.3,91.0,30.4,35.3,6.1,5.5,212.4,100.6,180.4,401.0,9.7,0
53,Male,15.6,46.2,88.5,29.8,34.9,5.76,5.8,272.6,101.2,180.7,401.2,7.9,1
18,Male,13.9,44.2,88.2,28.4,32.4,4.7,7.8,297.7,98.2,178.5,398.0,6.7,1
46,Male,13.7,44.4,88.4,28.1,32.5,4.7,8.1,257.5,98.0,178.3,398.1,6.6,1
41,Female,12.0,40.2,88.3,28.2,32.1,4.2,7.7,258.5,98.1,157.1,398.5,6.8,1
4,Female,11.7,42.1,91.5,29.0,35.1,4.08,7.5,264.0,98.8,158.6,399.3,7.0,1
18,Female,14.3,42.0,90.7,31.1,34.5,5.4,8.0,214.5,100.1,160.1,400.6,8.6,0
79,Female,12.0,40.4,88.1,28.1,32.1,4.2,8.0,268.3,98.0,157.4,398.3,6.7,1
65,Female,12.0,40.2,88.1,28.5,32.3,4.2,5.3,182.0,98.1,157.1,398.5,6.8,1
7,Male,13.4,47.4,90.9,30.3,34.4,5.7,5.8,196.7,100.8,180.9,400.6,9.4,0
2,Male,11.0,44.2,88.3,28.2,32.1,4.7,6.4,228.0,98.1,178.1,398.0,6.8,1
34,Female,14.1,41.7,89.2,30.9,33.8,4.85,5.3,286.4,99.5,158.2,400.4,9.6,1
88,Female,14.1,42.7,90.3,30.4,35.3,5.4,6.8,231.1,100.8,159.1,401.0,9.1,0
7,Female,11.0,40.4,88.3,28.4,32.2,4.2,5.9,332.0,98.2,157.2,398.1,6.6,1
86,Male,13.6,44.4,88.2,28.5,32.3,4.7,4.5,209.5,98.4,178.1,398.1,6.7,1
45,Female,13.4,41.9,91.3,31.0,32.9,4.38,4.9,241.2,98.9,158.5,400.5,9.9,0
15,Female,14.4,42.8,88.6,29.2,33.1,6.18,9.5,173.9,99.3,158.3,399.8,8.0,0
27,Male,16.5,47.5,90.5,30.5,34.8,5.98,8.2,292.2,100.5,180.8,400.5,8.5,0
13,Female,12.0,40.4,88.3,28.3,32.0,4.2,8.0,216.8,98.4,157.4,398.2,6.9,1
1,Female,13.1,43.2,88.8,29.6,35.0,3.83,7.6,265.7,99.3,160.4,401.0,7.5,1
15,Male,13.5,44.3,88.0,28.4,32.4,4.7,9.8,252.7,98.0,178.4,398.1,6.7,1
28,Male,16.6,46.6,90.6,30.6,34.8,6.08,7.5,283.0,101.3,181.1,401.5,9.5,0
88,Male,14.1,46.1,90.1,28.8,32.6,5.04,9.1,248.7,100.5,179.0,400.5,8.1,1
3,Female,12.3,42.6,90.7,31.2,34.6,5.22,4.6,238.6,100.1,159.2,400.5,8.5,0
4,Female,13.3,42.3,91.3,31.3,35.0,5.4,6.2,281.4,101.2,160.4,400.2,10.0,0
77,Female,12.0,40.5,88.2,28.1,32.4,4.2,5.5,266.6,98.0,157.4,398.2,6.5,1
14,Male,16.3,45.9,88.9,30.9,33.9,6.27,7.7,327.7,100.7,181.1,399.8,9.9,0
15,Female,12.0,40.1,88.0,28.4,32.4,4.2,6.1,302.8,98.1,157.3,398.3,7.0,1
19,Female,12.0,40.0,88.4,28.1,32.5,4.2,8.4,271.9,98.1,157.4,398.3,6.6,1
13,Female,13.8,41.5,88.9,30.5,35.1,4.82,6.5,225.8,100.6,157.9,400.0,7.1,1
55,Male,16.0,46.3,90.7,31.3,34.5,5.96,7.1,307.1,100.8,181.3,400.7,9.5,0
62,Male,16.6,46.5,91.1,30.1,34.8,5.58,5.5,206.2,101.3,180.3,401.2,9.7,0
70,Male,13.6,44.1,88.0,28.0,32.4,4.7,6.3,202.2,98.4,178.4,398.1,6.7,1
54,Female,14.7,43.5,91.1,31.5,35.1,5.4,9.3,220.7,101.0,160.0,401.1,9.8,0
4,Female,11.5,42.9,91.3,30.7,34.0,3.67,8.3,275.6,99.7,159.8,400.1,9.3,0
52,Male,16.8,46.8,90.6,31.3,34.5,5.52,9.2,236.0,100.0,180.9,400.9,9.9,0
23,Male,13.7,44.1,88.4,28.5,32.0,4.7,7.4,274.2,98.4,178.5,398.2,6.8,1
4,Male,13.5,46.1,90.3,31.3,34.4,5.73,10.1,250.0,100.4,181.1,401.1,9.0,0
22,Female,12.1,40.4,88.2,28.4,32.5,4.2,6.4,260.1,98.3,157.3,398.3,6.8,1
38,Male,13.8,44.5,88.5,28.2,32.2,4.7,6.1,288.1,98.3,178.2,398.4,6.6,1
27,Female,14.1,42.8,90.8,31.3,34.0,5.28,6.5,272.4,100.2,159.9,400.5,9.2,0
2,Female,11.0,40.1,88.4,28.4,32.1,4.2,5.7,165.8,98.0,157.3,398.4,6.8,1
54,Female,12.0,40.1,88.1,28.4,32.2,4.2,7.9,270.3,98.0,157.1,398.2,6.6,1
52,Female,15.0,42.3,90.2,31.3,34.3,5.4,6.6,308.6,101.2,159.6,400.1,9.6,0
7,Male,11.6,47.3,90.4,31.2,34.2,6.86,9.1,292.4,101.1,179.6,399.4,7.5,0
57,Female,14.8,40.7,90.9,29.4,35.3,4.79,6.0,206.9,100.1,157.6,401.0,8.4,0
4,Male,11.0,44.1,88.2,28.2,32.1,4.7,5.3,314.9,98.4,178.5,398.1,6.7,1
74,Male,15.7,46.2,90.9,30.4,34.2,6.1,5.9,308.1,100.9,180.1,401.4,9.0,0
17,Female,12.2,40.4,88.2,28.0,32.5,4.2,8.9,273.7,98.3,157.3,398.5,6.7,1
68,Male,13.5,44.3,88.1,28.4,32.3,4.7,9.1,257.2,98.4,178.0,398.0,6.9,1
63,Male,16.7,46.6,91.1,29.4,32.6,4.99,5.5,297.7,99.3,178.8,399.1,9.2,0
2,Female,13.0,43.4,90.8,31.5,34.2,5.4,6.4,249.9,101.5,160.4,400.6,9.9,0
46,Male,13.5,44.0,88.1,28.3,32.2,4.7,7.8,292.5,98.2,178.3,398.1,6.8,1
51,Male,14.9,45.5,91.2,28.5,33.0,4.74,8.7,276.5,98.8,178.9,399.3,8.8,0
64,Female,12.0,40.2,88.2,28.1,32.2,4.2,6.3,222.2,98.1,157.3,398.4,6.7,1
5,Female,12.6,42.4,91.1,30.5,34.1,5.32,8.7,274.8,101.4,160.1,400.6,8.9,0
14,Male,13.8,44.2,88.1,28.3,32.3,4.7,9.5,231.5,98.3,178.2,398.1,6.8,1
21,Female,13.9,42.3,91.3,29.7,33.4,3.62,6.8,205.6,99.4,159.1,398.7,9.0,1
44,Female,14.0,41.5,90.7,31.2,34.7,4.71,7.0,313.2,99.8,159.5,399.2,8.4,1
13,Female,12.8,43.5,88.8,29.7,34.1,4.33,8.2,236.6,99.7,158.9,400.0,8.8,1
17,Male,13.9,44.2,88.1,28.2,32.2,4.7,6.2,230.9,98.2,178.3,398.1,6.6,1
16,Male,14.0,44.5,88.4,28.1,32.2,4.7,6.1,245.8,98.1,178.1,398.3,6.7,1
1,Female,13.0,42.5,89.0,31.4,32.5,4.92,8.2,267.3,99.8,159.7,400.6,9.6,0
11,Female,11.0,40.3,88.2,28.0,32.1,4.2,4.5,232.1,98.1,157.0,398.4,6.9,1
80,Female,13.0,40.6,90.0,30.2,32.6,3.7,8.0,298.0,101.4,158.2,399.2,8.6,1
10,Male,11.0,46.3,89.9,30.9,33.0,6.01,4.8,283.6,101.0,180.9,398.6,9.3,1
19,Female,14.9,43.0,91.3,31.2,34.3,5.16,6.8,247.4,100.5,160.2,401.3,8.5,0
31,Male,16.6,46.0,91.3,30.2,34.2,6.1,7.2,305.4,100.4,180.5,400.5,9.0,0
13,Male,13.5,44.4,88.2,28.2,32.4,4.7,6.0,277.9,98.3,178.4,398.2,6.5,1
28,Female,15.0,41.5,90.4,30.3,34.9,6.03,4.5,187.5,100.9,157.9,399.3,7.4,1
52,Male,13.7,44.1,88.4,28.5,32.4,4.7,8.1,167.9,98.2,178.1,398.3,6.8,1
17,Female,14.0,42.9,90.1,30.5,34.7,4.91,4.5,271.9,101.5,159.9,400.4,8.7,0
52,Male,13.7,44.2,88.1,28.2,32.0,4.7,7.0,187.4,98.5,178.4,398.4,6.8,1
18,Female,12.0,40.3,88.5,28.3,32.5,4.2,6.4,249.7,98.5,157.1,398.5,6.7,1
43,Female,14.8,43.0,91.2,31.3,34.5,5.4,5.7,185.7,100.8,159.7,400.9,9.6,0
9,Female,11.0,40.3,88.2,28.4,32.3,4.2,4.5,232.9,98.1,157.2,398.1,6.7,1
77,Male,13.6,44.2,88.2,28.5,32.3,4.7,4.9,265.2,98.3,178.1,398.1,6.6,1
5,Female,12.6,42.9,90.1,30.2,35.0,5.4,6.3,325.7,100.2,160.3,400.1,8.8,0
90,Male,13.7,44.2,88.3,28.2,32.2,4.7,4.7,226.2,98.2,178.4,398.3,6.7,1
35,Female,14.9,42.5,90.1,30.2,34.2,5.4,6.7,267.5,100.7,159.8,401.5,8.6,0
0,Male,13.3,47.1,90.9,30.3,34.8,5.87,9.8,202.6,101.1,180.3,400.6,8.9,0
3,Female,12.7,42.6,91.2,30.7,34.7,5.4,8.0,158.8,100.2,159.7,401.4,10.0,0
16,Female,12.1,40.2,88.5,28.2,32.2,4.2,5.5,273.6,98.3,157.0,398.1,6.6,1
8,Male,11.0,44.3,88.0,28.1,32.0,4.7,8.0,296.7,98.1,178.4,398.2,6.5,1
10,Female,11.0,40.1,88.5,28.2,32.3,4.2,9.0,256.3,98.0,157.2,398.3,6.6,1
29,Male,16.1,47.2,90.1,30.6,34.6,6.1,7.0,276.4,101.5,180.5,400.0,8.7,0
9,Female,11.0,40.4,88.5,28.3,32.3,4.2,7.3,264.2,98.4,157.1,398.4,6.9,1
30,Male,13.7,44.2,88.3,28.4,32.2,4.7,5.4,186.5,98.4,178.3,398.1,6.9,1
23,Male,15.9,47.5,91.0,30.6,34.8,6.02,6.9,300.1,101.2,181.3,401.2,9.6,0
78,Male,15.7,44.6,91.1,30.7,32.8,5.63,7.6,210.5,99.1,179.2,401.0,7.9,1
89,Female,15.1,43.2,90.5,31.2,35.4,5.3,6.2,223.2,100.6,159.1,400.7,9.6,0
77,Female,13.9,43.1,90.4,30.3,35.1,5.4,8.6,309.0,100.8,159.8,400.4,8.7,0
68,Female,12.2,40.1,88.5,28.2,32.3,4.2,8.3,179.1,98.3,157.2,398.4,6.7,1
13,Female,12.9,42.2,90.1,29.3,34.6,3.77,4.5,245.6,101.4,158.1,401.3,9.8,0
7,Female,13.7,40.8,91.5,29.7,34.7,3.83,7.4,220.5,100.2,160.2,400.5,8.9,0
19,Male,13.8,44.2,88.4,28.4,32.5,4.7,5.1,201.2,98.4,178.2,398.2,6.8,1
55,Male,16.7,46.5,90.7,31.2,34.1,5.64,4.9,223.8,100.5,181.5,401.2,9.8,0
65,Female,15.0,42.1,90.5,30.0,35.4,5.4,4.9,176.1,101.0,159.1,400.2,9.8,0
8,Female,11.0,40.3,88.2,28.2,32.4,4.2,6.5,150.0,98.4,157.4,398.5,6.9,1
19,Female,14.6,42.4,90.0,31.5,35.1,5.31,6.7,211.5,100.2,160.4,400.5,9.6,0
28,Female,12.0,40.4,88.0,28.3,32.4,4.2,4.8,211.9,98.1,157.5,398.4,6.5,1
64,Female,12.0,40.0,88.0,28.1,32.4,4.2,7.4,282.4,98.2,157.1,398.1,6.7,1
18,Female,14.6,43.2,90.3,30.6,35.1,5.4,5.3,300.9,100.0,159.0,401.4,9.9,0
62,Female,12.2,40.5,88.4,28.3,32.2,4.2,11.0,169.6,98.3,157.4,398.4,6.7,1
56,Female,14.0,42.7,91.1,31.2,35.1,5.4,6.3,163.5,100.0,159.9,400.1,8.7,0
44,Female,12.0,40.2,88.3,28.4,32.4,4.2,8.6,150.0,98.5,157.5,398.4,6.6,1
5,Male,13.4,46.4,90.5,31.4,34.1,6.1,7.3,288.3,100.8,180.4,400.5,9.8,0
18,Female,14.5,42.4,91.3,31.5,35.0,5.18,6.9,203.8,101.0,160.3,400.3,9.2,0
32,Female,12.1,40.4,88.3,28.2,32.2,4.2,7.5,264.7,98.1,157.4,398.4,6.8,1
0,Female,12.4,43.4,91.2,30.0,35.2,5.4,6.5,250.6,101.2,159.3,401.1,8.5,0
2,Female,13.5,42.1,91.2,30.8,35.3,5.4,7.5,273.0,101.3,159.3,400.5,8.9,0
3,Male,11.0,44.2,88.4,28.5,32.0,4.7,4.5,190.8,98.3,178.2,398.1,6.8,1
19,Female,12.1,40.2,88.4,28.3,32.4,4.2,5.3,288.0,98.3,157.4,398.3,6.9,1
15,Male,13.7,44.5,88.5,28.2,32.3,4.7,7.2,150.0,98.1,178.3,398.3,6.8,1
15,Female,15.0,42.3,90.2,31.0,35.4,5.01,6.5,224.9,101.4,160.2,400.5,9.9,0
19,Male,13.7,44.2,88.1,28.2,32.5,4.7,8.3,226.8,98.2,178.4,398.1,6.8,1
0,Male,11.0,44.1,88.4,28.3,32.4,4.7,7.3,270.7,98.2,178.0,398.4,6.7,1
87,Male,14.9,45.7,90.7,30.8,33.6,6.66,6.2,201.8,98.9,180.5,399.2,9.0,1
17,Female,12.2,40.4,88.1,28.2,32.3,4.2,7.5,156.3,98.4,157.3,398.5,6.6,1
90,Female,14.9,42.7,90.4,30.9,34.3,5.4,7.9,214.7,100.5,159.7,401.1,9.5,0
12,Female,13.8,43.4,90.3,31.0,35.4,5.4,6.0,197.4,100.0,159.9,400.9,9.6,0
10,Female,11.0,40.1,88.2,28.4,32.3,4.2,7.5,249.3,98.4,157.2,398.1,6.9,1
15,Male,13.6,44.4,88.4,28.2,32.0,4.7,5.6,246.3,98.2,178.1,398.4,6.7,1
5,Female,11.5,40.8,90.2,31.0,33.2,4.99,6.7,200.5,99.1,157.8,399.7,9.0,1
13,Female,15.1,43.3,91.3,30.6,34.2,4.96,8.7,268.7,101.4,159.4,400.5,8.7,0
19,Female,15.1,42.2,90.3,30.9,34.8,5.4,7.9,253.8,100.1,160.1,400.3,9.1,0
19,Male,16.6,46.8,90.7,30.5,34.8,5.91,7.4,329.5,101.3,180.8,400.4,9.8,0
45,Female,12.1,40.4,88.2,28.2,32.4,4.2,7.2,230.0,98.2,157.4,398.5,6.6,1
10,Female,12.8,43.1,90.0,30.6,35.2,5.18,7.0,216.6,101.5,159.1,400.1,9.4,0
30,Female,14.7,42.9,90.6,31.0,34.2,5.4,11.0,280.7,100.9,160.2,400.7,9.1,0
7,Female,11.0,40.3,88.1,28.2,32.2,4.2,4.5,228.9,98.2,157.5,398.0,6.7,1
13,Male,15.5,47.2,90.5,30.1,35.4,5.61,4.5,269.6,100.1,180.1,400.2,8.6,0
81,Female,14.1,42.9,90.6,30.7,34.2,5.19,7.8,215.7,101.0,160.2,401.0,8.7,0
14,Male,13.9,44.1,88.1,28.4,32.2,4.7,6.9,226.5,98.2,178.4,398.3,6.9,1
71,Male,13.5,44.2,88.3,28.0,32.4,4.7,6.8,226.3,98.1,178.4,398.2,6.6,1
35,Female,12.4,43.1,90.6,30.5,34.6,5.21,7.1,225.7,99.7,158.0,400.5,8.3,0
86,Male,16.6,47.3,91.0,30.0,35.3,6.1,4.7,196.1,100.7,181.3,400.4,8.7,0
16,Male,13.6,44.4,88.5,28.4,32.4,4.7,9.2,224.1,98.1,178.4,398.1,6.8,1
13,Female,14.1,41.8,90.2,29.7,35.0,4.08,5.3,304.3,99.3,158.3,398.7,9.9,1
58,Male,15.7,46.6,90.9,31.2,35.0,6.1,6.4,202.8,100.1,181.1,401.4,8.9,0
13,Male,14.6,45.6,90.9,30.0,33.1,6.49,8.7,334.6,101.4,181.3,398.9,9.2,0
9,Female,11.0,40.4,88.4,28.3,32.2,4.2,8.9,257.1,98.1,157.2,398.3,7.0,1
15,Female,15.1,42.9,91.3,30.2,34.3,5.4,6.6,270.8,100.9,159.5,400.7,9.8,0
82,Male,15.9,47.2,91.1,31.3,34.3,5.51,7.7,251.7,100.5,181.4,400.1,9.9,0
23,Male,16.9,47.2,90.7,31.1,34.9,6.1,6.3,150.0,100.1,180.5,401.0,9.9,0
27,Male,16.6,45.7,89.8,29.1,33.6,5.79,6.3,186.0,100.4,180.2,399.3,9.9,0
9,Female,13.1,43.2,90.7,31.2,34.2,5.4,6.8,271.7,100.5,159.1,401.0,9.3,0
63,Female,12.0,40.4,88.5,28.1,32.4,4.2,8.7,311.7,98.4,157.1,398.5,6.7,1
16,Male,16.5,46.4,90.2,30.2,35.0,6.1,5.2,233.8,101.1,181.2,401.3,9.4,0
48,Female,14.3,42.8,91.3,31.5,35.1,5.4,5.6,253.3,101.0,159.2,400.4,9.6,0
10,Female,11.2,41.4,90.7,30.4,34.3,4.52,8.4,291.2,100.7,159.9,399.3,9.7,1
51,Female,12.4,42.1,88.6,30.8,34.6,6.08,6.1,221.0,99.8,159.1,399.9,7.7,0
70,Male,13.9,44.2,88.0,28.4,32.5,4.7,8.2,295.4,98.4,178.0,398.5,6.9,1
50,Male,13.9,44.2,88.3,28.3,32.4,4.7,9.3,203.9,98.3,178.3,398.2,6.5,1
19,Male,15.7,46.5,90.8,30.9,35.2,6.1,4.9,337.6,100.7,180.6,401.3,8.8,0
15,Male,15.7,47.4,91.1,31.0,35.0,6.1,7.0,201.0,101.0,180.9,401.2,8.6,0
16,Female,13.9,42.0,90.1,30.6,34.2,5.43,9.9,251.3,101.0,157.7,400.8,9.4,1
18,Female,14.5,42.9,90.9,30.9,35.3,5.4,6.5,259.0,101.4,160.4,401.1,9.3,0
71,Male,16.4,46.5,90.2,30.7,35.1,6.1,8.1,150.0,101.3,180.5,400.2,8.9,0
4,Female,11.0,40.2,88.4,28.2,32.1,4.2,6.4,211.1,98.3,157.1,398.3,6.6,1
11,Male,11.0,44.1,88.5,28.1,32.1,4.7,7.9,240.7,98.2,178.1,398.5,6.8,1
57,Female,14.3,42.7,91.0,30.5,35.2,5.02,6.6,278.1,100.2,160.3,400.4,9.8,0
50,Male,14.0,44.4,88.1,28.1,32.3,4.7,7.8,191.8,98.4,178.3,398.2,6.8,1
6,Male,13.1,47.2,90.1,29.3,34.1,4.43,7.7,150.0,101.4,179.9,398.5,7.3,0
45,Female,15.0,43.2,90.3,30.7,35.3,5.4,6.1,245.2,100.4,159.4,400.3,9.1,0
7,Female,11.0,40.3,88.3,28.2,32.3,4.2,6.2,150.0,98.1,157.4,398.4,6.9,1
4,Female,11.0,40.1,88.2,28.4,32.2,4.2,7.9,150.0,98.1,157.1,398.5,6.6,1
87,Male,13.8,44.0,88.1,28.1,32.2,4.7,6.7,333.6,98.4,178.3,398.5,6.9,1
7,Female,13.0,42.1,91.4,30.3,34.3,5.4,6.9,197.5,101.2,159.9,400.2,8.8,0
65,Male,13.6,44.3,88.0,28.3,32.3,4.7,5.6,159.1,98.5,178.1,398.0,7.0,1
84,Female,12.0,40.3,88.2,28.0,32.5,4.2,9.7,249.4,98.3,157.5,398.3,6.8,1
0,Female,11.1,40.6,89.0,31.3,35.0,4.3,7.3,194.9,98.9,159.5,401.1,8.6,1
17,Male,13.7,44.3,88.4,28.3,32.3,4.7,7.9,285.1,98.4,178.4,398.4,6.6,1
28,Male,15.8,47.4,90.8,31.1,34.2,5.8,5.6,218.6,100.2,180.3,401.0,9.2,0
17,Male,16.4,46.2,91.2,31.2,34.4,5.83,6.2,262.0,100.6,180.8,400.3,9.2,0
84,Female,12.0,40.4,88.4,28.2,32.1,4.2,8.9,263.1,98.2,157.1,398.1,6.7,1
29,Female,15.2,42.7,90.8,29.8,33.6,5.7,6.3,342.4,100.8,157.7,398.7,9.1,1
17,Male,15.1,45.4,91.1,28.9,33.4,6.17,7.4,331.7,100.9,178.8,398.5,7.3,0
3,Male,11.0,44.0,88.0,28.2,32.3,4.7,8.0,245.9,98.4,178.1,398.2,7.0,1
86,Male,15.7,46.9,91.3,30.2,35.3,6.1,4.5,251.9,100.6,181.5,400.3,9.4,0
67,Female,12.0,40.1,88.2,28.3,32.3,4.2,7.3,330.9,98.1,157.1,398.1,7.0,1
49,Male,16.7,45.0,91.3,30.6,35.4,4.43,6.8,215.9,101.5,179.9,400.4,8.6,0
30,Female,12.0,40.3,88.4,28.3,32.3,4.2,10.3,259.2,98.1,157.3,398.3,6.8,1
88,Female,14.7,42.2,91.0,31.0,35.1,4.91,8.2,212.6,100.6,160.4,400.8,8.5,0
19,Male,15.6,47.0,91.3,30.1,34.2,6.1,4.5,183.9,100.2,180.8,400.2,9.2,0
9,Female,11.0,40.4,88.2,28.3,32.1,4.2,8.4,207.5,98.1,157.2,398.3,6.8,1
58,Male,13.6,44.4,88.1,28.4,32.2,4.7,5.7,204.8,98.2,178.1,398.1,6.7,1
56,Female,14.1,42.6,90.3,30.9,34.8,5.4,6.2,162.8,100.4,159.3,400.5,9.4,0
16,Female,13.1,40.5,90.2,28.7,32.5,4.55,7.1,220.8,100.1,159.2,398.9,9.6,0
17,Female,13.9,42.7,91.5,31.5,34.3,5.28,7.4,271.3,101.5,160.3,400.3,9.6,0
58,Male,13.6,44.2,88.2,28.2,32.3,4.7,4.9,239.7,98.5,178.0,398.0,6.8,1
31,Female,14.7,43.2,90.4,31.0,35.1,5.05,6.8,266.9,101.1,160.1,400.8,8.7,0
56,Female,12.3,42.3,91.0,30.4,33.3,4.55,8.5,307.6,99.9,157.5,400.2,8.3,1
7,Male,11.0,44.1,88.2,28.4,32.3,4.7,7.0,203.9,98.3,178.4,398.4,6.9,1
0,Female,11.0,40.1,88.2,28.2,32.4,4.2,6.6,221.8,98.5,157.2,398.3,6.9,1
17,Male,16.6,47.0,90.2,30.4,34.2,6.1,5.8,282.2,100.5,181.4,400.9,9.7,0
1,Male,11.8,46.7,89.4,29.8,33.2,6.1,6.7,323.2,100.6,179.5,399.9,9.6,0
17,Male,13.9,44.3,88.1,28.4,32.4,4.7,6.3,294.4,98.3,178.3,398.4,6.9,1
19,Female,14.3,42.4,90.8,31.1,35.2,5.4,7.6,273.9,100.2,159.4,401.0,10.0,0
29,Female,14.8,43.1,90.0,31.2,34.7,5.4,6.0,164.9,101.1,160.2,400.6,9.5,0
13,Female,14.3,42.4,90.7,30.9,34.7,4.88,6.9,269.2,101.3,159.1,401.2,8.8,0
60,Female,15.0,42.0,90.2,30.1,34.2,5.4,7.5,200.5,101.3,159.1,400.0,10.0,0
66,Male,13.8,44.5,88.3,28.1,32.0,4.7,7.8,190.0,98.0,178.4,398.3,6.9,1
62,Female,14.7,43.3,91.1,30.5,35.4,5.4,6.4,306.5,100.0,159.2,401.4,8.5,0
3,Female,11.0,40.4,88.2,28.1,32.3,4.2,8.0,214.5,98.4,157.5,398.2,6.5,1
58,Female,14.6,43.4,90.6,30.8,35.1,5.4,7.0,290.8,100.3,160.1,400.2,9.1,0
65,Male,15.9,46.5,90.6,30.5,35.4,5.46,8.0,220.4,101.3,180.2,401.5,9.5,0
26,Male,16.2,47.1,90.6,30.3,35.1,6.1,6.7,284.2,100.8,180.5,400.4,9.6,0
73,Female,14.1,42.4,90.5,30.2,34.7,5.4,8.4,266.2,100.4,159.8,400.6,8.6,0
82,Male,16.2,45.8,89.7,31.1,33.6,6.88,8.8,211.2,100.0,178.7,400.9,9.5,1
52,Male,16.5,46.5,89.1,29.7,34.6,4.37,5.3,189.6,99.7,178.5,399.4,7.6,1
12,Female,12.0,40.4,88.1,28.5,32.5,4.2,7.6,255.0,98.3,157.3,398.5,6.8,1
10,Female,11.0,40.2,88.2,28.1,32.4,4.2,6.2,258.9,98.5,157.3,398.5,6.9,1
64,Female,14.4,42.1,90.9,30.7,35.1,5.08,5.2,267.1,101.1,159.5,400.9,9.8,0
10,Male,11.0,44.2,88.3,28.2,32.4,4.7,8.5,221.2,98.3,178.3,398.4,6.7,1
76,Male,15.6,44.9,89.0,28.9,32.8,4.51,6.7,283.7,101.1,178.6,400.3,8.7,1
10,Male,11.0,44.3,88.3,28.3,32.2,4.7,5.4,225.4,98.0,178.2,398.2,6.8,1
1,Male,13.3,47.4,91.3,30.8,35.2,6.1,5.5,256.8,100.2,180.8,400.4,8.5,0
7,Male,11.0,44.3,88.1,28.0,32.1,4.7,7.8,286.4,98.1,178.0,398.2,6.9,1
86,Male,13.7,44.2,88.0,28.4,32.1,4.7,9.0,239.6,98.1,178.4,398.1,6.8,1
15,Male,15.2,45.7,89.5,30.0,33.7,5.54,7.0,266.0,100.8,180.5,400.2,9.2,0
39,Female,12.2,40.2,88.3,28.4,32.5,4.2,9.2,229.4,98.2,157.5,398.2,6.5,1
74,Male,16.7,46.1,90.2,30.4,35.0,6.1,8.6,229.3,100.7,180.5,400.8,8.9,0
30,Male,16.0,46.6,90.6,31.1,35.4,6.1,9.3,242.3,101.0,180.1,400.1,8.6,0
45,Male,15.7,46.2,90.7,30.4,34.9,6.08,5.6,241.9,100.2,181.2,401.3,8.9,0
0,Female,13.5,42.6,90.7,31.2,34.8,4.98,10.0,202.1,101.1,160.0,400.2,9.0,0
46,Female,12.1,40.5,88.3,28.2,32.2,4.2,7.0,273.7,98.4,157.1,398.3,6.9,1
70,Male,13.7,44.2,88.1,28.1,32.0,4.7,8.5,213.4,98.3,178.2,398.3,6.9,1
2,Female,11.0,40.1,88.0,28.3,32.4,4.2,8.3,181.9,98.3,157.1,398.4,6.9,1
77,Male,13.6,44.3,88.2,28.5,32.3,4.7,4.9,303.9,98.0,178.2,398.4,7.0,1
79,Female,15.1,42.8,90.9,31.0,34.8,5.4,6.1,309.2,100.1,160.5,401.0,9.6,0
88,Female,13.9,42.5,90.3,31.4,34.8,5.4,8.1,150.0,100.3,160.2,400.1,9.5,0
44,Male,15.9,46.3,90.9,30.8,34.0,6.1,8.5,313.3,100.1,180.5,401.4,9.8,0
64,Male,16.7,47.2,90.0,29.0,35.0,6.43,9.1,270.4,101.2,180.1,400.1,9.7,0
12,Male,16.3,44.6,89.3,29.6,34.9,6.46,7.5,249.0,100.1,180.0,400.1,9.2,1
51,Female,14.0,42.4,91.3,30.4,35.1,5.4,5.8,287.7,100.6,159.5,400.4,9.0,0
64,Male,15.8,44.9,88.9,31.3,35.4,5.48,4.5,331.3,101.2,180.1,401.3,7.7,0
1,Male,13.5,47.3,90.5,30.2,34.3,6.04,7.4,263.1,100.0,180.8,400.6,8.8,0
69,Male,15.8,46.6,91.2,30.3,35.3,6.1,9.2,190.8,100.5,180.5,401.1,9.0,0
61,Male,16.2,47.3,91.4,31.1,34.6,6.1,5.1,298.9,101.4,180.7,400.6,9.5,0
19,Female,13.3,42.6,88.7,29.6,33.0,4.71,7.8,258.4,101.0,158.0,400.8,8.7,0
19,Female,12.0,40.3,88.4,28.0,32.1,4.2,6.0,174.1,98.2,157.1,398.2,6.9,1
13,Male,16.0,47.1,90.1,30.6,35.1,5.74,7.8,310.5,100.9,180.5,400.7,9.4,0
10,Male,13.5,46.7,91.3,30.8,34.2,6.1,10.3,259.7,101.3,180.7,401.4,9.6,0
69,Male,14.3,46.8,91.3,29.7,35.3,6.61,8.1,262.5,100.7,180.4,399.4,8.7,0
76,Male,15.8,47.0,91.4,31.2,34.4,5.85,6.7,232.4,100.1,180.7,401.1,9.6,0
14,Male,14.4,46.1,89.4,28.9,34.6,5.7,9.1,227.3,99.1,179.9,399.7,8.8,0
81,Male,15.6,46.2,90.1,30.6,34.5,6.1,10.5,293.9,100.7,180.4,401.4,8.6,0
76,Female,14.9,42.8,88.9,30.2,33.6,4.27,6.9,321.9,101.0,158.7,400.1,8.0,0
18,Male,13.8,44.4,88.2,28.2,32.4,4.7,6.4,260.3,98.3,178.5,398.2,6.7,1
18,Male,16.1,47.3,90.8,30.0,35.1,5.57,6.2,273.4,100.5,181.1,401.4,9.1,0
6,Male,11.8,47.4,90.3,29.1,32.6,4.06,5.5,250.1,101.0,179.5,399.7,8.0,0
48,Male,16.4,46.8,91.3,31.3,34.8,6.1,4.5,306.6,100.7,180.5,400.6,9.7,0
16,Male,16.0,46.9,90.1,30.3,35.3,6.1,4.8,203.8,101.3,181.5,400.9,9.7,0
65,Male,16.5,47.2,90.5,30.4,35.2,6.1,6.4,246.4,101.0,181.2,400.0,9.4,0
28,Male,16.6,46.0,89.6,31.0,33.8,6.79,7.4,248.1,98.8,179.5,399.3,10.0,0
3,Female,13.2,42.3,90.7,30.1,35.0,5.4,5.0,293.2,100.4,160.2,401.1,9.4,0
77,Female,14.4,42.4,90.5,31.0,34.9,5.4,7.5,237.1,101.2,159.2,400.6,9.3,0
14,Female,12.1,40.4,88.3,28.1,32.0,4.2,5.4,242.7,98.4,157.2,398.2,6.7,1
70,Female,14.5,42.6,90.4,31.2,34.3,5.4,4.7,270.9,101.5,160.3,400.0,9.1,0
16,Female,14.6,42.3,90.7,30.8,34.6,5.19,4.5,183.1,100.3,160.4,401.3,9.6,0
16,Male,13.8,44.5,88.5,28.4,32.2,4.7,9.8,197.0,98.1,178.3,398.1,6.9,1
16,Female,13.8,42.2,90.7,31.2,34.4,5.4,7.3,257.2,100.2,159.2,400.2,9.0,0
74,Male,16.9,46.1,89.4,29.1,35.4,4.07,7.5,262.1,98.6,178.7,401.5,8.5,1
55,Female,13.8,42.4,91.2,30.2,35.2,5.4,8.2,315.2,100.6,159.4,401.0,9.7,0
15,Female,12.0,40.2,88.3,28.2,32.3,4.2,8.9,225.1,98.4,157.1,398.3,6.9,1
76,Male,14.0,44.3,88.2,28.3,32.4,4.7,8.2,413.5,98.2,178.4,398.3,6.8,1
19,Female,13.0,41.9,89.8,30.1,33.6,3.7,8.1,217.7,100.3,157.7,399.1,8.2,1
20,Male,13.8,44.3,88.3,28.4,32.4,4.7,5.6,206.5,98.1,178.4,398.0,6.6,1
13,Male,14.6,44.7,88.9,30.0,33.7,4.21,7.2,200.3,101.5,181.3,401.2,7.2,1
55,Male,16.9,46.9,90.3,31.2,35.4,6.1,5.3,313.2,100.6,181.1,401.4,9.4,0
25,Male,16.1,46.4,91.2,28.8,35.4,5.93,6.4,184.5,99.4,180.7,401.5,9.6,0
68,Female,14.9,42.6,91.1,30.2,35.5,5.4,8.3,239.3,101.3,159.7,401.4,10.0,0
14,Male,15.7,45.3,89.0,30.5,33.8,5.75,6.6,372.8,99.4,179.1,399.0,8.6,0
74,Female,12.0,40.1,88.3,28.4,32.0,4.2,6.8,150.0,98.1,157.4,398.2,6.6,1
33,Male,16.4,46.8,90.0,31.4,35.2,5.66,9.1,227.0,101.5,181.4,401.3,8.7,0
49,Female,14.8,43.4,90.0,29.7,34.4,4.03,7.3,277.8,100.7,159.9,400.9,9.2,1
15,Female,12.0,40.5,88.4,28.4,32.4,4.2,5.8,177.7,98.0,157.4,398.0,6.8,1
3,Male,12.4,47.5,91.2,29.2,35.2,5.65,7.2,337.2,100.5,179.7,399.3,8.5,0
33,Female,14.8,43.3,91.3,30.7,35.5,5.4,11.0,273.9,101.0,159.6,401.0,9.3,0
32,Male,13.6,44.1,88.3,28.3,32.4,4.7,6.9,351.8,98.0,178.1,398.1,6.8,1
2,Female,12.3,43.2,91.5,30.1,35.2,5.37,7.0,191.7,100.1,159.8,400.0,9.6,0
85,Female,12.0,40.4,88.4,28.1,32.3,4.2,8.7,262.0,98.2,157.4,398.1,7.0,1
15,Male,16.9,46.0,91.2,30.2,34.0,5.81,8.2,221.4,101.1,181.5,401.1,9.1,0
2,Male,12.7,46.6,90.6,30.6,35.4,6.1,4.6,294.8,101.2,181.4,401.2,8.5,0
67,Female,14.4,43.0,89.9,29.0,33.0,4.36,8.0,263.8,101.3,158.2,398.9,9.6,1
27,Male,15.9,45.0,91.0,30.5,34.7,6.72,7.7,310.1,99.4,180.3,398.7,8.9,0
1,Male,11.0,44.3,88.5,28.3,32.5,4.7,6.5,150.0,98.5,178.2,398.5,6.8,1
62,Male,16.8,46.3,90.8,31.0,34.8,5.95,6.7,253.5,100.6,180.8,400.0,9.3,0
55,Female,13.8,42.3,90.8,30.8,34.1,5.4,4.5,283.7,101.1,160.2,400.7,9.1,0
9,Female,11.0,40.0,88.2,28.4,32.4,4.2,9.3,343.2,98.2,157.5,398.5,6.5,1
65,Female,12.0,40.2,88.5,28.4,32.2,4.2,7.0,296.4,98.5,157.1,398.4,6.5,1
80,Male,16.4,46.8,91.3,31.1,35.2,5.72,6.4,255.8,100.1,181.1,400.0,9.4,0
14,Female,14.9,42.2,90.7,30.4,34.5,5.4,4.8,306.5,100.6,160.5,401.3,9.2,0
8,Male,11.0,44.4,88.0,28.2,32.3,4.7,5.5,316.9,98.3,178.2,398.3,6.8,1
29,Male,14.5,44.7,88.6,28.7,34.7,5.73,8.4,278.5,100.4,179.9,401.0,8.9,1
14,Female,12.0,40.4,88.0,28.1,32.0,4.2,9.4,217.5,98.4,157.5,398.2,6.8,1
10,Male,13.2,46.5,91.2,30.4,35.0,5.75,8.0,269.2,100.2,181.3,400.9,8.7,0
62,Male,13.6,44.3,88.2,28.1,32.5,4.7,8.6,240.2,98.0,178.0,398.5,6.8,1
12,Male,13.5,44.3,88.4,28.3,32.0,4.7,7.5,210.2,98.4,178.1,398.0,6.7,1
71,Female,12.0,40.0,88.3,28.4,32.1,4.2,7.5,180.1,98.2,157.4,398.2,6.7,1
19,Male,15.0,46.5,90.0,29.8,33.9,6.6,8.9,187.4,101.4,179.5,400.6,7.4,1
11,Female,11.0,40.3,88.2,28.2,32.1,4.2,5.7,150.0,98.1,157.3,398.2,6.6,1
56,Male,15.6,46.8,90.2,30.3,34.3,5.5,6.4,350.1,101.2,180.1,400.2,9.0,0
77,Female,14.5,42.8,91.4,30.4,35.0,5.16,7.6,211.3,100.6,160.3,401.2,8.7,0
19,Male,16.5,47.2,90.2,30.4,35.3,6.1,9.1,309.6,100.6,180.1,401.2,9.5,0
17,Female,13.5,42.7,90.5,28.6,32.6,4.39,5.1,247.7,100.7,158.5,401.4,9.3,1
19,Male,15.1,45.1,89.5,29.0,32.5,5.39,7.3,233.3,98.7,180.8,398.7,9.9,0
10,Male,13.5,47.1,90.8,31.3,34.2,6.1,7.4,232.8,100.4,181.3,401.4,8.7,0
1,Male,12.4,46.6,91.2,30.2,34.3,6.1,8.3,317.8,101.0,180.8,400.4,9.0,0
8,Female,12.5,42.7,88.9,29.8,35.1,4.25,8.5,150.0,100.8,157.7,400.8,7.5,0
56,Male,16.2,46.6,90.6,30.8,34.6,6.1,7.5,238.7,100.5,180.5,401.1,9.0,0
45,Male,16.6,46.8,91.2,31.1,34.0,6.1,4.7,150.0,101.2,180.8,401.3,9.6,0
16,Female,14.9,42.4,91.1,30.7,35.0,5.27,8.4,276.3,101.0,159.3,400.4,9.3,0
16,Male,13.7,44.3,88.1,28.2,32.2,4.7,6.3,199.4,98.0,178.1,398.4,6.8,1
48,Male,16.7,46.6,91.1,30.0,34.7,6.1,6.3,363.0,101.0,181.4,400.8,9.7,0
54,Female,12.0,40.5,88.0,28.0,32.2,4.2,11.0,150.0,98.3,157.0,398.5,6.8,1
81,Male,13.9,44.2,88.4,28.2,32.1,4.7,4.5,255.9,98.1,178.2,398.2,6.8,1
17,Male,14.9,45.2,90.9,28.8,34.0,5.02,8.0,357.6,99.5,178.8,398.9,9.0,0
77,Female,12.0,40.3,88.1,28.5,32.1,4.2,7.0,249.8,98.1,157.3,398.2,6.9,1
2,Female,12.8,42.5,90.5,31.3,34.0,5.4,6.0,179.7,100.6,159.5,400.1,8.7,0
47,Female,14.3,43.2,91.0,30.9,34.5,5.4,10.5,261.5,100.6,160.2,400.5,9.7,0
13,Male,13.6,44.1,88.4,28.5,32.3,4.7,9.0,264.1,98.5,178.0,398.3,6.7,1
52,Male,13.5,44.3,88.2,28.1,32.0,4.7,9.0,261.5,98.4,178.3,398.4,6.9,1
79,Male,13.5,44.4,88.4,28.3,32.3,4.7,5.6,295.1,98.1,178.2,398.4,6.6,1
88,Male,13.6,44.2,88.3,28.1,32.2,4.7,5.8,297.6,98.2,178.3,398.4,6.6,1
74,Male,15.9,46.3,90.8,31.0,34.1,5.49,7.7,268.3,100.9,180.6,401.3,9.6,0
40,Female,14.7,43.0,91.2,30.6,34.0,5.4,8.8,240.6,101.2,159.7,401.5,9.2,0
4,Female,11.0,40.4,88.0,28.2,32.0,4.2,6.7,297.4,98.3,157.2,398.2,6.8,1
16,Male,16.7,46.2,90.4,31.0,34.5,6.1,7.5,224.5,100.1,180.0,401.3,9.4,0
12,Male,13.8,44.1,88.1,28.1,32.4,4.7,8.0,247.7,98.4,178.5,398.3,6.6,1
62,Female,12.0,40.3,88.2,28.2,32.4,4.2,6.2,208.0,98.3,157.1,398.3,6.9,1
13,Male,15.6,47.2,90.9,30.1,34.8,5.52,7.5,333.9,101.4,180.3,400.9,8.8,0
30,Female,12.8,43.2,89.1,30.0,33.1,6.12,10.4,330.1,101.1,157.9,398.8,9.9,0
17,Female,12.0,40.3,88.5,28.1,32.3,4.2,5.4,331.7,98.4,157.3,398.4,6.8,1
33,Male,13.8,44.4,88.3,28.2,32.2,4.7,5.7,300.0,98.2,178.2,398.2,6.9,1
82,Male,15.8,46.4,91.0,31.3,35.2,5.67,6.3,253.2,100.5,181.2,400.7,8.7,0
9,Male,12.7,46.8,91.3,31.5,35.3,5.96,6.9,179.7,101.1,180.7,400.7,9.8,0
15,Male,13.9,44.2,88.4,28.4,32.1,4.7,6.6,263.7,98.0,178.2,398.1,6.6,1
66,Female,12.0,40.3,88.2,28.3,32.0,4.2,5.4,219.6,98.0,157.4,398.1,6.6,1
10,Female,13.3,42.9,91.3,30.6,34.1,5.4,5.8,195.2,101.1,159.5,400.4,9.5,0
10,Female,11.0,40.2,88.3,28.5,32.1,4.2,4.5,224.3,98.2,157.2,398.4,6.7,1
14,Male,13.7,44.0,88.3,28.0,32.4,4.7,6.7,201.0,98.3,178.2,398.1,6.5,1
12,Male,13.5,44.3,88.2,28.0,32.1,4.7,5.6,233.8,98.5,178.2,398.1,6.9,1
71,Female,12.0,40.1,88.4,28.4,32.1,4.2,8.8,171.2,98.1,157.3,398.1,7.0,1
7,Male,13.5,47.4,91.0,31.4,34.2,6.1,9.2,340.4,100.6,180.5,400.2,9.1,0
17,Male,13.7,44.1,88.1,28.1,32.0,4.7,5.6,250.3,98.4,178.2,398.0,6.6,1
51,Male,17.0,46.9,91.2,31.2,34.5,5.96,7.0,339.6,100.9,181.1,401.2,8.9,0
28,Female,14.4,42.9,90.2,30.9,34.6,5.3,6.9,267.5,101.0,159.9,400.2,9.6,0
12,Female,12.9,40.7,89.9,30.0,35.3,5.36,5.6,287.3,100.1,158.0,401.2,8.7,1
13,Female,13.5,42.1,91.0,31.2,33.2,5.11,6.5,265.3,99.5,158.0,399.6,7.1,0
46,Male,13.7,44.3,88.2,28.4,32.1,4.7,4.5,161.4,98.1,178.5,398.2,6.6,1
4,Male,11.8,45.8,90.2,28.5,34.9,4.79,6.9,252.1,99.8,181.5,399.1,8.5,0
20,Female,12.1,40.4,88.3,28.2,32.2,4.2,4.5,293.8,98.2,157.3,398.5,6.6,1
2,Male,13.5,46.3,91.2,30.8,34.1,6.1,7.9,229.4,100.3,181.3,400.0,9.3,0
3,Female,11.0,40.2,88.4,28.3,32.4,4.2,7.1,306.4,98.1,157.5,398.3,6.9,1
14,Female,14.5,42.9,91.0,30.3,34.2,4.83,6.6,283.3,100.1,159.7,400.1,8.6,0
27,Female,12.0,40.5,88.3,28.1,32.4,4.2,7.4,294.4,98.2,157.4,398.3,6.9,1
19,Male,16.6,46.4,90.0,30.8,35.4,5.99,7.7,246.2,101.0,181.1,400.8,10.0,0
14,Female,15.1,42.2,90.6,30.2,34.7,5.4,9.3,271.7,100.1,159.1,400.9,9.8,0
53,Male,14.3,44.7,90.2,31.2,33.0,5.79,4.5,249.8,99.8,179.9,399.0,7.5,0
32,Male,16.9,46.0,90.9,31.1,35.1,6.1,6.3,248.6,101.5,180.3,400.7,8.6,0
19,Male,15.9,46.4,90.8,30.2,34.8,5.4,5.4,215.8,101.5,181.1,400.5,8.6,0
44,Female,15.0,43.4,90.6,31.4,34.3,5.4,10.9,346.5,100.1,159.1,400.0,9.3,0
34,Male,13.9,44.1,88.1,28.3,32.4,4.7,7.6,218.0,98.1,178.2,398.4,6.7,1
87,Female,15.2,43.3,91.3,31.1,34.0,5.4,8.8,252.0,101.4,159.7,400.5,9.0,0
71,Male,16.7,47.1,89.8,30.6,33.1,4.35,6.0,342.7,100.6,180.9,399.8,9.9,1
16,Male,13.8,44.2,88.1,28.1,32.0,4.7,7.2,253.9,98.2,178.4,398.1,6.8,1
3,Male,13.4,46.3,91.0,30.3,34.9,6.1,7.4,200.6,101.3,180.1,401.1,9.0,0
77,Female,14.3,42.6,90.3,30.7,35.0,5.25,8.3,324.6,100.6,159.5,401.3,8.5,0
26,Female,12.9,42.4,91.4,31.1,32.7,4.13,7.7,345.3,99.1,160.1,401.4,8.2,0
4,Male,13.7,46.8,88.9,28.8,33.2,4.31,9.9,288.4,98.9,178.5,400.6,7.2,0
24,Female,12.1,40.1,88.1,28.4,32.0,4.2,7.4,184.1,98.2,157.4,398.2,6.7,1
2,Female,11.0,40.2,88.1,28.4,32.5,4.2,9.0,150.0,98.1,157.3,398.3,6.8,1
7,Female,11.0,40.1,88.5,28.3,32.2,4.2,7.2,232.4,98.1,157.1,398.3,6.6,1
77,Male,13.8,44.2,88.4,28.4,32.2,4.7,7.0,234.8,98.2,178.0,398.1,6.6,1
6,Female,12.8,42.9,91.2,31.1,34.8,5.38,4.9,151.5,100.5,160.0,400.2,10.0,0
27,Male,15.3,46.4,90.9,30.0,34.9,6.58,7.9,179.2,99.6,180.6,399.1,7.8,1
18,Male,13.6,44.3,88.4,28.4,32.2,4.7,6.5,272.1,98.5,178.2,398.1,6.5,1
27,Female,12.0,40.0,88.0,28.3,32.1,4.2,7.1,161.7,98.4,157.3,398.4,6.8,1
15,Female,12.0,40.0,88.5,28.0,32.0,4.2,8.0,273.6,98.3,157.2,398.0,6.7,1
72,Male,13.6,44.2,88.3,28.4,32.1,4.7,8.5,321.2,98.2,178.2,398.4,6.6,1
71,Female,12.2,40.2,88.4,28.4,32.4,4.2,7.7,195.6,98.2,157.4,398.1,6.8,1
3,Female,11.0,40.0,88.5,28.1,32.5,4.2,6.8,254.9,98.3,157.2,398.4,6.7,1
6,Male,11.0,44.2,88.1,28.2,32.2,4.7,8.2,269.9,98.0,178.2,398.2,6.5,1
14,Female,12.0,40.2,88.0,28.2,32.2,4.2,8.0,206.5,98.4,157.3,398.2,6.5,1
15,Female,12.0,40.2,88.3,28.1,32.4,4.2,7.6,232.7,98.1,157.3,398.2,6.9,1
18,Female,12.1,40.1,88.4,28.3,32.1,4.2,4.6,313.7,98.5,157.0,398.1,6.9,1
1,Male,13.2,46.1,91.3,31.4,34.1,5.82,7.9,287.9,100.3,180.3,400.6,9.2,0
11,Female,12.9,43.4,91.5,31.2,35.0,5.39,7.2,214.5,100.5,159.5,401.0,9.2,0
14,Female,14.3,41.1,88.8,30.6,33.8,5.56,8.5,251.8,99.9,158.2,399.5,9.7,0
15,Male,15.6,47.4,91.4,30.0,32.9,6.56,6.9,227.8,100.0,178.9,399.6,9.0,0
70,Male,14.7,46.1,88.6,28.7,34.7,6.26,6.7,198.3,99.1,178.8,401.4,8.3,0
65,Female,12.2,40.1,88.3,28.2,32.4,4.2,6.0,241.3,98.0,157.1,398.4,6.8,1
85,Male,13.6,44.1,88.3,28.3,32.4,4.7,6.4,228.0,98.4,178.0,398.3,6.6,1
79,Male,16.4,47.2,90.3,31.0,35.2,6.07,6.1,303.1,100.5,180.5,400.7,9.6,0
33,Male,16.5,44.6,89.0,30.8,32.5,4.62,8.4,304.2,99.1,180.9,399.8,9.1,1
4,Female,11.0,40.1,88.5,28.5,32.5,4.2,6.0,205.1,98.0,157.0,398.4,6.8,1
90,Male,15.9,46.1,91.0,31.0,35.2,6.1,7.3,241.4,100.9,181.2,401.2,8.9,0
63,Female,12.0,40.3,88.5,28.1,32.3,4.2,6.2,213.0,98.3,157.2,398.1,6.7,1
11,Male,12.7,46.1,90.9,30.8,34.1,5.82,6.7,265.1,100.2,180.7,401.5,8.9,0
88,Male,13.6,44.2,88.4,28.5,32.4,4.7,6.7,294.2,98.4,178.0,398.1,6.7,1
74,Male,15.9,47.4,91.2,31.2,35.3,6.1,7.1,197.6,100.7,180.5,401.3,9.2,0
0,Female,12.7,43.3,91.2,30.9,35.0,4.86,5.0,211.7,100.2,159.6,400.5,9.6,0
7,Male,13.5,46.1,91.3,30.9,34.8,6.1,4.5,302.9,101.4,180.6,400.2,9.6,0
83,Male,13.8,44.4,88.3,28.2,32.3,4.7,8.8,282.2,98.0,178.1,398.4,6.7,1
17,Male,15.8,47.0,90.8,30.2,34.3,6.1,7.2,298.3,101.0,180.5,400.9,9.2,0
85,Male,16.4,47.1,90.5,30.5,34.4,6.1,7.9,150.0,100.6,181.3,400.1,9.4,0
20,Male,16.4,47.0,91.3,31.0,35.1,5.75,5.5,231.6,100.8,180.7,401.5,9.4,0
15,Male,13.8,44.4,88.3,28.2,32.1,4.7,7.4,220.6,98.2,178.4,398.4,6.9,1
14,Female,12.0,40.2,88.4,28.2,32.1,4.2,4.5,223.9,98.2,157.1,398.5,6.8,1
18,Male,13.8,44.4,88.2,28.0,32.3,4.7,9.7,263.7,98.1,178.3,398.1,6.7,1
67,Male,16.6,46.1,90.7,31.2,34.8,5.68,8.2,248.7,100.9,181.1,400.5,8.8,0
1,Male,11.0,44.2,88.5,28.1,32.1,4.7,6.6,224.8,98.3,178.1,398.3,6.7,1
21,Male,16.3,46.5,90.3,31.2,34.6,6.1,8.1,262.5,101.1,180.1,401.3,10.0,0
43,Female,14.2,43.1,90.1,30.1,33.6,6.17,8.0,205.9,100.1,158.3,399.1,8.8,0
10,Female,11.0,40.3,88.2,28.1,32.4,4.2,9.6,409.5,98.4,157.3,398.2,6.7,1
20,Male,13.8,44.0,88.5,28.4,32.4,4.7,7.0,284.9,98.4,178.1,398.1,6.7,1
15,Female,14.9,42.8,91.2,31.0,35.3,4.81,7.5,166.9,101.4,160.0,400.7,8.7,0
88,Male,16.4,47.4,90.7,30.1,34.3,5.41,7.9,277.6,101.5,180.6,400.0,8.9,0
89,Male,14.0,44.2,88.3,28.1,32.2,4.7,5.5,247.0,98.0,178.1,398.1,6.9,1
20,Female,12.1,40.3,88.5,28.5,32.2,4.2,4.7,218.6,98.0,157.4,398.1,6.7,1
15,Female,12.0,40.2,88.3,28.4,32.1,4.2,8.0,252.1,98.4,157.2,398.2,6.5,1
14,Male,13.5,44.2,88.3,28.4,32.5,4.7,6.7,159.1,98.2,178.5,398.2,6.6,1
4,Male,12.6,47.2,90.4,30.3,34.8,6.1,6.7,244.5,100.5,181.1,400.8,9.7,0
8,Female,11.0,40.4,88.1,28.3,32.3,4.2,6.4,183.3,98.3,157.4,398.4,6.8,1
15,Male,13.7,44.4,88.2,28.3,32.3,4.7,7.6,241.8,98.2,178.4,398.4,6.5,1
5,Female,11.0,40.4,88.2,28.2,32.2,4.2,4.5,212.3,98.1,157.1,398.2,6.8,1
86,Male,13.9,44.2,88.0,28.2,32.0,4.7,5.8,371.9,98.2,178.2,398.4,6.6,1
10,Female,13.0,42.5,90.8,31.1,34.0,5.4,7.2,299.9,100.2,160.0,400.2,9.3,0
12,Female,13.9,42.0,90.6,30.3,35.3,5.4,6.4,386.7,100.4,159.7,401.0,9.7,0
36,Female,14.9,43.2,90.1,30.3,34.7,5.4,9.1,307.8,101.1,159.8,400.9,8.5,0
74,Male,15.8,47.3,91.0,30.5,35.0,5.57,5.1,243.9,100.1,180.5,400.2,9.5,0
24,Male,15.9,46.4,90.7,30.5,35.1,6.1,8.0,277.7,101.4,180.6,401.5,8.8,0
15,Male,15.7,46.3,90.8,31.0,35.1,5.67,7.2,269.6,101.3,180.8,400.6,10.0,0
57,Female,13.9,42.1,90.6,31.1,34.7,5.4,6.7,278.1,100.1,160.3,401.4,9.7,0
56,Female,12.2,40.5,88.0,28.2,32.5,4.2,8.3,307.3,98.4,157.4,398.5,6.8,1
11,Female,11.0,40.5,88.3,28.2,32.3,4.2,8.2,150.0,98.4,157.4,398.1,6.6,1
56,Male,13.9,44.5,88.5,28.3,32.4,4.7,6.4,310.6,98.2,178.1,398.0,6.8,1
31,Male,13.6,44.2,88.3,28.4,32.2,4.7,8.2,351.5,98.3,178.4,398.1,6.7,1
14,Female,14.6,42.7,91.3,30.8,34.2,5.38,6.3,256.4,101.3,159.1,400.0,8.5,0
14,Male,16.1,47.0,89.7,28.5,35.2,6.07,9.5,247.3,101.0,178.6,400.9,8.5,0
85,Female,13.8,43.5,90.9,31.1,34.7,5.4,9.6,298.1,101.3,160.3,400.0,8.9,0
16,Female,12.0,40.2,88.5,28.1,32.1,4.2,7.6,267.8,98.4,157.3,398.4,6.6,1
56,Female,13.9,42.6,90.4,30.7,34.5,5.4,7.3,252.6,100.6,159.8,400.4,9.8,0
18,Male,13.8,44.4,88.1,28.3,32.0,4.7,10.4,235.9,98.0,178.1,398.5,6.6,1
78,Male,13.8,44.4,88.0,28.2,32.4,4.7,7.5,205.8,98.0,178.2,398.2,6.7,1
83,Female,12.0,40.4,88.0,28.1,32.2,4.2,8.6,214.2,98.1,157.2,398.2,6.5,1
3,Female,11.0,40.4,88.2,28.1,32.3,4.2,6.3,244.8,98.1,157.2,398.2,6.6,1
14,Female,14.2,43.2,90.1,31.0,35.4,5.4,8.4,283.5,100.3,159.9,400.5,8.9,0
40,Male,16.6,47.2,91.4,30.6,34.4,6.1,9.6,172.1,100.6,180.2,400.7,9.5,0
0,Male,11.0,44.4,88.5,28.3,32.2,4.7,6.1,227.5,98.4,178.3,398.1,6.9,1
17,Female,12.0,40.1,88.4,28.3,32.3,4.2,8.3,328.1,98.4,157.3,398.3,6.6,1
83,Male,16.9,47.5,90.4,31.0,35.3,5.75,8.3,240.4,101.4,180.2,400.3,9.1,0
19,Female,14.8,42.9,91.5,31.3,34.7,5.4,5.9,266.8,101.5,159.8,401.4,10.0,0
14,Male,15.8,46.9,90.6,30.7,34.8,5.71,4.5,175.9,100.1,180.7,400.8,9.3,0
76,Male,15.7,46.5,90.4,30.3,34.8,6.1,8.1,202.0,101.1,180.0,400.6,9.8,0
36,Male,13.7,44.5,88.1,28.1,32.2,4.7,8.6,271.0,98.1,178.3,398.4,7.0,1
55,Male,13.8,44.0,88.2,28.1,32.1,4.7,7.3,271.7,98.5,178.3,398.0,6.5,1
45,Female,12.9,41.1,90.4,29.9,33.8,5.18,7.6,243.9,101.2,158.4,399.1,7.5,0
52,Male,16.4,46.9,91.1,30.5,34.1,6.1,7.6,217.3,100.1,180.6,400.1,9.3,0
14,Male,16.8,46.6,90.6,31.1,34.9,5.51,8.2,289.9,101.4,180.1,400.9,9.1,0
28,Female,12.2,40.4,88.3,28.2,32.0,4.2,7.5,335.1,98.1,157.4,398.3,6.9,1
71,Male,15.8,47.0,91.0,31.2,35.3,6.1,6.5,257.6,100.2,181.2,400.3,9.0,0
41,Female,13.4,42.7,90.2,29.0,33.5,3.42,6.7,246.2,101.5,159.9,401.4,8.3,1
53,Male,16.4,46.4,90.1,30.1,34.2,6.1,6.2,259.4,100.6,180.4,400.9,9.3,0
5,Female,12.2,40.8,90.2,31.4,34.8,4.62,8.3,342.6,100.5,157.7,400.4,8.7,1
30,Male,16.8,47.1,90.9,31.4,34.3,6.1,8.0,150.0,100.2,180.8,400.9,10.0,0
15,Male,16.2,47.3,91.4,31.5,34.6,6.1,6.3,216.8,100.1,180.4,401.2,9.8,0
15,Male,13.9,44.4,88.4,28.2,32.2,4.7,8.1,293.0,98.0,178.0,398.5,6.5,1
4,Male,11.0,44.3,88.2,28.2,32.0,4.7,6.8,180.4,98.2,178.2,398.2,6.6,1
16,Male,17.0,47.0,90.2,31.4,34.8,5.63,7.2,259.3,101.1,181.1,400.3,8.8,0
51,Female,14.2,41.3,90.0,29.6,35.2,6.13,7.3,282.4,99.9,159.3,401.0,9.3,1
15,Female,12.2,40.1,88.3,28.4,32.1,4.2,8.3,220.8,98.3,157.3,398.2,6.9,1
52,Male,16.4,47.5,90.3,30.8,34.5,6.1,4.5,290.9,100.3,180.5,400.1,9.9,0
0,Male,11.1,45.2,89.6,28.7,33.2,6.84,8.3,298.4,100.1,179.2,398.9,8.6,1
54,Male,15.8,46.6,90.0,31.1,33.6,5.11,8.3,245.2,101.1,179.3,400.0,8.8,0
60,Male,14.3,45.6,91.1,29.1,34.0,4.95,7.6,314.4,99.7,179.8,401.2,7.8,1
19,Female,12.2,40.3,88.2,28.1,32.4,4.2,6.5,223.4,98.2,157.3,398.0,6.6,1
71,Female,14.7,43.3,90.2,31.4,35.4,5.4,6.9,252.0,100.3,160.4,400.3,9.0,0
9,Female,11.0,40.1,88.3,28.3,32.4,4.2,7.9,308.3,98.1,157.5,398.5,6.9,1
29,Female,12.0,40.2,88.2,28.5,32.3,4.2,6.1,335.6,98.1,157.5,398.3,6.8,1
37,Male,14.0,44.1,88.2,28.2,32.2,4.7,7.1,170.5,98.2,178.3,398.1,6.8,1
60,Male,13.5,44.3,88.2,28.5,32.1,4.7,8.9,339.0,98.0,178.0,398.4,6.8,1
5,Male,12.9,47.0,90.7,30.4,34.8,5.92,4.5,251.4,101.1,180.1,400.7,9.0,0
19,Male,13.8,44.1,88.1,28.3,32.3,4.7,9.4,241.7,98.3,178.0,398.2,6.9,1
32,Male,13.8,44.5,88.4,28.3,32.3,4.7,7.2,297.2,98.3,178.3,398.1,6.9,1
73,Female,14.4,43.1,90.4,31.0,34.8,5.4,8.4,334.0,100.5,160.3,400.1,9.8,0
85,Female,14.2,42.8,91.3,30.4,35.2,5.4,8.3,270.4,100.0,159.8,401.1,9.8,0
90,Female,12.0,40.3,88.4,28.3,32.3,4.2,7.3,240.7,98.5,157.4,398.1,6.8,1
30,Female,12.2,40.0,88.0,28.4,32.4,4.2,5.7,267.6,98.3,157.0,398.2,6.5,1
1,Male,11.0,44.1,88.1,28.3,32.3,4.7,8.4,301.2,98.4,178.4,398.1,6.9,1
5,Female,11.0,40.2,88.4,28.1,32.3,4.2,6.3,260.2,98.3,157.2,398.1,7.0,1
75,Male,14.4,46.5,89.1,30.1,33.8,4.5,6.7,324.6,98.6,180.0,399.1,10.0,0
16,Male,13.9,44.0,88.3,28.0,32.1,4.7,6.9,177.5,98.1,178.0,398.2,6.9,1
48,Male,16.8,47.1,90.5,31.4,34.1,6.1,4.5,204.1,100.8,181.2,401.3,9.1,0
62,Female,12.0,40.2,88.3,28.2,32.0,4.2,4.7,258.7,98.5,157.2,398.2,6.7,1
45,Male,16.4,46.1,91.1,31.1,35.2,5.59,5.0,299.2,101.1,180.4,401.0,8.9,0
34,Male,16.3,47.0,90.6,30.9,34.6,5.91,8.8,337.8,100.4,180.2,400.6,9.1,0
19,Male,15.9,46.7,91.5,30.5,34.9,5.54,5.8,260.2,101.4,181.1,401.2,9.6,0
75,Female,14.9,42.8,90.1,31.3,35.3,5.2,7.1,324.5,100.2,159.6,400.1,9.7,0
43,Male,13.6,44.4,88.1,28.1,32.5,4.7,6.5,334.8,98.4,178.3,398.0,6.8,1
50,Male,13.8,44.1,88.2,28.3,32.1,4.7,6.5,239.4,98.2,178.1,398.4,6.7,1
62,Male,16.5,46.3,88.7,30.6,33.7,5.27,6.1,224.0,99.8,180.3,399.1,8.4,1
74,Male,14.0,44.3,88.5,28.5,32.3,4.7,7.2,288.0,98.2,178.2,398.2,7.0,1
4,Male,11.0,44.1,88.4,28.5,32.0,4.7,6.4,215.1,98.3,178.1,398.3,6.7,1
52,Male,13.5,44.0,88.5,28.3,32.5,4.7,7.1,225.2,98.1,178.4,398.2,6.9,1
24,Male,14.2,47.0,91.3,29.5,34.0,6.18,7.0,256.1,100.1,180.1,401.0,8.6,1
73,Male,15.7,46.8,91.0,30.9,35.1,5.49,4.7,229.3,101.1,181.3,400.4,8.6,0
6,Male,11.0,44.2,88.2,28.4,32.1,4.7,6.4,283.9,98.1,178.1,398.5,6.9,1
54,Female,12.1,40.5,88.4,28.4,32.4,4.2,6.8,309.2,98.0,157.4,398.4,6.6,1
17,Female,15.2,42.2,90.9,31.4,34.3,5.35,7.5,206.4,101.0,160.0,400.8,9.6,0
18,Female,14.3,42.3,91.4,30.6,35.2,5.4,6.0,381.0,101.0,159.3,400.7,9.0,0
4,Female,11.0,40.3,88.1,28.4,32.4,4.2,9.1,249.5,98.4,157.2,398.2,6.8,1
1,Female,13.5,43.2,90.9,31.4,34.9,5.4,8.3,234.2,100.2,159.7,400.8,9.3,0
63,Female,12.0,40.2,88.1,28.5,32.2,4.2,4.7,275.1,98.2,157.2,398.0,6.7,1
7,Female,13.5,42.2,90.1,30.4,34.0,5.4,7.7,158.3,100.5,159.4,400.2,9.0,0
18,Female,14.9,42.2,91.0,30.5,34.1,4.99,5.2,286.2,100.9,159.6,401.0,9.2,0
69,Female,12.0,40.2,88.4,28.3,32.4,4.2,9.0,216.2,98.2,157.3,398.1,6.8,1
40,Male,13.5,44.4,88.5,28.3,32.3,4.7,5.5,227.4,98.0,178.4,398.3,6.8,1
2,Male,13.5,46.6,90.9,30.9,34.3,5.94,7.2,161.6,100.4,181.4,400.4,9.1,0
67,Male,16.2,47.4,90.4,30.3,34.3,6.1,7.2,277.1,100.5,181.0,400.9,9.4,0
17,Male,15.7,46.9,90.9,30.2,34.5,6.1,7.8,222.8,101.5,180.3,400.3,9.2,0
52,Female,14.8,42.8,91.3,30.7,34.9,4.99,6.6,309.4,101.1,159.6,400.0,9.1,0
15,Male,15.7,47.1,90.3,31.3,35.4,6.1,6.9,259.1,100.8,180.3,401.2,9.8,0
59,Male,16.0,47.3,91.0,31.1,35.0,6.1,7.5,309.4,101.0,181.0,400.1,8.8,0
18,Male,14.0,44.1,88.3,28.3,32.3,4.7,6.7,250.8,98.4,178.1,398.1,6.8,1
16,Male,16.2,46.8,90.2,30.7,35.2,5.42,9.4,220.6,101.2,181.4,400.9,8.9,0
19,Male,15.9,46.1,90.1,30.0,35.1,5.88,6.5,318.7,100.7,180.8,401.1,8.9,0
12,Female,12.2,40.0,88.4,28.1,32.0,4.2,8.0,317.4,98.2,157.1,398.4,6.5,1
46,Male,13.7,44.3,88.4,28.5,32.3,4.7,9.1,231.7,98.5,178.0,398.2,6.9,1
90,Female,12.0,40.2,88.2,28.1,32.4,4.2,9.4,216.5,98.2,157.1,398.3,6.6,1
5,Female,13.3,43.2,90.5,30.7,34.4,5.1,6.6,248.3,100.0,159.4,400.0,9.1,0
84,Male,15.3,46.2,89.7,30.8,35.1,5.73,9.8,244.1,99.8,180.4,400.0,7.5,1
13,Male,13.9,44.2,88.3,28.2,32.4,4.7,5.2,286.2,98.4,178.4,398.1,6.6,1
16,Female,15.2,43.3,91.5,31.1,35.4,5.4,6.5,262.8,101.0,160.4,400.8,8.8,0
36,Female,12.0,40.4,88.2,28.4,32.4,4.2,5.4,256.4,98.0,157.0,398.5,6.5,1
63,Male,13.8,44.2,88.4,28.5,32.2,4.7,5.3,326.1,98.0,178.2,398.4,6.5,1
8,Female,11.0,40.3,88.4,28.4,32.2,4.2,6.5,171.5,98.1,157.3,398.3,6.7,1
55,Female,12.1,40.1,88.2,28.3,32.4,4.2,7.9,284.4,98.3,157.1,398.0,6.9,1
32,Male,15.7,46.8,90.2,30.2,34.0,6.1,5.8,235.9,100.5,180.3,401.4,9.0,0
78,Female,14.2,43.2,91.3,30.9,34.4,5.4,6.3,295.2,100.6,159.8,401.3,9.4,0
51,Female,12.0,40.2,88.2,28.5,32.3,4.2,7.2,207.3,98.3,157.1,398.4,6.9,1
43,Female,15.1,42.4,91.0,30.5,35.1,5.01,5.0,241.1,100.5,160.1,400.4,9.5,0
66,Female,12.2,40.3,88.0,28.4,32.2,4.2,5.6,198.4,98.3,157.5,398.1,6.6,1
38,Female,14.9,42.4,91.4,30.4,35.5,5.4,5.7,191.3,100.2,159.7,400.5,9.5,0
36,Female,15.0,42.8,90.8,30.4,35.2,5.4,5.9,194.9,101.2,159.5,400.6,9.0,0
42,Male,16.3,46.8,90.1,31.4,34.3,6.1,6.1,281.3,100.8,180.4,401.1,9.3,0
5,Male,12.6,46.7,91.0,31.1,35.1,6.1,5.6,337.4,100.6,181.3,401.3,9.9,0
50,Female,12.1,40.4,88.3,28.2,32.4,4.2,9.5,340.2,98.0,157.2,398.2,6.5,1
9,Female,13.3,43.1,90.1,30.6,34.4,4.91,9.7,183.2,100.3,159.5,401.0,9.4,0
2,Male,12.3,46.1,90.6,30.4,34.3,5.82,8.2,240.3,100.5,180.7,400.3,9.5,0
42,Female,12.0,40.2,88.5,28.4,32.0,4.2,9.2,282.4,98.1,157.3,398.3,6.6,1
45,Female,13.9,42.3,90.5,30.2,35.1,5.18,8.5,334.0,101.3,159.1,400.3,9.8,0
16,Female,13.8,42.3,90.2,30.0,34.9,5.4,6.9,278.3,100.4,160.3,401.3,9.4,0
8,Female,11.0,40.1,88.1,28.1,32.1,4.2,5.8,304.9,98.1,157.3,398.5,6.8,1
8,Female,12.3,42.3,91.2,31.3,35.1,5.4,7.1,206.4,101.0,160.1,401.2,9.9,0
7,Male,12.7,47.0,91.5,31.0,34.8,6.1,5.9,247.2,100.8,181.4,400.3,9.5,0
8,Male,11.0,44.3,88.3,28.3,32.3,4.7,5.3,296.5,98.3,178.1,398.0,6.6,1
15,Male,15.9,46.5,90.2,31.4,34.4,6.1,7.7,244.5,100.5,181.2,401.3,9.2,0
1,Female,11.0,40.1,88.1,28.2,32.2,4.2,6.8,232.3,98.4,157.4,398.3,6.5,1
18,Male,16.4,46.8,88.9,28.7,33.8,6.12,8.6,285.4,98.9,179.8,399.9,7.7,1
5,Female,12.3,43.3,90.1,31.0,34.6,5.11,7.4,271.8,100.5,159.4,401.1,9.8,0
73,Female,14.6,43.4,90.4,30.1,34.3,5.4,8.7,305.2,100.1,160.1,401.0,9.1,0
69,Female,12.0,40.4,88.3,28.1,32.4,4.2,6.0,438.3,98.3,157.3,398.1,6.9,1
3,Female,12.5,43.3,90.6,30.2,35.3,5.4,5.5,195.7,100.6,160.2,400.0,8.8,0
82,Male,16.5,46.9,90.2,30.4,34.9,5.43,9.1,308.3,100.4,180.9,400.8,8.9,0
31,Female,13.9,42.6,91.5,30.6,32.8,4.63,6.9,355.1,99.4,157.7,399.7,8.0,1
88,Female,15.1,43.2,91.5,30.0,34.3,5.4,6.0,292.3,101.5,160.3,400.1,9.7,0
4,Male,11.0,44.5,88.1,28.2,32.2,4.7,5.7,225.2,98.5,178.2,398.4,6.6,1
79,Male,16.4,47.2,91.2,31.3,34.4,6.1,5.0,297.7,101.5,181.4,400.9,9.8,0
19,Female,12.1,40.0,88.3,28.1,32.2,4.2,7.6,319.6,98.5,157.5,398.1,6.9,1
52,Female,13.8,42.4,89.2,29.2,32.7,4.67,8.3,242.6,98.9,159.4,399.2,9.4,1
24,Female,12.2,40.3,88.2,28.2,32.4,4.2,6.1,331.8,98.4,157.1,398.2,6.7,1
16,Male,15.8,47.3,90.6,30.0,34.4,6.1,6.5,264.8,100.2,181.4,401.1,9.4,0
24,Female,14.0,43.4,91.2,31.2,34.9,5.24,7.0,287.4,100.4,159.5,400.0,8.9,0
65,Female,12.0,40.3,88.0,28.3,32.5,4.2,7.7,202.0,98.3,157.0,398.1,6.6,1
30,Female,12.0,40.1,88.3,28.3,32.5,4.2,6.8,303.3,98.1,157.3,398.0,6.9,1
24,Male,13.8,44.1,88.1,28.3,32.1,4.7,6.1,244.0,98.5,178.2,398.0,6.6,1
11,Male,11.0,44.1,88.3,28.1,32.0,4.7,9.6,150.0,98.3,178.2,398.2,7.0,1
16,Male,13.6,44.3,88.3,28.3,32.5,4.7,7.9,261.8,98.3,178.2,398.2,6.9,1
18,Male,17.0,46.1,91.4,30.2,34.6,6.1,7.0,295.5,100.9,181.1,401.2,8.7,0
85,Female,15.2,42.1,90.8,30.0,35.2,5.23,8.9,194.7,101.2,159.6,401.0,9.9,0
88,Male,13.6,44.2,88.4,28.0,32.1,4.7,7.7,217.0,98.3,178.4,398.0,6.9,1
31,Female,12.0,40.1,88.2,28.1,32.2,4.2,6.2,150.0,98.4,157.5,398.2,7.0,1
7,Female,11.0,40.2,88.1,28.5,32.3,4.2,4.5,188.1,98.2,157.3,398.4,6.6,1
90,Male,15.2,45.0,90.4,30.3,34.6,5.71,8.8,164.6,101.1,178.6,398.8,9.9,1
0,Male,10.9,46.1,90.5,29.2,32.7,4.13,5.9,317.6,100.2,179.4,400.9,7.3,0
70,Male,16.4,47.3,89.3,30.0,35.2,6.32,6.4,293.1,99.4,180.7,400.1,9.6,1
73,Female,12.0,40.2,88.3,28.0,32.3,4.2,7.2,150.0,98.4,157.2,398.4,6.9,1
2,Male,12.4,46.7,90.5,30.8,35.2,5.61,7.3,384.7,100.2,180.9,400.4,9.2,0
16,Female,13.8,42.4,90.4,30.6,34.2,5.4,7.2,263.5,101.3,160.2,400.6,9.6,0
10,Female,11.0,40.2,88.5,28.2,32.4,4.2,5.9,258.9,98.1,157.1,398.3,6.6,1
33,Female,14.8,42.6,91.2,31.4,35.0,5.4,7.7,313.6,101.3,160.1,401.2,9.5,0
72,Female,13.2,41.8,90.5,30.0,34.2,3.93,6.5,266.0,99.0,157.7,400.6,9.8,1
0,Male,12.3,46.5,91.2,31.1,34.7,5.48,5.4,150.0,101.4,181.0,400.5,9.3,0
57,Female,12.0,40.5,88.3,28.0,32.2,4.2,5.6,260.3,98.0,157.5,398.3,6.6,1
66,Male,13.8,44.1,88.4,28.3,32.0,4.7,6.5,281.2,98.1,178.2,398.3,6.6,1
88,Male,14.9,45.2,89.8,31.5,35.5,4.45,7.9,266.1,100.1,180.7,399.7,8.8,0
81,Male,14.5,46.9,91.0,30.6,35.1,6.61,7.9,308.0,100.8,181.4,400.6,9.2,1
16,Female,12.1,40.3,88.1,28.4,32.2,4.2,6.7,258.7,98.5,157.0,398.2,6.6,1
78,Female,15.2,42.4,91.3,30.5,35.2,5.4,9.1,288.4,101.4,159.6,400.8,9.8,0
19,Female,15.1,43.3,90.6,30.4,34.4,5.4,4.8,212.4,100.3,159.5,401.5,10.0,0
32,Female,12.0,40.4,88.5,28.4,32.4,4.2,7.6,323.6,98.2,157.2,398.3,6.8,1
37,Male,16.7,46.7,90.4,30.8,34.2,6.1,5.2,208.3,101.4,181.2,401.2,9.4,0
25,Female,15.2,42.1,90.2,30.4,34.9,4.89,6.4,196.2,100.8,160.3,401.4,9.8,0
15,Male,13.9,44.2,88.3,28.2,32.0,4.7,7.3,248.7,98.1,178.4,398.5,6.7,1
65,Male,15.7,46.4,90.1,30.1,34.0,5.73,5.2,307.0,100.5,180.2,400.9,9.0,0
16,Female,12.0,40.1,88.1,28.1,32.1,4.2,5.5,228.3,98.1,157.3,398.1,6.5,1
2,Female,11.0,40.4,88.5,28.1,32.3,4.2,4.5,234.3,98.5,157.1,398.1,6.9,1
75,Male,15.9,47.3,90.5,30.9,34.4,6.1,5.9,299.6,101.0,181.1,400.8,9.4,0
35,Male,16.5,44.6,91.0,29.1,33.9,4.86,4.8,356.3,98.6,180.8,399.9,7.6,0
30,Male,15.9,46.4,91.4,30.1,34.9,6.1,9.9,252.8,100.3,181.3,400.2,9.1,0
15,Male,15.0,44.8,88.7,29.8,34.1,6.37,6.7,290.7,101.0,180.1,401.4,9.8,0
63,Male,14.0,44.5,88.2,28.2,32.2,4.7,4.5,270.9,98.4,178.5,398.4,6.6,1
62,Female,12.0,40.2,88.4,28.1,32.4,4.2,8.2,240.9,98.2,157.5,398.2,6.5,1
14,Female,14.4,42.6,91.1,30.9,34.9,4.99,8.2,261.9,100.1,159.5,400.8,9.5,0
0,Male,11.0,44.3,88.4,28.1,32.5,4.7,6.8,265.0,98.3,178.3,398.5,6.7,1
2,Female,11.4,42.8,88.9,30.2,33.0,3.89,7.0,244.3,100.9,157.8,401.0,9.5,0
78,Male,14.1,46.0,90.6,28.8,33.3,6.84,6.4,232.4,99.6,181.5,399.4,7.6,1
66,Male,13.6,44.1,88.3,28.1,32.1,4.7,5.4,275.2,98.1,178.0,398.3,6.8,1
15,Male,13.8,44.1,88.5,28.4,32.1,4.7,8.3,277.6,98.4,178.3,398.1,6.9,1
66,Male,14.8,44.9,89.9,30.3,34.7,5.7,7.3,270.5,101.3,179.2,399.1,10.0,0
17,Female,14.4,42.8,90.0,30.2,35.0,5.4,6.1,213.3,100.5,160.1,400.9,8.6,0
85,Male,16.0,46.8,90.8,30.1,35.0,6.1,6.6,257.8,100.4,181.0,400.2,9.5,0
17,Male,13.9,44.3,88.1,28.1,32.3,4.7,8.9,347.6,98.4,178.1,398.4,6.7,1
19,Female,13.0,43.3,91.2,30.1,35.0,4.45,9.5,301.1,101.0,159.5,401.4,7.0,1
14,Male,13.8,44.2,88.3,28.2,32.4,4.7,7.8,271.6,98.4,178.2,398.2,6.9,1
9,Female,13.5,42.1,91.0,30.3,35.3,5.4,8.8,231.8,100.4,159.2,400.5,9.0,0
36,Male,13.8,44.2,88.0,28.3,32.3,4.7,6.6,256.9,98.3,178.2,398.2,6.9,1
25,Male,14.0,46.4,90.2,30.1,33.2,6.64,4.7,173.9,98.9,181.4,401.5,9.3,0
19,Male,13.6,44.5,88.3,28.3,32.4,4.7,8.8,268.2,98.3,178.5,398.4,6.8,1
61,Female,13.9,43.2,90.3,30.9,34.6,5.32,9.4,186.6,100.8,159.1,400.1,9.7,0
0,Female,12.4,41.3,90.2,31.3,33.3,6.2,5.6,285.5,100.6,158.8,400.3,9.6,0
4,Female,11.0,40.4,88.1,28.3,32.4,4.2,4.5,237.9,98.1,157.1,398.1,7.0,1
13,Male,13.5,44.2,88.3,28.3,32.4,4.7,6.5,320.9,98.5,178.5,398.1,6.8,1
47,Female,13.0,42.7,88.9,29.1,34.3,4.65,8.8,271.5,100.9,159.2,401.1,8.0,1
60,Male,13.8,44.3,88.3,28.4,32.1,4.7,6.7,258.2,98.2,178.4,398.4,6.8,1
88,Male,14.6,45.0,88.9,29.8,34.8,5.52,8.9,154.0,99.6,180.0,399.9,9.7,1
5,Male,11.0,44.4,88.0,28.3,32.5,4.7,4.5,233.6,98.3,178.2,398.4,6.8,1
15,Male,13.9,44.2,88.3,28.1,32.3,4.7,7.6,179.8,98.1,178.3,398.1,6.8,1
14,Male,16.9,46.6,90.3,30.8,34.2,5.83,6.3,184.8,100.2,180.0,401.0,9.4,0
17,Female,14.0,43.0,90.7,31.4,34.2,5.4,8.6,259.1,100.0,159.2,400.5,9.4,0
88,Male,16.1,45.1,91.2,29.8,33.1,4.7,7.2,252.6,99.2,181.3,398.7,7.4,1
45,Female,12.4,43.5,91.4,31.5,35.1,6.0,5.4,280.3,98.6,158.7,401.3,10.0,1
2,Male,11.0,44.3,88.2,28.3,32.3,4.7,7.4,150.0,98.1,178.5,398.1,6.6,1
37,Female,12.0,40.1,88.0,28.2,32.4,4.2,7.8,199.0,98.3,157.4,398.2,6.7,1
7,Male,13.4,46.5,91.2,30.4,34.7,6.1,8.0,192.3,100.9,181.4,400.2,9.6,0
58,Male,14.0,44.1,88.4,28.3,32.3,4.7,7.4,234.2,98.2,178.4,398.3,6.8,1
59,Female,13.5,40.8,91.1,28.9,34.8,4.62,6.5,261.4,100.7,159.3,399.2,8.3,0
17,Female,12.0,40.5,88.1,28.4,32.3,4.2,6.5,229.0,98.1,157.1,398.1,6.9,1
1,Female,13.0,42.5,90.2,30.4,35.5,5.32,6.0,330.7,100.2,160.5,401.2,9.6,0
13,Male,16.8,46.5,90.6,30.5,35.2,5.47,8.6,191.4,100.8,180.7,400.8,8.8,0
12,Male,15.9,46.5,91.5,31.0,35.4,5.61,8.5,150.0,100.1,180.0,401.0,9.5,0
38,Male,14.0,44.5,88.1,28.3,32.1,4.7,7.0,280.6,98.5,178.4,398.3,6.8,1
14,Female,12.1,40.4,88.3,28.3,32.3,4.2,5.8,169.3,98.2,157.4,398.3,6.9,1
9,Male,11.0,44.5,88.2,28.4,32.4,4.7,6.9,234.8,98.0,178.3,398.4,6.9,1
3,Male,11.0,44.1,88.2,28.2,32.4,4.7,6.2,150.0,98.3,178.2,398.1,7.0,1
13,Female,15.1,42.4,88.8,28.8,33.8,3.98,8.0,257.9,101.4,160.3,399.4,9.9,0
90,Female,13.3,41.2,90.4,30.0,33.0,6.22,7.3,263.4,98.8,158.8,400.1,9.8,0
27,Female,14.8,41.3,90.2,31.2,32.7,4.38,7.2,237.2,98.7,160.3,401.0,7.2,0
10,Male,11.8,45.7,89.5,29.3,33.9,5.93,7.8,221.6,99.1,181.4,400.8,8.0,1
85,Male,13.7,44.4,88.2,28.4,32.4,4.7,8.9,277.1,98.3,178.4,398.0,6.6,1
73,Female,14.0,43.1,91.2,30.6,34.6,5.11,5.4,190.5,100.2,159.5,401.4,9.0,0
80,Male,13.5,44.5,88.4,28.3,32.1,4.7,9.9,292.6,98.3,178.4,398.1,6.6,1
51,Male,16.0,47.1,90.1,30.9,34.6,5.43,5.8,202.0,100.2,180.9,400.4,8.9,0
44,Male,13.9,44.3,88.4,28.4,32.2,4.7,5.7,157.3,98.3,178.1,398.3,6.7,1
11,Female,12.5,42.3,91.3,31.0,34.7,5.12,8.3,157.3,100.2,159.7,400.6,9.2,0
13,Male,15.9,46.4,90.4,30.6,35.2,6.1,7.3,179.5,101.0,180.8,400.7,8.8,0
57,Female,14.6,42.6,90.1,30.5,34.0,5.29,5.0,259.7,101.2,159.8,400.3,9.8,0
44,Male,13.9,44.2,88.2,28.3,32.3,4.7,7.8,314.3,98.4,178.4,398.5,6.9,1
15,Male,13.9,44.0,88.2,28.5,32.2,4.7,4.5,333.1,98.4,178.0,398.3,6.8,1
58,Male,15.6,46.9,91.3,30.0,34.1,6.09,5.9,274.3,100.4,180.3,400.6,8.8,0
15,Male,16.0,46.9,91.4,31.0,34.1,6.09,8.5,229.8,100.6,180.7,401.0,9.7,0
18,Male,15.9,46.3,89.1,31.0,34.3,4.44,7.0,217.7,99.3,179.4,398.7,7.7,0
9,Male,13.1,47.1,91.1,30.9,34.3,6.1,6.3,261.9,100.7,180.3,400.5,8.5,0
1,Female,13.4,42.0,90.4,30.4,34.2,5.4,9.4,346.4,100.3,159.6,400.2,9.6,0
14,Female,15.0,42.7,91.2,30.2,34.2,5.4,6.9,297.3,101.3,160.0,400.3,9.0,0
19,Female,12.1,40.1,88.2,28.5,32.5,4.2,6.3,165.5,98.4,157.1,398.0,6.9,1
90,Male,16.6,46.7,91.1,30.6,35.3,6.1,8.3,269.8,100.8,181.4,401.2,10.0,0
50,Female,12.1,40.0,88.0,28.2,32.5,4.2,7.2,296.1,98.0,157.4,398.0,6.8,1
1,Male,11.0,44.4,88.2,28.4,32.4,4.7,4.5,233.9,98.3,178.1,398.4,6.9,1
19,Female,15.1,41.6,89.8,30.5,35.4,4.1,8.9,280.7,99.1,158.1,400.3,9.3,1
2,Female,11.0,40.3,88.0,28.5,32.5,4.2,8.8,285.6,98.5,157.3,398.4,6.6,1
8,Female,13.4,42.1,90.8,30.9,34.4,5.4,5.0,254.3,100.2,159.8,400.6,8.8,0
10,Female,11.0,40.3,88.4,28.0,32.1,4.2,6.5,207.2,98.5,157.1,398.4,6.6,1
74,Male,16.3,47.0,90.0,29.9,33.6,6.39,4.7,224.8,100.7,180.1,398.7,9.0,1
13,Female,12.0,40.5,88.4,28.5,32.1,4.2,4.5,272.6,98.4,157.3,398.3,6.9,1
24,Male,13.5,44.4,88.2,28.4,32.4,4.7,9.2,192.8,98.4,178.3,398.2,6.6,1
2,Male,13.3,47.4,88.6,31.0,32.9,6.85,6.9,239.1,101.5,179.2,401.1,9.5,1
3,Male,13.1,46.6,90.0,30.9,34.0,6.1,6.9,248.1,100.9,180.6,401.5,9.3,0
10,Male,13.4,46.8,91.5,30.7,34.1,5.79,5.2,239.0,101.4,181.2,400.4,9.4,0
5,Male,11.0,44.0,88.4,28.4,32.3,4.7,6.0,204.6,98.2,178.0,398.4,6.7,1
12,Male,16.7,47.2,90.2,30.4,34.0,5.84,7.2,327.5,100.5,180.6,400.0,8.9,0
14,Female,12.0,40.2,88.2,28.2,32.3,4.2,6.5,239.0,98.3,157.0,398.3,7.0,1
28,Male,15.5,46.7,91.1,30.8,35.0,6.1,5.7,249.0,100.2,180.6,400.2,9.9,0
84,Female,12.1,40.3,88.2,28.3,32.4,4.2,4.8,244.0,98.2,157.3,398.1,6.9,1
18,Male,13.9,44.4,88.3,28.3,32.1,4.7,6.6,209.7,98.4,178.3,398.2,6.9,1
64,Male,15.8,46.4,90.2,31.2,34.3,5.63,6.0,260.0,100.1,180.2,400.0,9.5,0
16,Male,16.4,45.1,90.9,31.1,33.3,5.94,10.1,166.0,100.3,179.1,401.1,10.0,1
7,Female,13.3,42.2,91.0,30.4,34.9,5.06,6.7,255.1,100.2,159.3,400.1,9.6,0
10,Male,13.1,47.4,90.6,30.5,34.9,6.1,8.8,270.2,100.4,180.4,401.2,8.6,0
18,Male,13.7,44.1,88.3,28.2,32.4,4.7,6.6,211.8,98.1,178.1,398.4,6.7,1
3,Male,11.0,44.1,88.3,28.1,32.2,4.7,7.3,260.9,98.3,178.3,398.3,6.8,1
14,Female,14.2,42.4,90.1,30.4,34.6,5.35,8.5,214.2,100.7,159.4,400.5,9.3,0
3,Male,12.5,47.2,90.1,31.5,35.2,5.7,8.5,296.6,101.2,180.1,400.5,8.7,0
26,Female,14.8,43.4,91.4,31.2,35.3,4.83,6.4,244.3,100.3,159.6,401.3,9.3,0
0,Female,11.2,41.2,90.5,30.2,32.9,4.73,6.5,194.6,99.2,159.0,401.1,7.9,1
50,Male,16.5,47.4,91.2,30.7,34.6,5.76,5.7,236.1,101.5,180.9,400.2,9.0,0
0,Male,12.8,47.0,90.3,31.1,34.8,5.71,8.5,207.8,100.7,180.3,401.5,9.6,0
83,Male,15.7,46.8,90.6,31.1,34.2,6.1,4.5,181.8,100.3,180.0,401.3,9.0,0
2,Male,11.0,44.1,88.0,28.3,32.2,4.7,6.0,166.7,98.4,178.4,398.5,6.7,1
72,Male,13.7,44.0,88.5,28.3,32.1,4.7,8.6,229.9,98.1,178.2,398.4,6.7,1
52,Male,13.6,44.2,88.1,28.0,32.1,4.7,8.4,196.2,98.3,178.3,398.4,6.8,1
4,Male,11.0,44.0,88.4,28.0,32.4,4.7,5.2,242.4,98.1,178.4,398.4,6.9,1
0,Female,12.4,43.4,91.3,30.1,34.2,5.4,5.8,296.2,100.0,160.2,400.6,9.5,0
47,Female,14.8,41.5,89.7,30.2,34.4,3.87,6.4,370.2,100.9,159.5,400.0,9.6,0
56,Male,13.7,44.3,88.5,28.4,32.3,4.7,5.6,231.6,98.1,178.4,398.1,6.6,1
10,Female,11.0,40.5,88.1,28.0,32.1,4.2,6.2,346.3,98.0,157.5,398.5,6.7,1
26,Female,12.0,40.3,88.1,28.1,32.4,4.2,8.7,269.5,98.3,157.2,398.3,7.0,1
26,Female,14.0,42.1,90.7,30.4,34.6,5.4,9.0,202.0,100.4,159.5,400.4,9.4,0
64,Female,12.0,40.2,88.0,28.5,32.3,4.2,6.1,301.6,98.2,157.0,398.2,6.5,1
5,Female,12.8,42.5,91.3,31.1,35.4,5.4,7.4,155.9,100.9,159.2,400.1,9.8,0
84,Male,15.6,46.2,91.0,31.2,35.2,6.1,6.6,266.5,100.2,180.9,401.2,9.4,0
39,Female,13.9,42.9,90.7,30.2,34.8,5.33,5.9,236.6,101.5,160.1,400.4,9.9,0
1,Male,11.0,44.1,88.2,28.4,32.3,4.7,7.3,291.6,98.5,178.4,398.4,6.7,1
14,Female,14.8,42.2,91.3,30.0,35.5,5.05,9.9,198.5,100.1,159.7,400.5,9.2,0
1,Male,11.0,44.1,88.1,28.4,32.3,4.7,6.9,312.9,98.4,178.4,398.4,6.9,1
17,Female,15.0,42.7,90.9,31.1,35.0,5.4,7.7,322.8,100.5,159.4,401.4,10.0,0
81,Female,12.0,40.1,88.1,28.1,32.1,4.2,6.9,196.9,98.4,157.4,398.5,6.8,1
71,Male,16.0,47.3,90.7,30.2,35.0,6.1,6.4,185.8,100.3,180.3,400.6,9.9,0
25,Female,14.1,43.4,90.2,31.1,35.0,5.4,4.9,166.4,100.9,159.6,400.1,9.6,0
10,Female,12.6,43.0,90.6,30.2,34.1,5.4,5.7,336.3,101.3,159.6,401.1,9.9,0
67,Female,14.9,42.9,90.7,31.5,35.1,5.4,8.3,243.4,101.1,160.1,400.1,9.4,0
6,Male,11.0,44.1,88.1,28.0,32.1,4.7,9.0,187.5,98.0,178.4,398.2,6.8,1
0,Female,11.0,40.3,88.1,28.4,32.2,4.2,8.9,248.6,98.5,157.1,398.1,6.6,1
19,Male,16.8,46.2,90.6,30.7,35.5,6.1,6.5,246.4,100.8,180.1,401.3,9.6,0
14,Female,12.8,43.4,88.6,29.5,34.6,5.83,7.5,276.9,101.2,157.7,401.3,8.4,0
54,Male,13.7,44.5,88.2,28.3,32.5,4.7,7.5,195.8,98.1,178.2,398.4,6.8,1
19,Male,15.9,47.1,90.2,30.5,34.4,5.92,5.6,321.0,100.8,180.1,401.2,9.1,0
19,Male,16.6,46.9,90.2,31.3,34.9,6.1,5.5,275.8,100.7,181.0,400.0,8.5,0
61,Male,13.7,44.4,88.1,28.4,32.1,4.7,7.3,260.8,98.4,178.0,398.2,6.6,1
19,Female,12.1,40.1,88.4,28.3,32.3,4.2,7.6,225.6,98.4,157.3,398.3,6.9,1
44,Male,13.5,44.4,88.5,28.3,32.1,4.7,4.5,240.4,98.5,178.4,398.1,7.0,1
0,Male,12.5,46.8,90.9,30.1,34.9,5.66,6.1,235.4,101.0,180.7,400.2,9.2,0
10,Female,12.1,41.7,89.7,29.0,35.3,3.71,6.0,256.6,99.0,158.5,399.1,8.2,0
64,Female,12.1,40.1,88.5,28.2,32.2,4.2,6.4,205.6,98.3,157.0,398.1,6.7,1
15,Female,15.0,42.1,90.4,30.6,34.3,5.4,4.5,238.1,100.8,159.5,400.5,8.9,0
80,Female,14.3,43.0,90.9,30.2,34.8,5.4,7.0,327.0,100.7,160.1,401.0,10.0,0
64,Female,12.0,40.4,88.3,28.3,32.0,4.2,6.7,308.3,98.2,157.1,398.2,6.7,1
8,Male,13.5,46.4,91.4,30.9,34.7,6.1,9.4,255.2,100.4,180.5,401.3,9.9,0
19,Male,13.8,44.5,88.1,28.1,32.2,4.7,5.5,195.4,98.0,178.4,398.0,6.7,1
50,Female,12.0,40.1,88.5,28.4,32.2,4.2,6.7,221.4,98.3,157.3,398.4,6.9,1
65,Male,13.8,44.5,88.1,28.2,32.2,4.7,6.4,192.5,98.0,178.2,398.1,6.9,1
15,Female,12.0,40.1,88.3,28.2,32.2,4.2,5.8,234.1,98.3,157.4,398.3,6.8,1
22,Female,13.8,43.3,91.5,30.7,34.7,5.02,4.5,238.1,101.5,159.3,400.6,9.4,0
64,Female,13.9,42.3,90.5,31.2,34.7,5.32,7.6,229.2,100.0,159.5,400.4,8.7,0
30,Male,13.7,44.1,88.4,28.0,32.5,4.7,6.0,269.6,98.2,178.0,398.4,6.7,1
48,Male,13.7,44.1,88.1,28.3,32.0,4.7,7.6,306.9,98.2,178.4,398.0,6.9,1
66,Female,12.0,40.2,88.3,28.5,32.2,4.2,7.4,255.2,98.1,157.1,398.1,6.5,1
61,Male,13.9,44.1,88.4,28.3,32.1,4.7,7.1,345.9,98.1,178.3,398.1,6.6,1
24,Female,12.0,40.3,88.4,28.4,32.2,4.2,6.3,204.3,98.4,157.4,398.2,6.8,1
19,Male,16.6,47.3,91.0,30.0,34.3,5.5,9.3,271.0,100.2,181.3,400.8,9.5,0
3,Male,13.3,46.8,90.5,31.4,34.0,5.87,5.5,311.5,101.0,180.6,401.1,9.2,0
19,Male,13.5,44.4,88.3,28.3,32.1,4.7,5.4,221.9,98.2,178.0,398.4,6.6,1
42,Male,16.4,46.1,90.5,30.6,35.3,6.1,8.4,245.9,100.3,180.0,400.7,9.6,0
60,Male,13.7,44.1,88.5,28.3,32.2,4.7,6.0,277.3,98.2,178.0,398.0,6.8,1
40,Female,12.0,40.4,88.2,28.1,32.5,4.2,6.9,288.4,98.4,157.2,398.0,6.8,1
6,Male,13.3,46.4,91.4,31.5,35.4,6.1,7.0,251.5,100.5,181.2,400.1,9.4,0
20,Female,14.8,40.8,90.8,30.8,35.1,5.6,6.4,213.4,99.8,157.8,398.9,9.4,0
18,Female,12.0,40.1,88.4,28.3,32.0,4.2,8.3,200.6,98.2,157.3,398.1,6.9,1
74,Female,12.7,42.4,90.8,28.9,33.6,4.57,6.3,263.1,99.3,159.4,401.4,9.3,0
14,Female,12.0,40.0,88.3,28.3,32.0,4.2,4.7,255.0,98.3,157.4,398.5,6.7,1
56,Female,12.2,40.0,88.0,28.3,32.2,4.2,6.0,253.0,98.0,157.2,398.2,6.7,1
71,Male,16.5,47.2,90.6,31.4,34.8,6.1,7.4,212.0,101.3,180.3,401.1,8.5,0
11,Male,12.1,46.3,89.0,29.0,33.8,5.62,6.7,276.4,98.8,178.9,399.7,9.5,0
16,Male,13.9,44.2,88.1,28.1,32.1,4.7,4.5,216.1,98.2,178.2,398.4,7.0,1
10,Female,11.0,41.2,90.3,29.9,34.0,4.12,7.2,282.5,99.0,158.1,401.2,7.6,0
84,Male,13.9,44.5,88.2,28.2,32.2,4.7,4.5,182.5,98.3,178.1,398.5,6.7,1
19,Male,16.3,46.1,90.5,30.1,34.6,5.68,9.7,279.0,100.8,180.7,400.6,9.8,0
34,Female,14.2,43.2,89.2,29.9,33.7,5.77,5.6,176.3,99.1,157.6,401.2,9.4,1
47,Male,13.7,44.4,88.4,28.4,32.1,4.7,4.8,276.5,98.3,178.3,398.3,6.8,1
14,Female,12.2,40.1,88.4,28.5,32.3,4.2,5.2,164.3,98.4,157.4,398.4,6.8,1
18,Female,13.9,42.1,91.2,30.5,35.4,5.4,9.8,158.1,100.7,160.4,400.7,8.7,0
73,Male,16.6,47.4,89.5,31.2,32.9,4.32,8.9,246.8,99.4,180.6,401.1,9.4,1
46,Male,15.8,47.0,90.8,30.1,34.4,6.1,7.7,288.6,100.9,180.7,400.4,8.7,0
2,Female,12.7,43.0,90.2,30.7,34.5,5.4,6.8,245.0,100.8,160.5,400.1,9.2,0
50,Female,14.1,43.3,89.8,29.9,35.1,5.2,6.8,292.2,99.9,160.5,400.0,9.9,0
26,Female,12.1,40.3,88.1,28.2,32.2,4.2,6.4,221.5,98.1,157.3,398.4,6.9,1
24,Male,13.6,44.4,88.1,28.1,32.4,4.7,4.5,251.6,98.4,178.4,398.2,6.9,1
46,Female,12.0,40.3,88.4,28.2,32.2,4.2,7.7,253.3,98.2,157.5,398.4,6.9,1
39,Male,16.3,46.4,91.0,31.5,34.3,5.89,5.1,258.0,100.0,180.5,401.3,8.6,0
66,Male,15.9,45.9,89.1,30.8,34.0,6.0,6.5,247.9,99.1,181.0,399.9,9.1,1
54,Female,12.2,40.2,88.1,28.2,32.2,4.2,5.1,259.4,98.1,157.4,398.1,6.8,1
16,Male,15.9,47.5,90.3,30.9,35.4,5.62,6.6,266.7,101.0,181.1,401.5,8.8,0
0,Female,12.3,42.3,90.5,31.1,34.8,5.4,7.7,233.2,100.4,159.4,400.7,8.6,0
79,Male,15.6,46.4,90.3,31.3,35.0,6.1,10.3,254.9,101.1,180.8,401.4,10.0,0
75,Female,14.9,42.0,90.6,28.8,33.4,5.35,7.8,167.1,99.3,158.3,399.2,7.7,1
19,Male,14.1,46.7,90.0,28.5,34.4,4.62,10.5,263.1,100.4,180.7,399.0,7.9,0
13,Male,16.6,46.4,91.0,30.1,35.3,6.07,5.1,280.4,101.0,181.2,400.7,9.4,0
7,Male,11.0,44.1,88.3,28.5,32.4,4.7,7.4,213.9,98.5,178.3,398.2,6.9,1
9,Female,11.0,40.4,88.4,28.1,32.3,4.2,9.0,208.4,98.3,157.1,398.3,6.7,1
37,Female,14.5,42.6,91.4,30.8,35.3,5.4,7.6,233.8,100.1,159.7,400.4,9.3,0
39,Female,14.4,42.5,90.1,31.5,35.4,5.0,5.4,169.8,100.4,160.4,401.1,9.9,0
17,Male,16.5,47.0,91.4,31.1,34.1,6.1,6.7,304.9,100.9,181.5,400.8,9.9,0
14,Female,12.2,40.2,88.2,28.4,32.0,4.2,7.1,214.1,98.3,157.1,398.4,6.8,1
14,Female,14.6,42.1,91.1,30.8,34.9,5.4,7.6,202.5,100.7,159.4,401.0,9.5,0
8,Male,11.0,44.1,88.3,28.5,32.5,4.7,6.9,204.1,98.0,178.2,398.5,6.7,1
70,Female,14.4,43.1,90.4,31.1,35.5,5.4,7.8,258.5,101.5,159.9,400.4,9.9,0
66,Female,15.1,42.1,91.2,30.5,34.3,5.4,7.4,268.5,100.5,159.5,400.3,9.7,0
89,Male,16.4,46.0,90.8,31.2,34.4,6.1,6.9,247.6,100.2,181.3,400.6,9.7,0
23,Female,14.6,42.1,90.8,30.3,34.5,5.4,5.4,194.2,100.6,159.4,400.3,9.6,0
78,Female,12.4,43.2,89.0,28.9,32.9,4.02,6.2,230.6,100.8,159.7,398.6,7.4,1
16,Female,14.1,43.2,91.3,30.1,35.2,5.4,7.5,245.1,100.1,159.8,400.8,9.4,0
36,Female,12.7,40.7,89.5,30.9,33.1,4.16,5.0,316.7,100.4,159.7,399.2,8.3,1
37,Female,14.0,43.4,90.6,30.1,34.3,5.4,8.3,228.7,100.3,159.7,401.3,8.6,0
18,Male,13.6,44.4,88.1,28.3,32.3,4.7,8.1,174.5,98.2,178.3,398.4,6.6,1
59,Female,12.1,40.4,88.1,28.2,32.1,4.2,7.8,320.7,98.4,157.1,398.4,6.7,1
14,Female,15.1,43.0,90.3,30.3,35.3,4.97,7.5,347.1,100.6,159.7,401.4,9.8,0
11,Male,11.0,44.4,88.2,28.3,32.2,4.7,7.6,184.9,98.3,178.2,398.4,6.5,1
12,Male,15.5,44.8,89.0,29.3,34.1,4.38,5.6,186.5,100.5,179.5,400.6,7.5,0
10,Male,13.2,47.0,90.4,30.4,35.1,4.05,7.5,361.9,99.3,180.8,399.4,9.3,0
34,Male,16.4,46.2,90.7,30.9,35.3,5.74,6.2,283.4,101.0,180.6,400.2,9.6,0
7,Female,13.5,42.7,91.1,31.1,34.7,5.16,10.0,256.0,100.7,159.1,400.0,9.0,0
14,Female,12.0,40.0,88.2,28.0,32.1,4.2,7.8,260.2,98.5,157.4,398.1,6.7,1
69,Male,13.5,44.4,88.3,28.1,32.5,4.7,8.1,336.0,98.5,178.4,398.0,6.5,1
17,Female,12.0,40.2,88.1,28.2,32.1,4.2,5.6,281.5,98.1,157.1,398.2,6.8,1
3,Female,11.0,40.3,88.5,28.5,32.0,4.2,8.2,283.8,98.5,157.3,398.1,6.8,1
39,Male,16.4,46.5,90.7,30.4,34.5,5.44,7.1,256.9,100.8,180.6,400.8,9.1,0
61,Female,12.2,40.3,88.5,28.2,32.4,4.2,5.3,321.1,98.3,157.4,398.3,6.9,1
89,Male,13.7,44.3,88.2,28.4,32.1,4.7,7.5,314.7,98.4,178.2,398.3,6.8,1
55,Male,13.5,44.3,88.1,28.1,32.0,4.7,5.8,250.5,98.4,178.4,398.2,6.6,1
16,Male,15.3,46.6,88.9,29.9,32.7,5.99,6.2,270.5,98.7,179.7,401.0,7.7,1
17,Male,13.5,44.4,88.3,28.1,32.2,4.7,6.4,223.9,98.3,178.1,398.2,7.0,1
30,Male,16.7,46.6,89.4,29.5,33.4,6.49,7.9,248.9,100.5,180.3,401.2,8.8,0
12,Male,13.6,44.4,88.3,28.5,32.3,4.7,10.8,154.0,98.5,178.2,398.3,6.6,1
19,Male,13.6,44.3,88.3,28.1,32.5,4.7,6.8,231.7,98.0,178.0,398.3,6.9,1
84,Male,16.9,47.4,91.3,31.2,35.0,5.44,7.4,280.1,100.5,181.2,400.7,8.7,0
34,Male,16.7,46.4,91.4,31.1,35.2,5.53,8.9,266.0,101.3,180.0,401.4,8.6,0
8,Female,13.2,42.6,91.5,30.2,34.6,5.4,5.2,337.0,100.1,160.4,400.6,9.0,0
42,Female,14.4,43.5,91.4,30.9,34.3,5.4,6.2,246.0,100.4,159.1,401.4,8.8,0
61,Female,14.5,43.4,91.1,31.2,34.2,5.29,4.5,241.1,100.8,159.3,400.1,9.0,0
42,Male,13.7,44.0,88.4,28.5,32.2,4.7,5.7,266.6,98.0,178.1,398.3,6.9,1
50,Female,12.6,42.5,90.5,30.3,33.2,5.85,8.2,238.1,101.0,160.2,400.6,8.9,0
27,Male,16.5,46.3,90.6,31.4,34.7,6.1,6.5,283.0,101.4,181.2,401.3,8.5,0
46,Male,16.3,47.1,91.5,30.1,34.1,5.52,6.1,270.3,100.9,180.5,400.7,8.8,0
51,Female,15.2,42.3,90.3,30.9,34.4,5.31,4.5,269.4,100.5,159.4,400.2,8.6,0
4,Male,12.3,47.1,91.3,30.4,35.0,5.87,5.2,264.3,101.1,180.3,400.4,9.2,0
43,Male,13.5,44.1,88.1,28.3,32.4,4.7,5.9,153.3,98.4,178.3,398.4,6.6,1
2,Male,13.0,46.0,90.8,31.4,34.6,5.46,6.9,231.5,100.2,180.0,401.1,9.2,0
82,Female,12.0,40.0,88.3,28.5,32.4,4.2,5.3,193.7,98.4,157.4,398.5,6.8,1
14,Male,16.3,45.9,91.1,29.2,33.6,4.63,7.4,216.7,100.3,179.8,401.1,8.5,0
22,Male,16.5,46.3,90.4,31.0,34.8,3.95,5.3,201.0,100.9,178.5,398.6,7.6,1
16,Female,12.0,40.1,88.3,28.4,32.4,4.2,6.3,259.6,98.2,157.1,398.1,6.7,1
19,Male,15.9,47.3,90.7,30.5,34.8,5.97,5.5,258.2,101.5,180.6,400.5,9.6,0
19,Male,16.5,46.5,91.0,31.1,35.0,5.57,5.1,295.5,100.0,180.6,400.7,9.2,0
20,Male,16.1,46.0,90.2,30.5,34.5,6.1,4.8,277.6,100.5,180.5,400.5,9.5,0
17,Female,12.0,40.1,88.5,28.5,32.1,4.2,7.5,308.0,98.2,157.1,398.1,6.6,1
83,Female,14.3,42.1,90.9,30.4,35.2,5.34,7.9,346.9,101.2,160.2,400.1,8.9,0
17,Male,16.0,46.8,90.8,31.2,35.5,6.02,6.5,261.4,101.2,180.6,400.1,9.0,0
12,Male,15.7,46.2,90.2,31.0,34.3,5.92,6.9,297.8,101.0,180.3,400.3,8.6,0
16,Male,16.5,45.2,90.1,31.0,34.3,4.54,7.8,272.6,101.3,181.0,400.4,8.4,1
18,Male,13.6,44.1,88.3,28.2,32.1,4.7,8.0,242.0,98.5,178.0,398.1,6.7,1
66,Male,13.8,44.0,88.4,28.2,32.1,4.7,6.5,186.6,98.1,178.3,398.4,6.6,1
79,Male,13.9,44.3,88.2,28.4,32.3,4.7,7.7,235.9,98.4,178.1,398.1,6.9,1
4,Male,13.5,46.5,91.0,30.8,34.4,6.1,7.9,305.4,101.3,181.3,401.1,9.8,0
6,Female,12.7,43.1,90.6,31.5,34.3,4.8,7.8,255.7,101.0,159.1,400.8,9.9,0
2,Female,12.9,42.3,90.9,31.3,34.9,5.4,8.0,288.9,100.6,159.9,401.1,8.9,0
61,Female,14.3,42.6,90.6,30.3,35.4,5.4,6.3,235.9,100.6,159.6,400.0,9.8,0
10,Female,11.0,40.3,88.4,28.1,32.1,4.2,5.0,239.7,98.3,157.4,398.1,6.7,1
42,Female,12.1,40.3,88.0,28.3,32.2,4.2,7.4,259.6,98.3,157.4,398.1,7.0,1
7,Female,12.5,40.5,88.6,29.3,32.9,3.99,7.9,255.7,100.8,159.6,399.7,9.1,0
72,Male,14.7,46.8,90.2,30.9,33.0,5.87,6.0,270.4,99.0,181.3,399.1,9.1,1
5,Female,11.0,40.1,88.1,28.2,32.1,4.2,6.4,231.2,98.2,157.3,398.2,6.5,1
18,Male,16.2,47.5,90.3,30.1,35.3,6.1,9.3,150.0,101.3,181.1,400.4,8.5,0
19,Male,13.8,44.5,88.4,28.3,32.5,4.7,6.5,284.9,98.0,178.4,398.5,6.6,1
18,Male,16.0,47.2,88.9,29.2,35.3,4.74,7.5,277.9,98.6,179.0,400.2,9.8,0
12,Male,16.0,45.8,90.8,30.3,33.3,4.32,5.5,275.6,99.1,179.3,401.3,9.0,1
15,Female,12.0,40.4,88.0,28.0,32.1,4.2,6.8,264.3,98.3,157.5,398.0,6.7,1
70,Female,15.0,42.9,90.8,30.8,33.9,5.88,8.8,169.1,98.9,159.5,400.8,8.2,1
15,Male,16.2,44.7,90.2,28.6,35.2,5.79,8.7,302.6,100.1,178.8,399.8,9.2,1
16,Female,12.2,40.4,88.1,28.4,32.2,4.2,5.7,257.2,98.4,157.2,398.4,6.8,1
36,Female,12.2,40.2,88.4,28.2,32.3,4.2,8.2,186.7,98.2,157.1,398.1,6.9,1
39,Female,15.1,41.2,90.1,30.0,34.6,4.03,7.5,282.8,100.5,159.8,400.2,7.7,0
32,Male,13.6,44.3,88.3,28.2,32.3,4.7,5.2,264.0,98.3,178.2,398.1,6.9,1
7,Male,11.0,44.1,88.2,28.1,32.0,4.7,6.2,173.5,98.4,178.2,398.3,6.8,1
30,Male,16.2,46.6,90.5,31.0,34.2,6.1,6.4,297.3,100.5,180.8,400.1,9.9,0
16,Male,15.7,47.4,91.4,30.3,34.9,5.44,7.1,288.1,100.1,180.5,400.1,9.1,0
88,Male,16.2,46.8,91.0,30.4,35.3,6.1,6.1,349.4,100.2,180.8,400.2,9.1,0
39,Female,14.0,43.3,91.1,30.5,34.4,5.4,6.0,272.8,100.5,159.3,400.4,8.9,0
2,Male,11.0,44.2,88.4,28.4,32.1,4.7,7.5,341.6,98.4,178.3,398.2,6.6,1
16,Female,15.0,42.1,89.6,30.6,35.5,5.11,5.4,274.6,99.3,159.9,400.8,7.7,1
76,Female,14.5,42.2,91.0,30.5,35.3,5.32,6.9,157.8,100.3,159.3,401.2,9.2,0
53,Male,13.9,44.4,88.3,28.3,32.4,4.7,7.6,271.7,98.2,178.2,398.5,6.9,1
14,Male,13.7,44.1,88.1,28.1,32.3,4.7,6.7,276.7,98.3,178.2,398.5,6.7,1
68,Female,12.0,40.5,88.2,28.0,32.0,4.2,8.7,284.9,98.3,157.2,398.2,6.9,1
38,Female,12.0,40.2,88.3,28.5,32.2,4.2,8.1,227.5,98.1,157.3,398.4,6.9,1
16,Female,12.0,40.1,88.3,28.2,32.3,4.2,6.2,314.1,98.4,157.5,398.1,6.9,1
62,Female,12.5,40.5,90.5,29.9,34.6,6.17,4.8,150.0,99.9,160.1,400.9,9.1,1
78,Female,12.1,40.5,88.0,28.0,32.1,4.2,6.3,242.4,98.3,157.4,398.0,6.8,1
68,Female,12.0,40.1,88.0,28.5,32.5,4.2,6.4,310.7,98.3,157.3,398.3,6.8,1
16,Female,12.0,40.2,88.2,28.3,32.2,4.2,8.3,235.9,98.4,157.4,398.1,6.5,1
17,Male,16.6,47.4,90.4,31.1,34.8,5.8,7.4,324.5,101.0,180.5,400.7,9.4,0
68,Female,12.0,40.5,88.5,28.1,32.4,4.2,7.2,153.3,98.2,157.1,398.2,6.7,1
3,Female,11.0,40.3,88.4,28.5,32.4,4.2,8.3,239.1,98.4,157.2,398.3,6.6,1
18,Male,13.7,44.4,88.2,28.3,32.3,4.7,6.0,293.2,98.2,178.1,398.4,6.6,1
50,Female,14.3,42.6,90.9,28.7,34.7,5.54,10.8,259.6,100.5,159.0,401.5,7.1,0
78,Female,14.8,42.4,90.9,30.4,34.3,5.4,8.5,222.6,100.3,159.5,400.2,9.2,0
89,Male,13.6,44.4,88.4,28.2,32.1,4.7,6.3,243.9,98.0,178.5,398.4,6.9,1
17,Female,14.8,42.6,91.0,30.8,34.4,5.4,7.0,175.7,101.1,159.1,401.1,8.5,0
48,Male,16.2,46.3,91.3,31.4,34.7,5.56,8.0,299.8,100.5,181.3,401.5,9.3,0
13,Female,12.0,40.1,88.3,28.2,32.3,4.2,9.2,388.5,98.4,157.1,398.2,6.6,1
90,Female,12.0,40.5,88.1,28.1,32.5,4.2,8.5,278.3,98.3,157.3,398.5,6.8,1
30,Male,13.8,44.2,88.3,28.1,32.0,4.7,7.3,222.5,98.4,178.5,398.4,7.0,1
78,Female,12.0,40.2,88.5,28.5,32.1,4.2,7.9,185.8,98.0,157.1,398.2,6.9,1
49,Female,14.7,42.0,90.8,30.1,34.3,5.4,5.4,328.2,100.6,159.7,401.1,8.5,0
34,Male,16.3,47.1,90.7,30.4,34.5,6.1,4.8,241.8,101.4,181.2,400.1,10.0,0
64,Female,12.0,40.1,88.3,28.3,32.4,4.2,8.3,261.7,98.5,157.3,398.0,6.8,1
10,Female,12.5,43.3,91.0,31.2,34.2,5.0,7.9,190.8,100.8,159.8,400.3,9.5,0
11,Female,12.9,43.2,90.9,31.2,34.4,5.4,7.3,179.6,100.7,159.8,400.2,9.0,0
89,Female,12.0,40.4,88.2,28.2,32.4,4.2,6.7,330.7,98.2,157.5,398.1,6.8,1
25,Male,14.7,47.3,91.4,30.4,34.4,5.6,5.1,236.7,99.1,180.5,399.9,7.7,0
33,Male,13.9,44.1,88.3,28.1,32.4,4.7,7.2,288.1,98.3,178.3,398.4,6.5,1
5,Male,11.0,44.0,88.0,28.2,32.0,4.7,6.6,327.0,98.2,178.3,398.2,6.5,1
58,Female,14.2,43.3,89.9,29.3,35.2,3.32,7.3,285.4,99.0,158.4,400.3,7.3,0
41,Female,12.0,40.4,88.3,28.2,32.2,4.2,8.2,204.4,98.2,157.3,398.1,6.5,1
57,Female,12.1,40.2,88.1,28.2,32.4,4.2,5.6,187.1,98.0,157.4,398.1,6.6,1
87,Male,16.4,47.0,91.3,31.1,34.3,6.1,7.1,268.3,101.4,181.2,401.0,9.0,0
17,Female,12.1,40.4,88.4,28.3,32.3,4.2,7.0,239.7,98.0,157.2,398.1,6.5,1
18,Female,12.2,40.4,88.2,28.2,32.2,4.2,7.5,253.8,98.0,157.4,398.0,6.9,1
21,Female,12.1,40.3,88.0,28.1,32.2,4.2,9.1,198.9,98.4,157.2,398.3,6.8,1
2,Female,11.0,40.1,88.3,28.2,32.1,4.2,5.0,335.2,98.1,157.3,398.1,6.8,1
8,Female,11.0,40.0,88.3,28.2,32.4,4.2,6.7,237.6,98.5,157.2,398.5,6.7,1
41,Female,15.2,43.1,91.2,30.4,34.0,4.89,4.5,271.7,100.3,159.1,401.3,9.4,0
86,Female,14.4,42.7,90.6,31.5,35.2,5.4,8.4,238.7,100.1,159.2,401.4,9.4,0
78,Female,12.0,40.1,88.0,28.4,32.2,4.2,5.3,186.7,98.0,157.2,398.2,6.8,1
13,Female,12.0,40.2,88.3,28.2,32.2,4.2,5.5,288.8,98.2,157.2,398.0,6.8,1
24,Female,12.0,40.5,88.4,28.0,32.1,4.2,9.8,189.7,98.3,157.1,398.2,6.8,1
62,Male,15.6,46.3,91.0,30.7,34.4,6.03,8.3,244.3,100.2,180.4,400.8,9.5,0
10,Female,12.5,43.1,88.8,31.3,33.1,4.14,6.6,307.4,100.3,159.3,398.9,8.2,1
52,Male,16.4,47.5,91.2,30.4,34.4,5.9,7.4,240.9,101.0,180.3,400.3,9.8,0
21,Female,12.0,40.2,88.5,28.5,32.2,4.2,9.5,164.4,98.2,157.1,398.1,7.0,1
59,Female,12.1,40.2,88.0,28.4,32.4,4.2,5.7,288.2,98.3,157.1,398.5,6.7,1
77,Female,12.2,40.2,88.4,28.5,32.1,4.2,8.6,322.3,98.4,157.3,398.4,6.6,1
42,Male,13.7,44.2,88.2,28.1,32.4,4.7,7.7,235.7,98.3,178.1,398.2,6.9,1
16,Male,16.1,45.1,91.3,28.9,35.0,5.38,8.4,264.5,100.9,178.7,399.6,9.9,0
63,Female,12.7,43.5,90.1,29.2,35.1,3.68,7.9,214.7,101.2,158.8,398.7,8.9,0
3,Female,11.0,40.4,88.4,28.3,32.5,4.2,6.2,241.4,98.3,157.1,398.2,6.5,1
72,Male,13.6,44.4,88.4,28.1,32.1,4.7,6.3,242.3,98.0,178.1,398.3,7.0,1
69,Female,14.4,42.1,91.3,31.4,35.2,4.96,7.1,150.0,101.3,160.1,401.2,9.8,0
26,Male,13.8,44.2,88.1,28.4,32.1,4.7,6.7,180.9,98.2,178.4,398.1,6.9,1
78,Male,13.6,44.3,88.5,28.5,32.3,4.7,9.0,264.8,98.0,178.4,398.3,6.6,1
4,Female,12.6,43.4,90.8,30.1,34.7,5.29,7.5,161.4,100.7,159.7,400.1,9.7,0
12,Male,13.8,44.3,88.3,28.1,32.5,4.7,6.2,342.5,98.3,178.1,398.2,7.0,1
8,Male,12.9,46.7,91.1,31.4,34.5,5.46,11.0,237.1,100.3,181.1,401.5,9.9,0
70,Female,14.8,43.1,90.5,31.3,35.4,5.25,8.3,198.1,101.1,159.8,401.4,8.7,0
13,Male,15.2,44.9,88.7,29.2,33.8,4.29,8.5,321.6,100.9,179.2,399.6,9.0,0
36,Male,16.0,46.6,90.4,30.9,34.1,5.62,5.9,279.4,100.4,181.2,400.1,9.2,0
31,Male,16.8,47.0,90.1,30.1,35.2,6.02,5.9,286.9,98.5,179.8,398.8,8.2,0
27,Female,12.0,40.3,88.3,28.2,32.1,4.2,7.1,347.2,98.4,157.4,398.5,6.8,1
16,Female,13.0,41.9,89.0,31.0,32.9,5.64,4.8,242.4,99.5,158.8,399.3,9.4,0
16,Male,15.7,46.3,91.2,30.8,34.0,6.1,7.6,150.0,100.3,180.8,401.5,8.6,0
10,Female,13.5,42.2,91.4,31.1,34.5,5.26,8.7,336.7,101.4,160.1,400.8,9.9,0
7,Male,11.0,44.2,88.4,28.1,32.3,4.7,7.3,245.2,98.1,178.4,398.3,6.5,1
52,Male,15.9,46.6,90.0,31.3,34.2,6.1,5.3,177.4,100.1,180.5,401.3,8.5,0
18,Female,14.9,42.3,91.3,30.7,34.0,5.4,7.8,345.9,100.3,159.7,400.6,10.0,0
51,Female,12.0,40.1,88.2,28.4,32.4,4.2,10.4,233.6,98.3,157.1,398.4,6.7,1
19,Female,12.0,40.3,88.1,28.1,32.4,4.2,7.8,187.4,98.2,157.2,398.3,7.0,1
45,Male,16.6,46.5,91.4,31.1,34.6,6.04,7.2,289.5,101.1,180.6,400.3,9.6,0
65,Female,14.5,42.3,90.6,31.1,34.2,5.4,6.9,269.3,100.1,159.9,400.1,8.8,0
18,Male,13.7,44.1,88.2,28.1,32.3,4.7,4.7,202.8,98.4,178.3,398.4,6.8,1
16,Male,16.2,47.3,91.0,31.0,34.3,6.1,7.6,275.4,100.5,180.8,400.2,9.3,0
1,Female,11.0,40.3,88.4,28.0,32.1,4.2,5.2,222.7,98.1,157.0,398.5,7.0,1
13,Female,12.2,40.4,88.4,28.4,32.3,4.2,5.4,270.8,98.1,157.2,398.4,6.6,1
15,Male,16.0,46.7,90.4,30.5,35.0,6.1,7.6,231.5,100.2,180.3,400.1,8.7,0
46,Male,16.9,46.3,90.1,30.7,34.7,5.9,5.5,273.3,101.1,181.1,400.6,9.9,0
76,Male,16.3,47.0,90.1,31.0,35.1,5.94,9.8,205.3,100.0,180.6,401.2,9.1,0
30,Female,14.4,42.4,91.1,30.6,35.0,5.4,8.2,260.3,100.0,159.1,401.1,9.0,0
44,Male,16.1,47.4,90.9,31.0,35.1,6.1,5.1,283.1,101.3,181.1,401.1,10.0,0
64,Male,16.1,46.6,90.8,30.5,35.2,6.1,5.4,287.3,101.5,181.0,400.3,9.6,0
38,Female,12.0,40.1,88.1,28.3,32.2,4.2,7.1,243.3,98.5,157.2,398.2,6.9,1
10,Male,11.0,44.4,88.5,28.5,32.1,4.7,5.7,266.5,98.1,178.4,398.3,6.8,1
8,Male,11.0,44.1,88.0,28.2,32.2,4.7,8.1,253.4,98.0,178.2,398.2,6.6,1
54,Male,13.5,44.5,88.1,28.2,32.4,4.7,7.7,181.2,98.5,178.5,398.3,6.9,1
13,Female,12.0,40.1,88.4,28.5,32.2,4.2,6.2,158.8,98.3,157.4,398.2,6.8,1
15,Male,16.1,46.9,88.6,30.7,33.9,4.47,6.5,306.7,99.2,180.5,400.0,9.0,1
74,Male,16.1,46.3,91.3,31.1,34.0,5.41,5.9,228.0,100.9,181.0,401.4,9.9,0
89,Female,12.0,40.2,88.4,28.2,32.3,4.2,7.3,244.9,98.3,157.2,398.5,6.5,1
1,Male,13.2,46.6,90.7,31.1,34.1,5.78,7.9,265.6,100.8,180.8,400.2,9.2,0
82,Male,13.8,44.4,88.2,28.2,32.2,4.7,9.0,236.7,98.0,178.3,398.1,6.9,1
69,Male,13.7,44.3,88.5,28.4,32.2,4.7,8.1,291.9,98.4,178.0,398.1,6.6,1
27,Male,16.1,47.3,90.7,31.5,34.7,6.1,7.2,228.6,101.3,181.4,401.5,8.9,0
73,Female,15.1,42.4,91.4,30.9,35.0,5.4,4.5,308.6,100.9,159.8,400.1,8.8,0
58,Male,13.5,44.5,88.3,28.0,32.5,4.7,8.0,313.5,98.5,178.2,398.5,6.8,1
61,Female,14.9,42.6,90.4,30.8,34.7,5.32,9.0,311.5,100.1,159.9,401.1,8.6,0
5,Male,11.0,44.4,88.2,28.2,32.0,4.7,6.8,185.2,98.1,178.3,398.1,6.8,1
11,Male,12.4,46.4,91.4,30.5,34.3,6.09,7.7,152.5,100.8,180.5,400.7,9.9,0
16,Female,14.0,43.0,91.2,30.1,35.5,5.4,5.7,227.5,100.6,159.3,400.7,9.7,0
0,Female,13.5,42.7,90.0,31.4,34.4,5.4,6.4,269.0,100.7,159.1,400.5,9.6,0
82,Male,15.1,45.4,91.4,30.0,33.0,6.54,7.1,201.7,100.8,181.1,398.7,9.0,0
85,Male,15.6,46.2,90.5,30.1,34.5,5.49,5.8,205.9,101.5,180.4,400.4,9.5,0
52,Male,13.5,44.2,88.0,28.2,32.5,4.7,7.0,277.0,98.2,178.5,398.3,6.6,1
15,Female,14.8,42.8,90.2,30.2,35.4,5.14,8.3,331.9,100.8,160.5,400.2,9.3,0
16,Female,12.0,40.1,88.5,28.4,32.1,4.2,9.1,226.8,98.2,157.3,398.0,6.6,1
7,Male,13.5,46.9,90.3,30.0,35.3,5.43,7.1,303.3,101.4,181.2,401.5,9.0,0
6,Male,13.4,47.1,90.3,30.9,35.3,6.05,6.9,275.2,100.2,180.6,401.4,9.0,0
13,Female,14.7,42.4,91.2,30.8,34.1,5.4,4.5,290.3,100.0,159.3,400.6,8.8,0
13,Female,12.0,40.4,88.5,28.0,32.5,4.2,6.1,201.8,98.1,157.5,398.0,6.8,1
17,Female,14.2,43.2,91.2,31.3,35.1,5.4,4.5,295.4,100.3,159.2,400.3,9.9,0
16,Male,16.9,47.3,91.4,31.4,34.8,5.73,6.1,281.5,100.4,180.3,400.8,9.0,0
14,Female,14.2,43.5,91.3,30.3,34.2,5.35,8.5,262.9,101.4,160.1,400.9,8.7,0
13,Female,12.0,40.3,88.2,28.1,32.1,4.2,6.4,241.9,98.3,157.1,398.4,6.7,1
67,Male,14.0,44.1,88.3,28.4,32.3,4.7,7.3,219.7,98.3,178.1,398.5,6.9,1
38,Female,12.1,40.0,88.4,28.2,32.1,4.2,5.6,228.1,98.4,157.2,398.2,6.5,1
45,Female,12.1,40.2,88.0,28.4,32.1,4.2,8.1,261.4,98.2,157.1,398.3,6.8,1
13,Male,13.7,44.1,88.2,28.1,32.2,4.7,4.5,246.2,98.3,178.2,398.1,6.6,1
14,Male,13.7,44.2,88.5,28.0,32.4,4.7,7.9,247.7,98.3,178.3,398.0,6.6,1
69,Male,14.7,47.1,91.0,29.9,34.8,3.95,6.6,267.4,99.2,180.1,399.9,7.4,1
7,Female,11.0,40.3,88.0,28.1,32.4,4.2,5.1,275.4,98.5,157.1,398.2,6.9,1
15,Female,13.4,43.1,89.8,29.9,33.6,3.99,8.2,198.7,99.8,158.3,400.0,7.1,1
5,Female,11.0,40.5,88.1,28.3,32.3,4.2,4.5,190.4,98.2,157.3,398.5,6.8,1
63,Male,13.8,44.4,88.2,28.3,32.2,4.7,5.0,328.7,98.1,178.5,398.1,6.9,1
75,Male,13.9,44.1,88.3,28.0,32.2,4.7,4.6,287.4,98.2,178.1,398.0,6.6,1
14,Male,16.2,46.6,90.3,31.4,35.1,6.1,8.0,265.3,100.2,180.4,400.8,9.7,0
29,Female,14.9,42.9,91.3,30.7,35.0,5.4,6.8,169.1,100.1,159.2,401.4,9.3,0
24,Male,16.3,45.4,90.7,29.5,32.7,6.6,9.4,223.9,100.3,180.5,400.1,8.6,0
50,Female,12.7,42.7,89.3,29.7,34.3,5.65,8.2,223.4,100.1,159.6,400.6,9.7,1
28,Male,16.4,47.1,90.1,30.9,35.4,5.79,8.4,208.8,100.4,181.1,401.2,8.9,0
18,Male,13.6,44.2,88.3,28.4,32.3,4.7,8.1,229.5,98.1,178.2,398.2,6.6,1
19,Male,13.6,44.3,88.1,28.4,32.2,4.7,7.6,176.0,98.4,178.2,398.1,6.7,1
10,Male,12.8,46.6,90.9,30.1,34.8,5.67,9.9,301.2,100.8,181.1,400.5,9.6,0
19,Female,12.0,40.0,88.2,28.0,32.0,4.2,5.9,246.4,98.5,157.2,398.4,7.0,1
13,Male,13.8,44.0,88.0,28.1,32.3,4.7,9.1,259.3,98.4,178.5,398.3,6.7,1
7,Female,12.8,42.3,90.7,30.1,35.3,4.87,5.8,237.8,101.2,159.5,400.2,9.3,0
35,Male,16.1,47.0,91.2,30.4,34.3,6.1,8.0,264.5,100.0,181.3,400.8,9.4,0
16,Male,16.2,46.2,90.8,30.4,35.5,6.1,5.3,236.1,101.2,180.2,400.3,8.8,0
15,Male,13.9,44.0,88.4,28.2,32.3,4.7,5.1,150.0,98.3,178.3,398.3,6.5,1
41,Female,14.2,42.4,88.6,30.3,33.9,4.38,5.1,251.4,100.7,159.8,399.4,8.9,0
87,Female,12.1,40.2,88.2,28.4,32.4,4.2,8.4,304.1,98.1,157.5,398.3,6.8,1
87,Male,14.1,47.2,91.2,30.6,34.7,4.14,6.3,213.4,100.0,181.0,401.5,9.3,0
39,Female,15.1,41.4,90.6,29.5,34.9,5.03,6.6,254.6,100.7,158.3,400.4,8.3,0
87,Female,13.8,43.3,90.0,30.1,35.0,5.4,7.3,158.0,100.0,159.8,400.7,9.4,0
34,Male,13.8,44.2,88.1,28.3,32.5,4.7,6.9,280.8,98.4,178.4,398.1,6.5,1
17,Female,12.0,40.3,88.3,28.2,32.5,4.2,4.9,323.7,98.4,157.1,398.3,6.9,1
5,Male,11.0,44.4,88.0,28.3,32.1,4.7,6.6,270.3,98.2,178.4,398.4,6.7,1
15,Female,14.3,42.2,90.4,30.6,35.4,5.1,9.4,220.7,101.1,160.4,400.3,8.5,0
48,Male,16.1,47.3,90.4,28.5,33.3,4.17,6.9,212.9,101.4,179.7,401.4,9.7,0
34,Female,13.9,42.4,90.5,30.5,35.2,5.34,11.0,213.9,100.4,159.5,401.2,9.8,0
17,Male,14.6,44.6,89.5,30.0,32.7,6.82,8.2,293.4,101.1,180.3,399.8,8.5,0
68,Female,15.2,42.0,91.0,30.4,35.1,5.4,6.4,326.2,100.2,159.9,401.2,9.9,0
8,Female,13.4,42.3,90.6,30.7,34.8,5.4,7.1,172.9,100.7,159.3,401.5,9.8,0
45,Male,13.8,44.1,88.5,28.3,32.3,4.7,8.1,252.0,98.3,178.2,398.4,6.6,1
18,Female,12.0,40.4,88.5,28.4,32.2,4.2,5.7,360.2,98.3,157.0,398.4,6.8,1
18,Male,13.5,44.3,88.3,28.3,32.4,4.7,7.5,229.0,98.3,178.4,398.4,6.7,1
29,Female,14.2,42.8,91.1,31.4,34.2,5.04,4.5,264.5,100.6,159.4,400.8,9.8,0
14,Male,13.7,44.4,88.1,28.4,32.3,4.7,6.2,311.6,98.1,178.5,398.2,6.7,1
73,Female,12.2,40.0,88.4,28.1,32.1,4.2,7.2,265.8,98.1,157.3,398.4,6.5,1
44,Male,14.0,44.1,88.1,28.5,32.2,4.7,4.8,178.9,98.1,178.5,398.4,6.6,1
17,Male,13.7,44.3,88.0,28.4,32.1,4.7,6.4,287.6,98.4,178.2,398.3,6.7,1
32,Male,16.2,44.8,89.2,31.4,34.7,6.58,5.6,253.6,98.9,181.4,399.5,8.2,0
20,Male,13.7,44.1,88.0,28.1,32.2,4.7,8.3,234.4,98.0,178.4,398.2,7.0,1
8,Male,12.6,47.5,88.6,31.1,34.9,4.04,8.2,150.0,98.6,179.8,401.1,7.1,0
12,Male,16.4,47.0,90.7,30.9,34.9,6.1,10.3,209.6,100.4,180.3,400.7,9.0,0
2,Male,11.0,44.5,88.2,28.1,32.5,4.7,5.0,271.2,98.1,178.3,398.4,6.5,1
8,Male,13.2,46.5,90.0,30.6,34.9,5.38,6.0,273.7,99.7,178.7,400.8,7.6,1
82,Male,15.6,46.8,91.3,31.3,34.9,5.99,8.8,285.3,100.6,180.7,401.0,9.8,0
14,Female,14.0,42.9,91.2,31.3,34.6,5.36,8.6,284.9,100.4,159.4,400.8,9.2,0
30,Male,15.8,47.0,91.2,29.7,33.2,5.82,5.3,171.9,98.9,181.0,400.8,8.9,0
17,Female,12.2,40.3,88.2,28.0,32.1,4.2,5.8,217.6,98.1,157.3,398.2,6.8,1
42,Male,13.6,44.2,88.3,28.0,32.4,4.7,6.7,291.9,98.2,178.1,398.3,6.8,1
50,Male,15.7,46.5,90.5,31.4,35.0,6.1,8.4,251.4,100.6,180.3,400.3,9.5,0
19,Male,13.9,44.2,88.2,28.5,32.4,4.7,4.5,305.8,98.0,178.0,398.3,6.7,1
88,Female,14.3,41.8,88.8,29.6,32.5,5.94,7.2,329.5,100.1,157.9,401.2,7.7,1
27,Male,15.7,46.9,90.9,31.0,34.6,6.1,7.6,259.9,101.0,181.0,400.3,9.3,0
10,Male,11.0,44.1,88.3,28.4,32.5,4.7,6.2,252.0,98.4,178.5,398.2,6.9,1
5,Female,12.7,43.2,90.2,31.1,34.4,5.4,5.2,236.6,101.5,159.3,400.9,9.4,0
5,Male,11.4,45.6,89.2,29.7,35.4,6.82,5.5,289.2,101.1,178.5,400.0,9.6,0
50,Male,16.2,46.4,90.3,30.3,35.1,5.46,7.2,222.5,101.0,181.0,400.6,9.7,0
13,Male,14.8,45.8,89.2,28.9,34.5,4.61,5.9,255.7,99.0,179.4,399.7,7.8,1
75,Male,14.0,44.4,88.1,28.0,32.2,4.7,6.0,297.1,98.0,178.2,398.1,6.6,1
26,Male,16.3,46.4,91.2,30.6,35.3,5.97,6.2,300.0,100.7,180.9,400.1,9.9,0
10,Female,13.0,43.2,90.2,30.1,34.2,5.4,6.2,270.5,100.0,160.0,401.3,9.6,0
78,Female,15.0,42.4,90.7,30.8,35.2,5.4,7.5,316.6,100.5,159.8,400.0,8.9,0
33,Male,16.8,47.2,90.1,30.5,35.4,5.99,4.5,269.7,100.9,181.5,401.5,9.7,0
14,Female,14.1,42.8,91.0,31.3,35.0,5.38,7.5,261.3,100.7,159.0,401.3,8.7,0
63,Female,12.1,40.2,88.0,28.2,32.2,4.2,7.1,243.5,98.4,157.2,398.3,6.8,1
5,Female,11.0,40.2,88.3,28.5,32.2,4.2,4.5,258.3,98.5,157.1,398.1,7.0,1
85,Male,15.9,46.9,90.5,30.5,34.3,6.01,4.5,193.2,100.3,181.0,401.0,9.2,0
61,Male,15.8,47.4,90.2,30.4,34.4,6.1,7.6,290.9,100.5,181.4,401.3,9.2,0
70,Female,13.8,42.8,90.2,30.8,35.1,5.4,5.8,263.4,100.1,160.3,400.1,8.9,0
18,Male,13.8,44.0,88.1,28.1,32.2,4.7,5.9,275.7,98.3,178.1,398.3,6.8,1
87,Female,14.1,42.0,91.3,30.5,34.5,4.95,9.2,269.4,101.2,160.0,400.3,9.6,0
2,Female,13.7,41.8,89.8,30.5,33.7,4.01,6.2,237.5,99.2,158.1,399.9,9.9,0
73,Female,12.2,40.1,88.1,28.0,32.3,4.2,7.0,275.7,98.1,157.1,398.4,7.0,1
12,Male,16.7,46.4,90.8,30.5,35.0,5.76,7.0,202.3,100.3,180.1,400.1,8.8,0
90,Female,12.0,40.4,88.2,28.3,32.4,4.2,5.5,251.8,98.2,157.3,398.1,6.9,1
65,Male,15.9,46.8,90.8,31.3,34.1,6.04,5.8,265.9,100.9,180.5,400.6,9.2,0
17,Female,14.9,42.2,91.2,31.0,34.6,5.34,6.9,198.4,100.4,160.5,400.9,8.7,0
67,Female,12.0,40.1,88.4,28.2,32.1,4.2,7.3,232.0,98.0,157.1,398.1,6.8,1
18,Female,12.0,40.1,88.1,28.5,32.5,4.2,9.0,150.0,98.3,157.3,398.2,6.6,1
6,Female,13.5,42.7,90.5,31.5,34.3,5.13,5.7,278.4,100.6,159.4,400.3,9.4,0
66,Female,14.0,43.4,91.5,31.0,35.0,5.4,5.9,345.6,100.8,159.4,400.7,9.2,0
7,Female,11.0,40.5,88.4,28.1,32.2,4.2,9.4,298.0,98.2,157.2,398.1,6.5,1
4,Female,12.3,43.2,90.3,30.6,34.3,5.4,7.8,346.4,101.0,160.0,401.2,8.9,0
3,Female,11.0,40.2,88.1,28.1,32.3,4.2,8.3,209.2,98.3,157.0,398.2,6.6,1
61,Male,16.4,45.7,89.8,30.4,34.6,5.02,7.6,427.4,101.1,179.8,399.9,8.7,0
7,Female,11.0,40.2,88.4,28.3,32.1,4.2,8.5,309.7,98.2,157.2,398.2,6.6,1
73,Male,13.6,44.3,88.0,28.3,32.4,4.7,5.8,267.6,98.0,178.4,398.4,6.5,1
76,Female,15.1,42.5,91.1,31.4,34.2,5.4,7.8,315.9,100.6,160.4,400.1,9.1,0
72,Female,15.1,42.9,91.5,30.4,35.0,5.4,6.1,235.7,101.0,159.5,400.4,10.0,0
52,Female,14.1,42.0,91.4,29.0,35.4,4.7,7.3,281.5,99.1,159.9,398.9,9.4,0
13,Female,14.9,42.5,88.6,29.6,33.0,3.87,5.6,329.1,99.5,158.9,399.0,8.3,1
57,Male,13.7,44.3,88.3,28.3,32.1,4.7,8.3,189.0,98.4,178.4,398.2,6.9,1
18,Female,14.6,43.1,90.5,30.3,34.3,4.92,6.9,175.5,100.2,159.8,400.6,9.0,0
5,Male,12.9,47.2,91.2,31.1,34.2,6.1,8.8,302.9,100.5,181.3,401.1,8.7,0
10,Male,12.4,45.4,90.2,28.8,34.1,6.0,7.3,270.4,99.2,178.7,399.4,8.2,0
34,Male,14.0,44.3,88.2,28.4,32.5,4.7,8.1,349.7,98.3,178.0,398.5,6.5,1
17,Male,16.3,47.2,88.5,31.4,33.2,4.88,8.6,274.6,99.5,180.6,401.3,8.6,1
20,Female,12.2,40.2,88.5,28.1,32.1,4.2,6.6,259.2,98.1,157.2,398.0,6.7,1
9,Female,11.0,40.1,88.2,28.4,32.5,4.2,6.5,263.8,98.5,157.4,398.2,6.8,1
25,Male,16.7,46.7,89.5,31.3,34.7,5.74,10.4,266.1,98.6,180.5,399.4,8.2,1
3,Female,11.0,40.5,88.1,28.5,32.4,4.2,6.2,217.2,98.4,157.5,398.4,6.8,1
4,Male,11.9,46.9,90.0,29.9,33.9,4.53,7.9,286.4,99.4,179.1,400.9,9.9,0
18,Female,14.7,43.3,90.4,30.3,35.0,5.08,6.0,230.3,101.1,159.8,400.3,9.6,0
10,Male,11.0,44.0,88.1,28.1,32.5,4.7,7.1,383.2,98.3,178.1,398.1,6.5,1
9,Female,11.0,40.4,88.0,28.4,32.1,4.2,7.6,318.0,98.2,157.1,398.4,6.6,1
9,Male,11.0,44.3,88.0,28.2,32.5,4.7,7.1,246.8,98.3,178.3,398.4,6.8,1
26,Male,16.9,46.8,90.8,30.1,34.1,5.41,6.7,289.8,100.7,181.3,400.9,9.4,0
7,Male,11.0,44.4,88.4,28.3,32.5,4.7,6.6,280.1,98.2,178.2,398.2,7.0,1
49,Female,14.2,42.3,91.0,31.4,32.9,5.78,6.5,338.6,99.5,159.4,400.7,8.5,1
13,Female,12.2,40.5,88.0,28.1,32.4,4.2,4.9,321.5,98.3,157.1,398.3,6.7,1
15,Male,16.2,46.6,91.4,30.3,34.8,6.1,8.1,255.0,100.6,180.7,400.1,9.4,0
34,Female,14.5,42.9,90.5,31.2,34.5,4.91,6.4,184.4,101.4,159.6,400.1,8.8,0
15,Female,12.6,40.7,89.9,30.8,34.5,3.56,6.1,250.3,98.9,158.1,399.8,8.1,0
71,Male,13.5,44.2,88.3,28.1,32.3,4.7,5.6,263.9,98.3,178.1,398.4,6.5,1
17,Male,16.3,46.7,91.1,31.3,35.4,5.89,6.1,280.8,100.8,180.3,400.5,9.9,0
24,Female,13.9,42.2,90.7,30.6,35.1,5.4,7.0,296.8,101.2,159.6,401.0,8.8,0
65,Female,14.1,41.4,88.8,29.4,35.0,3.85,7.6,228.9,99.3,158.5,400.1,8.3,0
14,Female,12.0,40.2,88.4,28.1,32.5,4.2,11.0,227.6,98.0,157.4,398.0,6.8,1
1,Male,11.0,44.2,88.4,28.1,32.0,4.7,6.7,266.7,98.1,178.4,398.4,6.7,1
9,Female,11.0,40.2,88.3,28.3,32.0,4.2,4.5,294.4,98.1,157.3,398.4,6.9,1
3,Male,12.9,47.5,91.0,29.3,32.9,5.25,6.5,265.1,100.8,181.3,398.9,9.0,0
46,Male,13.6,44.1,88.3,28.5,32.2,4.7,8.3,220.2,98.3,178.2,398.3,6.8,1
32,Female,13.0,42.7,88.7,29.6,33.3,3.67,6.5,229.2,98.6,159.3,400.0,9.6,0
48,Male,13.7,44.1,88.2,28.4,32.5,4.7,10.3,272.4,98.0,178.1,398.0,6.6,1
58,Male,13.6,44.4,88.2,28.1,32.1,4.7,6.5,204.7,98.3,178.2,398.2,6.9,1
81,Female,14.4,43.2,90.6,31.2,35.2,5.4,9.5,287.0,100.4,159.1,400.8,8.5,0
18,Female,14.5,42.4,91.2,30.2,34.3,5.4,7.9,198.9,101.5,160.2,400.2,9.3,0
7,Female,10.9,41.8,88.8,30.2,35.4,3.99,7.7,276.8,100.8,158.3,400.4,7.3,1
14,Male,16.0,47.3,90.8,31.1,35.3,6.1,7.5,243.6,100.0,180.6,401.3,8.9,0
32,Female,12.0,40.3,88.4,28.3,32.3,4.2,7.9,184.6,98.1,157.2,398.1,6.9,1
15,Male,16.2,47.3,90.7,31.3,35.2,6.02,6.3,179.4,101.2,180.3,400.8,9.7,0
16,Male,13.9,44.0,88.1,28.3,32.2,4.7,7.7,245.7,98.0,178.1,398.0,6.8,1
6,Female,12.4,42.7,90.7,31.2,35.0,5.03,5.9,202.5,100.2,159.4,401.1,8.9,0
75,Male,15.8,46.6,90.9,30.0,34.7,6.1,7.1,159.3,100.1,180.4,401.2,8.7,0
18,Female,13.5,42.4,89.1,31.1,33.0,3.66,6.2,305.4,100.7,160.4,399.5,9.8,1
65,Male,13.7,44.3,88.3,28.1,32.0,4.7,5.6,248.0,98.5,178.1,398.2,6.7,1
51,Female,14.2,42.1,90.3,31.1,34.4,5.4,4.7,162.9,101.3,159.3,400.3,10.0,0
4,Female,11.3,40.5,89.4,29.3,33.9,4.74,7.2,350.9,100.9,160.1,400.2,9.5,1
68,Female,14.1,43.1,90.3,30.1,35.4,5.4,5.8,365.1,100.8,159.6,401.1,9.6,0
42,Male,13.8,44.4,88.0,28.4,32.2,4.7,8.7,236.3,98.1,178.4,398.5,6.6,1
15,Female,14.3,43.2,91.3,30.2,35.2,5.4,5.6,250.4,101.1,159.1,400.4,8.6,0
18,Male,13.7,44.2,88.1,28.2,32.1,4.7,9.6,177.1,98.5,178.1,398.2,6.8,1
2,Male,13.5,47.3,91.4,30.4,35.1,6.09,7.7,286.7,101.2,181.0,400.3,9.3,0
88,Female,12.6,42.0,90.3,30.7,34.2,4.98,4.5,274.0,101.1,159.4,400.5,8.5,0
62,Female,15.2,42.1,91.3,30.5,34.5,4.99,7.6,301.7,100.2,159.4,401.0,9.7,0
29,Male,13.7,44.4,88.4,28.3,32.4,4.7,8.7,225.4,98.3,178.1,398.4,6.8,1
66,Male,15.7,46.8,90.3,30.1,34.8,5.89,5.8,304.7,101.5,181.1,400.1,9.3,0
15,Male,13.7,44.0,88.5,28.4,32.5,4.7,8.5,246.7,98.3,178.3,398.2,6.8,1
53,Female,14.3,42.2,91.4,31.0,35.4,5.4,4.7,293.3,101.0,159.4,400.1,9.6,0
21,Male,13.5,44.5,88.4,28.4,32.0,4.7,7.6,183.8,98.0,178.5,398.4,6.9,1
14,Female,14.9,43.3,90.1,30.5,34.5,5.4,9.2,236.2,100.6,159.3,400.4,8.8,0
86,Male,13.5,44.2,88.4,28.0,32.3,4.7,4.5,263.3,98.3,178.3,398.1,6.6,1
71,Female,15.0,42.7,89.3,28.5,33.8,5.1,8.1,307.7,100.7,158.5,398.9,7.4,1
12,Male,16.1,46.1,90.4,31.5,34.9,6.1,7.0,238.1,100.1,180.9,401.4,10.0,0
81,Male,15.4,46.9,90.3,31.4,33.0,4.84,7.0,211.0,98.6,180.5,399.2,9.3,0
34,Female,14.2,42.2,91.4,31.4,34.2,5.15,5.3,264.5,100.2,159.5,401.4,9.9,0
7,Female,11.0,40.4,88.0,28.4,32.2,4.2,6.5,223.4,98.2,157.4,398.1,6.9,1
10,Male,11.0,44.2,88.2,28.4,32.3,4.7,7.4,322.6,98.4,178.1,398.4,6.6,1
36,Female,12.1,40.1,88.2,28.3,32.5,4.2,7.9,217.7,98.1,157.3,398.5,6.8,1
84,Female,12.8,42.8,89.7,29.6,34.4,4.09,5.8,241.7,98.9,159.1,401.5,8.7,0
3,Male,11.0,44.3,88.2,28.4,32.1,4.7,6.8,209.4,98.3,178.2,398.0,6.9,1
4,Female,12.8,42.9,91.5,30.5,35.4,5.28,4.5,354.6,101.2,159.1,400.9,9.6,0
18,Male,16.1,46.7,91.3,30.6,34.8,5.47,5.9,268.0,100.2,180.6,401.0,9.6,0
11,Female,13.0,42.2,90.2,30.1,34.3,5.4,8.9,290.3,100.9,159.6,400.3,9.9,0
83,Male,15.8,46.7,90.0,28.8,33.5,6.31,9.3,270.6,101.2,179.8,399.6,7.3,0
15,Female,14.3,43.4,90.2,30.1,35.0,5.38,5.0,220.2,101.1,159.3,400.7,9.7,0
78,Male,14.0,44.0,88.4,28.2,32.3,4.7,6.9,290.2,98.1,178.4,398.3,6.6,1
82,Female,14.0,42.3,91.0,30.3,34.6,5.4,9.8,268.8,101.4,160.0,401.4,8.9,0
16,Female,14.7,42.6,90.5,30.4,34.3,5.4,8.0,214.5,100.7,159.1,400.2,9.8,0
33,Female,15.1,43.2,90.5,30.8,34.6,5.4,7.4,328.7,100.3,159.4,400.9,9.5,0
15,Female,12.0,40.0,88.0,28.2,32.2,4.2,7.6,213.8,98.1,157.2,398.2,6.7,1
17,Male,15.9,47.1,90.2,30.6,35.3,5.95,7.2,380.3,101.0,181.5,400.1,9.4,0
13,Male,16.1,47.5,91.5,30.2,35.1,5.48,6.3,229.7,100.4,180.8,400.9,8.8,0
1,Female,12.4,43.1,90.3,30.7,35.5,5.4,9.1,284.4,100.5,160.5,400.4,9.4,0
81,Male,16.2,47.4,91.3,31.4,35.2,5.93,7.2,267.1,100.3,180.1,400.2,9.9,0
14,Female,14.9,42.4,90.4,30.1,34.1,5.4,6.3,299.2,100.6,159.5,400.1,8.5,0
2,Male,13.5,47.2,91.0,30.9,35.3,5.83,10.4,219.1,100.6,180.6,400.5,9.3,0
5,Male,11.0,44.3,88.1,28.4,32.4,4.7,4.9,299.9,98.3,178.5,398.3,7.0,1
63,Female,12.2,40.5,88.4,28.2,32.4,4.2,6.9,287.9,98.3,157.2,398.2,6.7,1
13,Female,12.2,40.1,88.2,28.3,32.3,4.2,4.9,223.9,98.1,157.3,398.4,6.9,1
16,Female,13.9,42.2,91.1,29.2,34.7,4.31,7.0,290.1,99.0,160.1,399.7,8.5,1
16,Male,16.2,46.6,91.3,30.4,34.4,6.1,7.7,273.6,100.3,180.2,400.0,8.9,0
15,Female,12.1,40.3,88.3,28.2,32.3,4.2,10.4,275.8,98.4,157.1,398.3,6.7,1
73,Female,14.0,43.3,90.3,31.4,34.2,5.4,5.0,265.6,101.3,159.6,401.1,9.5,0
63,Female,12.0,40.3,88.3,28.5,32.2,4.2,6.0,209.6,98.1,157.0,398.2,6.8,1
13,Male,16.4,46.3,90.9,30.2,33.1,6.24,7.1,344.4,100.2,178.7,400.6,9.2,1
71,Female,14.0,43.3,90.3,31.4,35.5,5.4,9.2,250.5,101.3,160.1,400.2,8.5,0
51,Female,15.0,42.6,90.9,30.8,34.9,4.9,6.4,240.9,100.7,160.4,400.6,9.7,0
15,Female,15.1,43.4,90.7,30.3,35.3,5.4,7.6,162.2,100.3,159.3,400.5,8.9,0
14,Male,13.8,44.3,88.1,28.3,32.1,4.7,6.8,313.6,98.2,178.5,398.4,6.8,1
42,Male,13.8,44.4,88.2,28.2,32.5,4.7,6.7,224.9,98.4,178.0,398.4,6.6,1
0,Female,13.5,42.3,90.9,30.1,34.4,5.06,8.9,192.5,100.7,160.4,400.3,9.0,0
30,Male,13.9,44.2,88.3,28.2,32.2,4.7,8.3,323.9,98.0,178.3,398.0,6.5,1
48,Male,16.9,47.5,91.2,30.5,34.6,5.76,9.7,203.0,100.2,180.7,400.9,9.1,0
5,Male,13.5,46.7,90.8,30.5,34.9,5.89,6.9,271.0,101.1,180.5,401.0,9.7,0
17,Male,13.5,44.4,88.2,28.3,32.3,4.7,8.5,267.3,98.2,178.3,398.5,6.9,1
13,Male,13.8,44.5,88.4,28.4,32.3,4.7,5.7,267.9,98.2,178.3,398.5,7.0,1
22,Male,13.9,44.0,88.4,28.0,32.3,4.7,4.5,209.1,98.5,178.0,398.1,6.9,1
51,Female,12.0,40.1,88.1,28.1,32.2,4.2,5.7,242.0,98.4,157.5,398.2,6.9,1
5,Male,12.9,46.7,90.1,31.0,34.8,6.1,5.2,247.5,101.0,180.3,401.3,9.4,0
52,Male,15.6,46.9,90.9,31.4,34.8,5.61,5.7,257.6,100.3,180.0,400.8,8.6,0
63,Female,14.6,41.4,89.0,30.3,33.6,4.1,9.3,257.4,101.0,159.0,400.0,9.2,1
43,Female,14.4,42.9,90.1,31.2,34.2,5.4,9.0,176.3,101.3,159.0,400.4,9.9,0
69,Female,12.0,40.0,88.1,28.3,32.3,4.2,7.3,213.5,98.3,157.3,398.5,6.5,1
81,Female,12.0,40.3,88.1,28.5,32.3,4.2,7.1,257.1,98.1,157.2,398.1,6.7,1
36,Male,16.9,46.8,90.6,31.1,34.8,5.42,8.3,295.8,100.2,181.4,400.3,9.2,0
24,Female,12.0,40.3,88.2,28.4,32.0,4.2,8.2,271.3,98.1,157.2,398.0,6.6,1
13,Female,14.9,42.4,90.7,31.4,35.1,4.88,9.6,270.6,100.2,160.3,401.2,9.8,0
0,Male,11.0,44.4,88.4,28.2,32.4,4.7,7.8,211.4,98.0,178.3,398.2,6.6,1
13,Female,12.0,40.3,88.3,28.2,32.3,4.2,8.0,164.8,98.3,157.3,398.3,6.7,1
17,Female,15.1,42.4,90.6,30.1,34.7,5.4,6.1,258.2,100.0,159.6,400.3,9.6,0
83,Male,15.3,45.4,89.1,28.7,34.6,6.87,9.7,231.7,100.0,179.7,399.6,9.7,0
72,Male,13.6,44.1,88.3,28.4,32.2,4.7,4.5,168.6,98.4,178.5,398.1,6.6,1
6,Female,12.9,43.4,90.4,30.2,34.4,5.4,6.5,303.5,101.4,159.4,401.0,9.6,0
61,Male,16.4,47.5,91.5,30.7,35.3,5.85,5.4,229.4,100.3,181.0,400.8,8.8,0
90,Female,14.9,42.8,90.1,30.6,34.5,5.4,8.9,278.9,100.6,160.0,400.1,8.6,0
10,Female,12.4,43.0,90.6,31.3,35.2,5.02,9.4,292.7,100.9,159.8,400.3,8.9,0
19,Female,14.4,43.3,90.8,30.4,34.3,5.4,7.0,245.9,100.9,159.9,400.7,9.8,0
61,Male,14.7,46.8,89.3,31.1,33.4,5.76,7.6,269.6,100.6,180.7,401.4,9.3,1
16,Female,12.0,40.4,88.2,28.0,32.0,4.2,7.7,246.2,98.2,157.5,398.2,6.9,1
69,Female,12.1,40.4,88.1,28.1,32.2,4.2,9.1,230.3,98.5,157.4,398.4,6.6,1
16,Male,13.6,44.4,88.2,28.3,32.0,4.7,4.5,189.5,98.5,178.2,398.0,7.0,1
41,Female,13.2,43.5,88.7,29.1,35.4,4.54,6.6,156.0,99.1,160.0,398.9,7.5,1
7,Male,11.0,44.2,88.2,28.0,32.2,4.7,11.0,230.3,98.1,178.2,398.4,6.9,1
70,Male,15.6,47.0,91.3,31.2,35.0,5.61,6.6,215.0,101.3,181.4,400.4,9.6,0
2,Male,13.4,47.4,91.0,30.2,34.4,6.1,5.8,330.5,101.4,181.0,400.1,9.9,0
17,Male,16.3,47.1,91.5,30.2,34.1,6.1,7.4,264.0,101.0,181.4,400.8,9.9,0
15,Female,13.1,41.1,89.8,31.2,34.7,5.31,6.3,242.0,98.8,158.6,399.6,9.5,0
25,Male,15.8,46.1,90.7,31.2,34.9,6.1,6.1,194.4,101.3,180.1,401.3,9.2,0
13,Male,16.5,47.0,90.5,31.2,35.4,5.73,4.9,329.7,101.5,180.7,400.3,9.1,0
24,Male,16.3,46.2,90.5,30.1,35.5,5.58,7.7,234.8,100.7,180.2,400.6,8.7,0
15,Male,13.8,44.4,88.3,28.2,32.1,4.7,6.0,286.3,98.4,178.1,398.2,6.5,1
0,Female,11.0,40.3,88.4,28.3,32.5,4.2,4.6,290.6,98.0,157.4,398.4,6.9,1
8,Male,12.7,46.5,89.8,28.7,33.8,6.6,6.2,252.2,99.6,180.3,399.3,7.6,0
17,Male,13.8,44.3,88.4,28.4,32.3,4.7,6.0,310.7,98.1,178.4,398.5,6.7,1
0,Male,11.0,44.1,88.2,28.2,32.4,4.7,6.4,226.7,98.0,178.3,398.1,6.7,1
12,Male,13.6,44.1,88.1,28.0,32.3,4.7,8.3,285.5,98.5,178.1,398.1,6.8,1
3,Male,13.5,46.1,90.6,30.8,34.2,6.1,9.5,281.2,101.4,181.1,401.0,9.1,0
10,Female,12.5,43.3,90.2,30.3,34.7,5.4,8.8,185.9,100.9,159.2,400.4,9.9,0
40,Male,13.6,44.3,88.5,28.3,32.0,4.7,5.9,257.1,98.0,178.1,398.1,6.8,1
30,Female,12.0,40.3,88.3,28.4,32.2,4.2,4.5,290.6,98.5,157.3,398.2,6.9,1
30,Male,13.5,44.4,88.0,28.2,32.2,4.7,5.9,205.3,98.5,178.5,398.3,6.8,1
2,Female,11.0,40.3,88.1,28.1,32.3,4.2,5.2,267.0,98.5,157.1,398.0,6.8,1
84,Male,15.5,47.4,90.5,30.7,34.4,6.1,5.3,247.8,100.2,181.1,400.4,8.7,0
50,Male,13.9,44.0,88.4,28.3,32.3,4.7,8.3,195.3,98.3,178.3,398.1,6.7,1
56,Male,15.6,45.5,90.8,31.4,35.0,4.27,7.3,150.0,101.1,179.9,399.5,9.3,1
19,Female,13.2,42.4,91.2,30.5,35.5,4.35,6.6,230.8,99.1,160.2,399.9,8.5,0
53,Female,14.6,42.1,90.4,30.7,35.1,4.87,6.0,280.7,101.1,159.9,400.5,9.6,0
77,Male,13.9,44.2,88.1,28.2,32.0,4.7,5.6,233.0,98.4,178.1,398.4,6.9,1
64,Male,13.7,44.4,88.4,28.1,32.1,4.7,8.7,290.4,98.3,178.4,398.2,6.8,1
55,Male,16.2,46.7,90.5,30.8,34.7,5.46,5.8,215.4,101.3,180.9,401.1,9.9,0
56,Female,12.0,40.4,88.1,28.1,32.2,4.2,9.6,278.1,98.3,157.4,398.1,6.8,1
13,Female,12.2,40.1,88.0,28.4,32.0,4.2,4.6,153.0,98.4,157.0,398.4,6.9,1
71,Male,13.7,44.4,88.4,28.0,32.3,4.7,7.8,344.1,98.1,178.5,398.3,6.6,1
15,Female,14.0,41.6,88.7,31.4,33.2,5.3,5.2,266.3,99.1,160.3,401.5,8.1,0
4,Male,12.4,47.0,91.3,30.9,35.0,6.09,6.2,251.6,101.0,180.1,400.7,8.9,0
77,Female,15.0,43.4,89.7,31.3,33.0,4.5,5.0,251.4,100.6,158.7,398.9,8.6,0
50,Female,12.1,40.3,88.4,28.4,32.3,4.2,9.1,238.4,98.5,157.2,398.3,6.8,1
9,Male,11.0,44.3,88.0,28.0,32.4,4.7,7.0,214.5,98.0,178.2,398.1,6.6,1
14,Male,16.6,47.5,90.5,30.6,34.2,5.71,7.8,262.2,100.6,180.3,400.4,9.2,0
38,Female,14.7,42.5,90.3,28.8,35.2,4.43,6.9,252.7,101.4,159.4,401.0,8.5,1
61,Female,14.8,43.3,90.9,31.1,34.0,5.31,6.3,320.2,100.5,160.4,400.8,8.8,0
19,Female,14.5,42.3,90.8,31.5,34.4,5.4,5.5,284.1,100.9,159.5,401.3,9.6,0
17,Female,13.5,42.5,89.1,29.4,33.7,4.14,5.6,235.3,98.5,158.1,399.3,9.4,0
25,Male,15.7,46.2,91.0,31.2,33.7,6.43,6.2,281.3,98.6,181.3,401.5,8.8,1
51,Male,16.7,47.1,91.4,30.3,34.2,4.09,5.5,180.4,100.0,178.9,400.1,7.8,0
47,Female,14.1,43.1,90.8,30.0,34.6,5.4,6.4,182.6,101.0,159.2,401.4,9.7,0
73,Male,13.7,44.5,88.1,28.4,32.1,4.7,5.8,227.9,98.2,178.0,398.1,6.7,1
10,Female,12.8,41.3,88.7,29.6,33.8,5.57,7.6,239.1,101.3,158.5,399.2,9.3,1
13,Male,14.3,46.4,91.0,31.3,34.4,6.37,7.1,172.5,99.4,181.5,399.6,7.7,0
76,Female,15.1,42.0,91.0,30.1,34.9,5.4,6.3,356.6,101.4,160.1,400.4,9.1,0
78,Female,12.0,40.2,88.1,28.1,32.0,4.2,5.4,231.9,98.3,157.2,398.3,6.9,1
11,Male,10.9,45.9,88.7,29.8,34.1,6.17,8.5,215.1,98.7,179.2,400.3,7.0,0
62,Male,14.8,47.4,91.4,29.9,33.0,4.1,9.6,150.0,99.3,178.5,398.9,7.7,1
65,Female,14.0,42.6,90.0,30.8,35.3,5.28,7.1,195.8,101.2,159.4,401.3,9.3,0
61,Female,14.6,42.2,90.1,31.2,34.7,5.4,8.0,188.9,101.2,160.3,400.5,8.8,0
53,Male,15.5,47.0,90.2,31.0,35.4,6.1,8.0,220.5,100.5,181.4,401.2,8.6,0
36,Male,15.8,46.8,90.2,30.9,34.0,5.74,7.8,214.0,99.8,181.2,399.4,9.9,1
72,Male,13.7,44.4,88.2,28.5,32.4,4.7,7.4,162.7,98.2,178.0,398.3,6.8,1
29,Male,15.6,47.1,91.4,29.4,32.9,4.15,4.6,300.1,99.7,179.0,398.8,8.0,1
9,Male,11.0,44.3,88.1,28.4,32.1,4.7,5.5,313.1,98.4,178.4,398.1,6.7,1
26,Male,13.6,44.2,88.5,28.5,32.3,4.7,7.0,243.3,98.4,178.2,398.5,6.9,1
65,Male,13.6,44.3,88.1,28.3,32.5,4.7,9.0,278.4,98.4,178.5,398.3,6.6,1
14,Male,13.9,44.3,88.1,28.1,32.2,4.7,6.6,174.7,98.1,178.1,398.4,7.0,1
29,Female,12.0,40.2,88.3,28.1,32.4,4.2,6.4,359.1,98.1,157.5,398.1,6.7,1
3,Male,12.8,46.7,90.9,30.4,35.0,6.1,5.5,247.6,100.4,181.5,400.2,9.2,0
17,Female,15.1,41.1,89.0,30.3,34.6,4.37,9.0,281.0,100.6,158.1,400.2,8.6,1
48,Male,16.5,45.4,89.2,30.2,34.2,4.16,9.9,298.4,98.8,180.9,400.0,8.8,0
16,Male,15.9,46.5,91.5,31.5,33.8,4.59,8.4,248.9,100.5,180.4,400.6,7.5,0
20,Female,12.1,40.2,88.3,28.3,32.3,4.2,5.8,176.3,98.1,157.4,398.4,6.6,1
8,Female,12.6,42.4,90.0,30.9,34.6,5.4,7.7,275.3,100.5,160.0,400.8,9.9,0
37,Female,12.0,40.2,88.4,28.3,32.4,4.2,9.6,232.2,98.1,157.1,398.2,6.7,1
64,Male,13.6,44.1,88.1,28.2,32.2,4.7,6.4,170.8,98.3,178.3,398.1,6.9,1
14,Female,15.0,42.0,91.3,30.4,35.1,5.4,8.3,174.4,101.2,159.7,400.7,8.6,0
19,Male,13.8,44.3,88.3,28.1,32.3,4.7,7.3,184.0,98.4,178.3,398.1,6.6,1
54,Female,12.0,40.0,88.5,28.0,32.1,4.2,7.8,255.5,98.2,157.1,398.2,6.9,1
73,Male,15.7,46.5,90.9,30.2,35.3,5.44,10.5,277.0,100.6,180.4,401.2,8.6,0
11,Male,11.0,44.2,88.2,28.2,32.2,4.7,8.8,216.7,98.3,178.4,398.5,7.0,1
2,Female,13.1,42.9,90.0,30.2,34.4,5.4,9.3,272.5,101.1,160.3,400.6,9.0,0
43,Female,12.2,40.2,88.1,28.3,32.1,4.2,6.2,239.3,98.0,157.1,398.3,6.8,1
15,Male,13.6,44.1,88.2,28.3,32.2,4.7,8.6,285.9,98.5,178.2,398.1,7.0,1
71,Male,14.0,44.3,88.1,28.1,32.5,4.7,6.3,150.0,98.4,178.2,398.2,6.9,1
8,Female,12.4,42.2,91.4,30.1,34.2,5.4,7.0,229.5,101.5,160.3,400.5,9.1,0
13,Male,15.6,47.5,91.0,31.0,34.1,6.1,5.5,248.1,100.4,181.3,400.8,9.1,0
4,Female,11.7,43.2,90.1,30.1,33.7,3.68,6.8,175.0,100.6,158.1,399.0,8.6,1
16,Male,16.0,46.5,91.0,31.1,35.0,5.7,9.2,248.5,100.7,180.8,401.2,9.5,0
37,Male,16.4,47.2,90.6,31.4,34.7,6.1,9.6,246.9,100.8,180.4,400.2,9.4,0
17,Male,16.5,46.8,90.6,30.5,34.9,6.1,9.0,249.2,100.6,180.2,400.1,8.6,0
59,Female,12.1,40.5,88.2,28.2,32.1,4.2,6.0,294.5,98.4,157.1,398.3,6.6,1
30,Male,13.8,44.3,88.2,28.0,32.0,4.7,8.6,340.1,98.2,178.2,398.1,6.5,1
69,Male,15.7,47.1,90.7,30.8,35.2,5.91,6.4,329.8,100.6,180.5,401.4,9.7,0
13,Female,12.0,40.2,88.4,28.4,32.2,4.2,5.0,236.3,98.4,157.2,398.2,6.6,1
13,Male,15.8,47.4,91.1,31.1,34.3,5.75,5.1,254.2,100.5,180.5,400.2,8.8,0
8,Male,13.2,47.0,90.9,30.0,35.1,5.89,8.0,347.1,100.5,180.2,400.1,9.7,0
50,Male,13.6,44.4,88.4,28.3,32.2,4.7,7.8,192.3,98.3,178.1,398.4,7.0,1
66,Male,13.6,44.4,88.3,28.2,32.2,4.7,6.0,316.3,98.5,178.4,398.1,6.9,1
4,Female,11.0,40.2,88.3,28.4,32.1,4.2,6.8,261.1,98.4,157.4,398.0,7.0,1
19,Male,16.8,46.5,91.0,31.1,34.9,5.94,4.5,294.9,100.1,181.5,400.2,8.6,0
58,Male,14.0,44.2,88.5,28.3,32.4,4.7,7.0,229.2,98.0,178.4,398.4,6.9,1
35,Male,13.7,44.3,88.5,28.3,32.4,4.7,6.2,190.8,98.4,178.5,398.2,6.7,1
0,Female,13.0,43.5,90.6,30.3,34.8,5.4,10.5,177.8,100.6,159.8,401.4,9.2,0
8,Female,11.0,40.2,88.4,28.3,32.1,4.2,6.0,270.4,98.1,157.2,398.2,6.9,1
11,Male,11.0,44.0,88.4,28.5,32.5,4.7,7.4,244.0,98.4,178.4,398.2,6.8,1
51,Male,16.7,47.0,91.0,30.7,35.0,5.52,7.4,193.9,101.1,180.1,401.4,10.0,0
49,Male,16.3,46.6,90.1,30.6,34.7,5.72,7.1,184.8,100.9,180.4,400.9,9.9,0
18,Male,13.7,44.2,88.2,28.4,32.1,4.7,8.0,203.9,98.4,178.4,398.3,6.7,1
14,Female,12.1,40.3,88.4,28.3,32.0,4.2,6.7,363.3,98.2,157.1,398.2,6.9,1
18,Male,15.9,47.0,91.0,30.3,34.1,6.01,8.3,219.6,101.2,180.7,400.9,9.4,0
43,Female,14.3,43.5,90.3,31.5,34.1,5.4,8.3,307.2,101.2,159.7,400.1,9.0,0
75,Female,13.8,42.2,90.1,30.0,35.1,5.4,7.6,290.2,100.6,160.5,400.9,9.5,0
67,Male,14.0,44.3,88.3,28.3,32.5,4.7,7.7,255.3,98.0,178.1,398.4,6.7,1
72,Male,16.5,46.9,90.9,31.1,35.0,5.53,7.8,163.5,99.2,179.1,400.0,8.9,0
56,Female,12.0,40.0,88.2,28.1,32.1,4.2,4.5,302.0,98.2,157.0,398.4,6.9,1
13,Male,14.0,44.5,88.3,28.2,32.3,4.7,5.4,198.9,98.5,178.2,398.2,6.8,1
5,Female,12.9,43.4,90.5,31.0,34.5,4.97,8.1,260.9,100.7,159.9,400.9,9.1,0
14,Male,13.7,44.2,88.0,28.3,32.4,4.7,9.4,255.2,98.4,178.1,398.0,6.9,1
10,Male,11.0,44.0,88.3,28.3,32.2,4.7,4.5,254.2,98.4,178.5,398.4,7.0,1
13,Male,16.2,46.2,91.0,30.3,34.6,5.7,5.5,256.3,100.0,180.1,401.4,8.7,0
56,Male,16.9,46.2,90.1,30.9,35.5,6.03,7.2,176.1,101.0,180.5,401.1,10.0,0
18,Female,12.0,40.5,88.4,28.1,32.1,4.2,6.4,200.9,98.2,157.1,398.1,6.6,1
18,Male,13.9,44.2,88.4,28.2,32.2,4.7,5.6,282.9,98.4,178.2,398.2,6.9,1
28,Female,12.0,40.3,88.0,28.2,32.4,4.2,10.4,309.9,98.1,157.5,398.5,6.6,1
24,Female,12.0,40.4,88.1,28.3,32.3,4.2,7.8,273.6,98.1,157.1,398.0,6.9,1
19,Female,12.0,40.1,88.3,28.3,32.5,4.2,5.7,205.8,98.3,157.1,398.3,6.5,1
3,Male,11.0,44.5,88.4,28.3,32.5,4.7,9.3,253.8,98.1,178.4,398.0,6.8,1
28,Female,14.1,43.1,90.5,30.9,35.1,5.4,7.5,234.9,100.1,160.2,401.3,9.4,0
6,Female,12.5,42.3,91.2,30.2,34.5,5.23,6.9,218.7,101.1,159.0,400.2,9.6,0
55,Female,14.4,43.3,90.8,31.0,34.6,5.4,6.0,263.1,100.7,160.2,401.1,9.9,0
82,Female,12.1,40.4,88.3,28.5,32.3,4.2,8.1,176.7,98.4,157.3,398.4,6.7,1
61,Male,16.1,47.1,90.3,31.2,34.5,6.07,7.9,315.0,100.5,180.6,400.5,9.4,0
18,Male,13.9,44.0,88.4,28.2,32.3,4.7,9.2,306.5,98.3,178.3,398.3,6.9,1
47,Male,13.5,44.1,88.2,28.4,32.1,4.7,5.5,265.0,98.2,178.0,398.3,7.0,1
34,Female,12.1,40.3,88.4,28.5,32.0,4.2,9.2,222.9,98.1,157.0,398.0,7.0,1
87,Female,12.0,40.4,88.5,28.0,32.2,4.2,6.3,237.5,98.1,157.4,398.1,6.7,1
58,Male,13.8,44.5,88.2,28.1,32.2,4.7,6.3,209.7,98.2,178.4,398.2,7.0,1
78,Male,17.0,46.5,91.0,30.9,35.0,5.46,7.8,236.8,100.6,181.4,400.3,10.0,0
64,Female,13.5,41.6,90.4,29.1,33.8,5.37,7.0,263.8,98.5,159.4,400.1,8.1,0
8,Male,13.3,46.5,90.1,30.6,35.4,6.1,8.7,322.4,100.3,180.6,401.1,8.7,0
72,Female,15.0,43.2,91.0,31.4,35.4,4.99,7.1,296.5,100.4,159.9,400.4,9.2,0
20,Female,14.5,42.4,90.8,30.2,34.5,5.4,7.4,299.9,100.1,160.0,401.3,9.3,0
3,Female,12.9,42.1,91.3,30.5,35.0,5.4,8.2,376.0,100.3,159.4,400.8,9.7,0
8,Female,11.0,40.1,88.2,28.3,32.1,4.2,5.4,150.0,98.4,157.1,398.0,6.6,1
0,Male,12.5,46.0,90.5,31.1,34.3,6.1,6.1,345.7,101.3,180.3,401.0,9.8,0
15,Male,16.7,46.2,90.4,30.7,34.8,6.1,9.1,237.0,100.9,180.2,400.2,9.2,0
68,Male,13.5,44.4,88.2,28.4,32.2,4.7,6.5,275.9,98.1,178.1,398.4,6.6,1
74,Male,16.2,47.3,91.4,30.1,34.1,6.1,4.7,342.7,100.5,181.0,400.0,10.0,0
13,Male,15.8,46.5,90.6,30.5,35.1,5.55,8.5,227.7,100.1,181.4,401.5,8.6,0
60,Male,13.8,44.0,88.1,28.4,32.1,4.7,10.0,270.4,98.1,178.3,398.3,6.9,1
14,Male,13.9,44.4,88.2,28.2,32.5,4.7,6.9,277.3,98.0,178.4,398.2,6.9,1
20,Male,13.7,44.4,88.3,28.2,32.5,4.7,6.6,234.4,98.0,178.2,398.3,6.9,1
18,Female,14.5,43.4,91.0,30.2,34.8,5.4,6.6,276.8,101.2,160.2,400.2,8.5,0
6,Male,11.0,47.1,90.8,29.6,33.3,5.46,8.1,256.4,101.3,180.1,400.0,7.9,0
16,Male,15.7,47.2,90.3,30.6,34.5,6.0,7.0,190.2,101.2,180.7,400.7,9.8,0
13,Female,14.3,42.7,90.5,31.0,35.4,5.32,9.0,210.4,100.8,159.6,401.2,9.8,0
13,Female,13.6,43.4,89.8,30.2,32.7,3.43,8.2,257.8,101.0,159.2,400.0,9.3,1
39,Female,14.9,42.4,90.5,31.0,34.4,5.4,7.4,358.1,100.6,159.5,401.2,9.6,0
86,Female,14.6,42.6,90.6,30.6,34.1,4.98,7.4,223.5,100.2,159.4,401.0,8.7,0
58,Female,15.1,42.7,91.3,31.1,35.3,5.4,6.7,258.2,101.5,159.3,400.0,9.3,0
7,Female,13.5,41.3,88.5,29.8,35.3,4.57,6.7,203.9,101.5,158.1,401.2,7.4,1
84,Male,14.6,47.5,89.2,29.7,34.7,3.98,7.4,311.2,101.1,180.1,398.6,8.5,1
14,Female,14.0,42.7,90.2,30.5,34.3,5.4,6.5,199.6,100.4,160.1,401.0,8.6,0
52,Male,17.0,44.6,89.6,30.0,35.4,6.38,8.5,214.9,99.1,180.3,398.6,8.3,0
15,Female,12.0,40.0,88.2,28.4,32.2,4.2,8.6,244.4,98.2,157.2,398.1,6.7,1
13,Female,13.9,42.4,91.0,30.9,32.8,3.44,5.4,253.6,101.4,159.5,401.1,7.1,1
4,Male,11.8,46.0,89.8,28.8,35.3,5.42,6.9,223.1,99.8,178.8,399.1,7.2,0
8,Female,11.0,40.4,88.4,28.4,32.4,4.2,7.5,218.7,98.2,157.2,398.3,6.6,1
22,Male,13.6,44.5,88.3,28.4,32.1,4.7,6.1,223.3,98.0,178.4,398.4,6.9,1
13,Male,14.0,44.1,88.3,28.0,32.5,4.7,7.4,315.3,98.4,178.3,398.2,6.7,1
41,Male,15.6,46.9,91.1,31.5,35.2,5.81,8.5,289.2,101.1,181.2,401.4,8.6,0
72,Female,12.0,40.5,88.0,28.0,32.2,4.2,7.0,173.1,98.5,157.3,398.1,7.0,1
86,Male,16.4,46.8,90.2,30.1,35.2,6.1,7.4,268.3,101.5,180.4,400.7,8.9,0
51,Female,12.1,40.3,88.5,28.2,32.2,4.2,7.7,213.2,98.4,157.4,398.3,6.6,1
17,Female,12.0,40.3,88.3,28.4,32.0,4.2,8.2,287.2,98.5,157.1,398.1,6.8,1
16,Female,14.5,42.3,90.5,30.6,35.4,5.4,8.1,257.7,100.8,159.4,400.6,9.1,0
10,Female,12.1,43.1,89.5,29.8,34.3,5.25,5.7,150.0,100.3,160.1,399.6,8.7,1
19,Male,15.2,45.6,90.9,30.4,35.1,3.97,7.4,238.6,101.4,179.4,398.6,7.0,0
65,Male,16.9,46.4,90.3,31.2,35.5,6.1,4.8,301.6,100.0,180.3,400.9,8.7,0
5,Male,13.3,46.6,90.3,30.9,35.4,6.1,7.6,150.0,100.3,181.5,401.5,9.5,0
12,Female,12.0,40.2,88.2,28.4,32.3,4.2,8.6,243.3,98.2,157.2,398.2,6.6,1
9,Female,11.0,40.3,88.3,28.2,32.0,4.2,6.1,288.0,98.2,157.3,398.1,6.9,1
40,Male,16.6,46.1,90.5,30.7,34.3,5.58,6.7,218.6,101.4,180.1,401.0,10.0,0
17,Male,13.6,44.4,88.4,28.2,32.0,4.7,5.5,220.6,98.1,178.3,398.0,6.5,1
0,Male,13.5,46.7,91.3,31.2,34.6,5.43,7.5,164.5,101.0,180.4,400.2,9.8,0
57,Female,12.2,40.5,88.2,28.3,32.0,4.2,6.8,310.6,98.0,157.3,398.0,6.9,1
63,Female,14.2,41.3,90.1,29.5,34.2,6.04,5.1,249.9,101.4,158.0,400.2,9.2,1
0,Female,11.0,40.4,88.4,28.0,32.1,4.2,8.5,313.6,98.1,157.3,398.2,6.6,1
61,Female,15.0,42.9,90.1,30.6,34.8,5.18,6.8,228.3,100.7,160.4,401.4,9.3,0
77,Female,15.1,42.8,90.9,30.5,34.9,5.4,7.7,327.0,100.3,159.9,400.4,8.6,0
71,Male,16.3,47.0,91.4,31.2,35.1,6.1,6.4,245.4,100.5,181.3,400.6,9.2,0
17,Female,12.2,40.3,88.3,28.3,32.0,4.2,7.2,301.6,98.1,157.4,398.4,6.9,1
9,Male,11.0,44.0,88.1,28.3,32.2,4.7,4.5,249.6,98.4,178.3,398.0,6.8,1
19,Male,16.5,44.7,88.7,28.9,32.8,6.55,6.0,295.8,99.3,179.7,400.1,8.0,0
79,Male,15.7,47.4,90.3,30.1,34.9,5.92,5.6,238.2,101.1,180.9,400.5,8.8,0
50,Female,12.0,40.2,88.0,28.5,32.4,4.2,5.4,331.6,98.4,157.4,398.2,6.9,1
30,Male,13.8,44.3,88.3,28.2,32.4,4.7,7.2,233.7,98.4,178.5,398.0,6.9,1
83,Female,14.6,43.5,91.5,31.5,34.8,5.28,10.1,300.1,100.5,159.9,400.9,9.9,0
4,Female,11.0,40.4,88.3,28.4,32.3,4.2,6.7,294.8,98.4,157.1,398.3,6.6,1
2,Female,11.0,40.3,88.4,28.4,32.0,4.2,5.9,294.1,98.1,157.0,398.0,6.6,1
72,Female,12.0,40.2,88.1,28.4,32.1,4.2,7.3,254.7,98.3,157.5,398.3,6.6,1
67,Male,15.2,44.9,88.8,30.6,33.0,5.95,10.1,220.6,98.9,179.7,400.1,8.0,1
14,Female,12.2,40.2,88.2,28.2,32.2,4.2,6.6,287.6,98.2,157.2,398.5,6.9,1
65,Male,13.8,44.1,88.3,28.3,32.3,4.7,5.6,279.4,98.0,178.4,398.4,6.9,1
8,Male,12.4,46.6,90.5,30.9,35.3,5.52,8.0,195.0,100.8,181.2,400.2,8.7,0
7,Male,13.0,47.0,90.3,30.8,34.6,6.1,7.3,195.1,100.3,180.4,400.3,8.8,0
74,Female,15.1,42.9,90.7,31.1,34.1,5.09,9.6,182.1,100.2,159.6,400.4,9.5,0
81,Male,16.1,46.1,90.5,30.7,34.3,6.1,8.0,171.9,100.5,181.3,401.1,8.7,0
5,Male,13.2,46.8,91.4,31.5,33.9,5.42,7.6,300.4,98.7,180.6,399.9,7.2,1
79,Male,16.8,46.7,90.9,31.3,34.5,6.1,6.5,269.8,100.5,181.5,401.5,8.8,0
48,Male,13.9,44.5,88.2,28.4,32.1,4.7,8.2,230.3,98.2,178.2,398.5,6.6,1
2,Male,11.0,44.2,88.4,28.3,32.2,4.7,5.8,324.7,98.4,178.1,398.2,6.8,1
2,Female,12.0,41.7,90.2,30.8,33.5,6.29,7.0,295.4,100.1,159.7,399.4,8.5,0
37,Female,14.8,43.3,90.4,31.1,34.6,4.99,4.5,248.0,101.0,159.2,400.2,9.1,0
27,Male,13.9,44.5,88.5,28.4,32.5,4.7,6.5,260.4,98.1,178.3,398.2,6.6,1
18,Male,15.8,47.1,91.1,30.6,34.4,6.1,6.9,246.1,100.8,181.3,400.4,9.9,0
18,Male,14.2,46.5,90.3,30.7,34.1,5.43,6.1,178.3,100.1,178.7,400.6,9.8,0
18,Female,14.7,40.6,90.3,30.9,33.9,3.87,6.9,252.7,100.1,157.5,399.9,9.7,0
7,Female,11.0,40.5,88.4,28.2,32.3,4.2,8.5,168.7,98.4,157.4,398.3,6.7,1
89,Female,12.0,40.5,88.4,28.4,32.3,4.2,7.6,274.4,98.3,157.3,398.1,7.0,1
18,Female,15.0,40.6,90.7,31.1,33.3,5.49,7.9,234.0,99.4,159.0,399.4,9.1,0
73,Female,14.6,42.5,90.7,31.2,35.4,5.11,4.5,175.5,100.7,160.5,400.8,9.7,0
14,Female,12.1,40.4,88.0,28.3,32.5,4.2,6.4,253.9,98.0,157.0,398.4,6.8,1
83,Male,16.5,45.8,91.0,30.2,34.3,5.82,9.2,170.9,99.0,179.4,401.1,8.1,0
75,Female,12.0,40.1,88.4,28.1,32.2,4.2,6.2,227.9,98.0,157.5,398.4,6.6,1
85,Male,15.5,46.6,90.4,30.9,35.5,6.1,4.5,196.3,101.2,180.1,401.4,9.1,0
8,Female,13.0,43.1,91.4,31.5,33.7,3.5,6.0,258.1,100.6,159.6,398.9,9.3,1
52,Male,15.5,46.9,90.4,28.8,33.1,4.3,9.3,265.5,101.5,180.2,400.3,9.6,1
70,Female,12.2,40.0,88.4,28.4,32.2,4.2,9.5,224.4,98.3,157.2,398.0,6.9,1
19,Male,16.6,46.4,90.7,31.5,35.0,6.1,9.2,227.0,100.1,180.2,400.3,9.1,0
67,Female,13.8,40.7,90.6,29.6,35.3,4.13,5.7,286.0,100.5,158.0,400.3,9.1,1
46,Female,15.0,43.3,90.9,30.7,34.2,5.16,8.7,248.5,101.2,159.7,401.2,9.6,0
88,Female,15.1,43.1,90.2,30.4,34.3,5.4,6.2,244.0,100.4,160.3,401.2,9.5,0
65,Female,13.0,43.0,89.9,28.6,35.4,3.74,10.0,200.3,100.2,158.8,399.4,8.7,0
13,Male,13.7,44.1,88.1,28.2,32.4,4.7,6.5,273.7,98.4,178.3,398.2,6.6,1
80,Male,16.2,47.0,90.2,30.8,34.9,6.1,5.8,200.3,100.9,181.5,400.3,10.0,0
17,Female,14.2,42.8,91.2,30.7,34.4,5.4,6.0,290.3,100.3,160.3,400.8,8.6,0
68,Male,13.6,44.4,88.3,28.4,32.5,4.7,6.5,199.5,98.2,178.4,398.0,7.0,1
18,Male,16.8,47.0,91.5,30.1,35.4,6.1,7.9,233.4,101.3,181.1,400.8,8.7,0
80,Male,16.4,45.3,89.0,29.6,34.1,5.22,6.0,172.9,100.7,180.2,399.4,8.5,0
12,Male,16.1,47.4,91.2,30.3,34.3,5.07,6.8,228.3,99.7,179.3,399.8,8.4,0
85,Male,15.9,46.9,91.1,30.5,34.9,6.1,7.4,223.5,100.5,180.2,400.8,8.8,0
18,Male,13.7,44.3,88.1,28.3,32.4,4.7,6.7,313.6,98.4,178.5,398.1,6.8,1
39,Male,14.3,47.2,91.4,29.9,35.2,4.43,6.7,224.7,99.2,179.2,400.8,9.4,1
16,Female,15.1,42.2,90.7,30.2,35.3,5.4,4.6,208.4,100.4,160.3,401.0,9.8,0
16,Female,12.0,40.1,88.3,28.0,32.4,4.2,8.6,281.1,98.4,157.3,398.5,6.6,1
12,Female,12.2,40.1,88.3,28.2,32.1,4.2,8.7,264.9,98.1,157.2,398.2,6.8,1
48,Male,16.3,46.2,91.2,31.4,34.1,5.99,5.2,247.9,101.3,180.4,401.2,9.5,0
65,Female,12.0,40.2,88.4,28.1,32.3,4.2,6.5,220.3,98.3,157.3,398.1,7.0,1
14,Female,12.2,40.4,88.3,28.1,32.3,4.2,6.5,220.9,98.3,157.2,398.4,6.6,1
61,Female,14.1,42.2,91.3,30.1,35.5,4.96,8.9,312.9,101.4,159.5,400.5,9.8,0
1,Female,11.0,40.1,88.1,28.2,32.5,4.2,6.0,247.1,98.1,157.5,398.1,6.5,1
16,Female,12.0,40.4,88.1,28.3,32.5,4.2,7.2,198.2,98.4,157.1,398.1,6.6,1
13,Male,13.6,44.3,88.0,28.1,32.5,4.7,5.1,274.9,98.1,178.2,398.4,6.5,1
71,Male,16.6,47.0,90.1,30.9,34.2,5.78,5.5,244.9,101.5,180.2,401.2,9.7,0
11,Female,13.5,43.4,90.7,30.2,34.3,5.37,8.2,338.6,100.4,160.2,401.2,9.2,0
71,Female,13.9,42.1,90.5,30.2,35.1,5.22,7.4,296.3,100.6,159.9,400.4,8.7,0
86,Male,13.7,44.5,88.2,28.0,32.4,4.7,8.3,244.1,98.1,178.2,398.1,6.5,1
6,Female,12.7,43.1,91.1,31.4,35.1,5.4,8.0,267.6,100.4,159.5,401.1,8.8,0
45,Female,13.1,40.8,90.6,29.6,34.1,4.96,9.1,273.8,100.7,159.8,400.9,8.2,1
18,Male,13.6,44.2,88.1,28.1,32.5,4.7,9.5,231.7,98.2,178.5,398.1,6.8,1
41,Male,16.6,47.1,91.2,31.0,34.3,6.01,7.1,209.1,100.5,180.3,400.8,9.4,0
2,Male,11.0,44.1,88.2,28.0,32.5,4.7,7.5,343.0,98.3,178.1,398.1,6.9,1
16,Female,15.2,42.7,91.5,30.6,34.5,5.4,5.9,157.0,100.1,160.4,400.1,9.7,0
42,Male,14.0,44.1,88.0,28.2,32.0,4.7,5.9,234.0,98.3,178.5,398.1,6.9,1
78,Male,15.9,44.5,90.5,30.0,33.8,4.75,7.2,200.3,101.0,181.5,400.4,7.9,1
80,Male,13.8,44.3,88.3,28.1,32.2,4.7,6.0,214.2,98.4,178.2,398.5,6.7,1
27,Female,14.1,43.4,91.4,30.0,34.5,4.87,8.9,253.3,101.1,159.7,400.5,8.9,0
49,Female,13.9,42.2,90.9,30.6,35.4,5.4,8.2,250.3,100.8,159.8,400.5,9.6,0
2,Male,11.0,44.3,88.2,28.2,32.4,4.7,5.7,233.5,98.3,178.5,398.5,7.0,1
80,Male,16.9,47.3,90.3,30.6,35.3,6.1,7.4,265.9,101.4,180.2,400.2,8.6,0
15,Male,13.8,44.1,88.1,28.0,32.4,4.7,8.9,217.8,98.2,178.1,398.1,6.7,1
69,Male,16.8,46.5,91.0,30.4,34.8,6.1,7.1,211.6,101.4,181.4,400.3,8.7,0
50,Male,14.0,44.0,88.4,28.3,32.4,4.7,5.2,227.4,98.5,178.0,398.2,6.7,1
17,Female,12.0,40.0,88.1,28.4,32.4,4.2,9.0,304.1,98.2,157.3,398.3,6.7,1
8,Male,11.6,47.2,89.0,31.3,34.2,6.01,4.9,222.1,99.9,179.4,400.1,7.3,0
4,Female,11.4,42.1,89.6,30.7,35.1,5.58,7.8,195.2,99.2,160.5,400.2,8.3,1
15,Female,13.8,42.0,89.4,29.1,34.3,4.28,7.3,208.8,100.9,157.7,399.5,7.6,1
42,Male,16.5,47.1,90.3,30.9,35.4,6.1,9.2,284.3,100.5,181.1,401.4,8.5,0
83,Male,13.7,44.4,88.2,28.4,32.3,4.7,6.5,274.9,98.4,178.4,398.3,6.8,1
89,Female,13.5,41.9,90.2,30.2,33.4,5.91,8.2,162.7,99.4,160.0,401.5,7.5,1
25,Female,12.0,40.3,88.4,28.0,32.5,4.2,6.9,285.3,98.1,157.4,398.3,7.0,1
35,Female,14.0,42.1,91.4,30.1,34.8,5.14,6.8,150.0,100.7,160.1,401.4,9.0,0
70,Female,15.2,43.3,91.3,31.3,34.2,5.4,7.5,258.9,100.3,159.6,400.4,8.9,0
16,Female,14.6,42.7,90.3,30.0,34.2,4.86,4.8,231.8,100.6,159.5,400.8,9.6,0
67,Male,13.8,44.4,88.1,28.4,32.3,4.7,6.9,275.2,98.3,178.3,398.5,6.7,1
0,Male,13.5,47.2,91.2,30.3,35.2,6.1,7.1,248.1,100.1,180.2,400.8,9.4,0
45,Male,16.8,46.8,90.4,31.3,34.8,6.1,6.8,226.2,101.4,180.4,401.4,9.9,0
15,Male,13.8,44.4,88.2,28.2,32.4,4.7,6.4,282.4,98.1,178.0,398.4,6.5,1
54,Female,14.0,42.4,91.5,30.6,34.1,5.4,6.5,190.7,100.4,160.4,400.6,9.6,0
86,Female,12.1,40.0,88.4,28.1,32.0,4.2,6.1,248.1,98.0,157.3,398.3,6.7,1
89,Male,13.9,44.3,88.2,28.1,32.3,4.7,9.1,185.4,98.2,178.4,398.4,6.9,1
85,Male,14.0,45.0,89.1,30.6,32.8,6.01,7.2,150.1,100.9,179.8,399.0,7.4,1
48,Female,12.2,40.2,88.4,28.2,32.5,4.2,7.0,267.6,98.2,157.0,398.1,6.7,1
19,Female,12.1,40.0,88.2,28.1,32.2,4.2,8.1,221.3,98.5,157.4,398.4,6.8,1
53,Male,13.9,44.3,88.2,28.2,32.4,4.7,5.9,298.8,98.1,178.4,398.1,6.9,1
89,Female,12.0,40.2,88.3,28.4,32.3,4.2,4.8,271.1,98.2,157.2,398.5,6.8,1
63,Female,12.0,40.2,88.3,28.2,32.4,4.2,6.8,153.1,98.4,157.4,398.3,6.8,1
90,Male,13.8,44.1,88.3,28.2,32.2,4.7,5.2,204.0,98.1,178.0,398.2,6.6,1
16,Male,15.5,46.2,88.6,31.0,34.8,5.44,6.1,273.6,99.8,179.2,400.3,8.9,1
15,Male,13.6,44.2,88.1,28.4,32.2,4.7,5.5,223.2,98.3,178.3,398.3,6.7,1
70,Male,13.9,44.3,88.2,28.5,32.1,4.7,7.4,298.3,98.5,178.4,398.2,6.8,1
58,Female,12.2,40.1,88.3,28.3,32.2,4.2,4.5,255.0,98.4,157.1,398.4,6.6,1
14,Female,14.7,42.1,90.6,30.1,34.0,5.4,7.0,253.9,100.4,160.4,401.4,9.8,0
61,Male,13.6,44.1,88.4,28.1,32.4,4.7,4.5,349.7,98.4,178.1,398.4,6.9,1
13,Male,13.8,44.3,88.4,28.2,32.1,4.7,8.1,209.2,98.1,178.4,398.4,6.9,1
36,Female,14.8,42.1,88.9,30.8,32.9,4.36,6.7,206.5,101.1,159.8,401.2,8.6,0
5,Male,11.0,44.2,88.4,28.5,32.0,4.7,8.3,232.1,98.4,178.2,398.1,6.9,1
46,Female,12.0,40.5,88.2,28.2,32.3,4.2,5.3,282.0,98.4,157.1,398.4,6.9,1
8,Male,11.9,44.7,88.5,30.3,34.0,5.64,4.9,195.6,99.4,181.3,401.2,9.8,0
70,Female,13.9,43.3,90.6,30.2,35.0,5.4,7.3,305.5,100.1,160.0,400.9,8.8,0
1,Male,11.0,44.2,88.3,28.2,32.5,4.7,7.6,225.8,98.5,178.2,398.1,6.5,1
1,Female,11.0,40.3,88.1,28.5,32.1,4.2,8.1,245.2,98.4,157.4,398.1,6.9,1
19,Female,14.8,42.7,91.4,30.7,32.7,5.48,7.1,150.0,99.8,159.2,401.2,7.5,1
7,Male,11.0,44.3,88.1,28.0,32.4,4.7,9.5,262.8,98.2,178.1,398.2,6.6,1
9,Female,12.5,43.1,90.3,30.2,34.8,5.4,9.8,292.0,100.2,159.7,400.5,10.0,0
12,Male,15.9,46.6,90.4,30.5,34.2,5.84,4.6,351.1,100.5,181.1,401.3,9.6,0
57,Female,12.2,40.4,88.2,28.4,32.4,4.2,5.7,275.6,98.3,157.0,398.2,6.8,1
72,Female,14.9,43.0,91.2,31.1,34.9,4.81,10.8,270.8,101.4,160.0,400.9,9.3,0
6,Male,13.4,46.1,90.0,31.2,34.7,5.6,7.6,287.0,100.7,180.8,401.5,9.9,0
5,Female,13.2,40.5,88.7,30.8,33.7,3.46,5.3,232.3,99.9,160.5,398.5,9.3,0
18,Female,13.9,42.2,90.1,31.1,34.5,5.14,6.3,269.5,100.6,160.1,400.9,9.3,0
5,Male,11.9,45.0,90.6,30.8,34.9,3.96,6.1,273.3,100.9,179.0,399.2,9.3,0
14,Male,16.9,47.3,90.2,30.0,35.4,6.1,9.2,260.1,100.5,180.7,401.5,9.5,0
68,Female,12.6,42.9,90.5,28.9,32.5,5.63,7.5,291.2,101.0,159.5,401.4,9.9,1
18,Female,13.7,41.0,91.0,29.3,32.8,5.79,7.7,328.8,100.9,160.0,399.8,7.5,0
35,Male,14.6,44.7,90.8,28.6,34.4,6.49,9.0,168.8,100.4,178.9,399.2,7.6,1
0,Female,13.3,42.2,89.6,30.1,35.3,5.43,5.4,265.7,100.0,158.2,401.2,7.4,0
27,Male,16.4,46.2,90.3,31.5,35.1,6.1,5.7,224.4,100.8,180.7,400.3,9.6,0
72,Male,15.9,46.4,91.3,30.9,34.0,5.93,11.0,299.1,100.5,180.4,401.2,8.7,0
70,Male,16.3,46.7,91.0,31.2,35.5,6.1,4.8,257.9,100.1,180.8,401.1,9.1,0
47,Male,16.4,47.4,91.3,30.9,34.6,5.53,9.5,240.2,100.5,180.4,401.4,9.7,0
18,Male,14.6,45.6,89.8,31.1,34.3,5.69,5.1,332.5,101.5,179.4,401.3,8.1,1
65,Female,13.9,43.2,91.1,30.7,34.1,5.4,8.5,213.9,100.1,159.7,400.9,10.0,0
42,Female,14.5,43.4,89.4,29.4,34.2,3.69,8.6,359.2,99.7,159.6,400.1,9.5,1
27,Female,12.2,40.4,88.1,28.2,32.1,4.2,6.3,243.2,98.4,157.4,398.5,6.5,1
10,Male,13.5,46.9,90.8,30.6,34.5,6.05,7.8,318.7,101.3,180.7,400.9,9.4,0
65,Male,16.2,47.4,90.8,31.0,34.2,5.62,7.9,247.5,100.5,181.3,400.2,9.4,0
61,Female,12.0,40.5,88.4,28.3,32.3,4.2,4.5,174.3,98.1,157.3,398.3,6.6,1
76,Male,13.6,44.4,88.4,28.2,32.0,4.7,6.9,203.8,98.1,178.5,398.1,6.6,1
5,Female,13.0,42.9,90.0,31.5,35.1,5.4,5.2,306.8,100.3,159.6,400.9,9.5,0
1,Male,12.4,47.4,90.1,30.4,34.4,5.88,7.7,222.5,100.2,181.0,400.2,8.6,0
18,Male,15.9,46.1,91.2,31.3,34.3,5.5,5.8,284.3,100.6,180.1,400.3,9.7,0
38,Female,14.0,42.1,89.4,29.5,34.4,5.81,5.0,351.7,98.9,157.6,398.8,7.2,0
17,Female,12.0,40.0,88.5,28.3,32.3,4.2,6.8,267.0,98.1,157.2,398.1,7.0,1
46,Male,13.8,44.4,88.4,28.3,32.2,4.7,7.5,290.1,98.4,178.4,398.5,6.9,1
7,Male,11.0,44.0,88.2,28.4,32.1,4.7,6.8,245.6,98.3,178.2,398.4,6.9,1
53,Male,13.8,44.2,88.3,28.3,32.5,4.7,7.1,293.0,98.4,178.3,398.4,6.6,1
1,Male,11.0,44.2,88.5,28.3,32.3,4.7,5.1,243.0,98.1,178.3,398.4,6.7,1
82,Female,12.0,40.4,88.5,28.1,32.4,4.2,5.8,295.4,98.4,157.0,398.1,6.7,1
19,Female,14.1,43.1,90.7,30.8,34.1,5.4,6.3,187.7,100.6,159.7,400.3,9.8,0
50,Female,12.1,40.5,88.1,28.2,32.2,4.2,6.5,255.8,98.2,157.4,398.3,6.9,1
66,Female,15.0,42.7,91.5,30.3,35.0,5.4,6.2,264.7,100.4,159.5,400.5,9.5,0
7,Male,11.0,44.5,88.1,28.3,32.2,4.7,7.1,210.4,98.3,178.3,398.4,6.9,1
74,Male,16.9,46.4,90.0,30.3,34.2,5.88,7.7,302.1,100.3,181.2,400.8,9.3,0
13,Male,13.5,44.3,88.2,28.4,32.0,4.7,7.7,269.7,98.3,178.0,398.4,6.7,1
12,Female,15.0,42.5,90.1,30.3,35.4,5.4,7.4,175.3,100.2,160.0,400.3,8.6,0
14,Male,15.8,46.8,91.5,30.8,35.4,6.01,7.1,223.9,100.4,180.0,401.2,8.9,0
32,Female,12.3,41.7,88.5,30.1,33.8,4.05,6.8,300.0,101.4,157.5,399.4,7.4,1
3,Female,11.0,40.2,88.3,28.1,32.5,4.2,6.8,264.5,98.3,157.5,398.2,6.8,1
12,Female,12.0,40.4,88.2,28.2,32.4,4.2,5.5,253.4,98.2,157.1,398.4,6.6,1
7,Female,12.9,42.3,90.3,30.6,35.1,5.4,5.5,239.2,100.4,159.8,401.3,10.0,0
85,Male,16.4,45.6,91.3,29.5,34.2,5.92,8.0,310.1,98.9,180.6,398.5,8.0,0
18,Female,12.0,40.1,88.5,28.5,32.3,4.2,6.0,278.7,98.3,157.4,398.4,6.8,1
44,Female,14.9,43.4,90.0,30.7,35.5,5.4,7.6,305.5,101.1,160.2,400.1,9.5,0
75,Male,14.4,47.2,90.4,30.5,33.7,6.41,9.9,221.5,101.0,180.9,401.4,9.3,0
75,Male,16.8,46.0,91.4,30.5,34.8,5.6,7.4,269.8,101.4,181.0,400.3,9.0,0
15,Female,12.0,40.1,88.5,28.1,32.2,4.2,8.2,247.7,98.1,157.2,398.0,6.7,1
36,Male,16.9,46.3,91.4,30.1,34.5,5.83,5.6,266.2,101.3,181.2,401.0,9.2,0
54,Female,12.6,43.1,91.3,29.2,34.5,5.36,6.4,173.3,99.7,159.4,400.0,9.0,0
68,Male,15.8,46.6,90.3,30.0,34.8,4.41,7.3,269.0,100.8,178.6,400.2,8.5,1
18,Female,15.1,42.2,90.9,28.8,32.9,3.52,8.7,343.2,99.7,157.7,399.8,8.2,0
15,Male,13.6,44.0,88.3,28.3,32.2,4.7,9.4,203.0,98.0,178.4,398.0,6.8,1
16,Female,12.2,40.1,88.2,28.3,32.3,4.2,5.7,333.1,98.1,157.2,398.1,6.9,1
10,Female,13.2,42.7,91.2,31.0,34.2,5.4,6.2,262.7,101.2,159.3,400.8,9.9,0
69,Female,12.0,40.2,88.0,28.5,32.4,4.2,8.4,259.2,98.0,157.1,398.5,6.5,1
14,Female,14.1,42.9,90.9,31.0,35.5,5.23,4.5,255.3,101.4,159.5,400.6,9.2,1
11,Male,13.5,47.1,90.8,30.9,34.6,5.77,8.9,214.6,100.0,180.2,400.1,8.6,0
57,Female,12.1,40.1,88.3,28.1,32.2,4.2,6.3,291.8,98.5,157.4,398.2,6.8,1
37,Male,15.8,45.1,90.1,29.8,34.1,5.62,7.2,230.0,99.4,179.5,400.8,7.5,0
82,Female,14.7,42.5,91.3,31.5,34.5,5.4,4.5,254.0,100.6,159.4,401.4,9.6,0
36,Male,14.0,44.1,88.2,28.1,32.2,4.7,8.8,300.0,98.1,178.5,398.1,6.9,1
23,Female,14.1,42.2,91.2,30.8,34.3,5.19,8.0,310.5,101.4,159.7,400.1,9.6,0
74,Male,13.8,44.2,88.5,28.2,32.3,4.7,7.4,163.3,98.2,178.2,398.4,6.6,1
0,Male,12.6,46.2,90.6,31.4,35.1,6.03,5.7,251.8,101.5,181.0,400.4,9.4,0
58,Male,13.9,44.5,88.2,28.1,32.1,4.7,6.5,226.0,98.3,178.2,398.5,6.7,1
51,Male,16.8,47.3,90.7,30.6,35.4,6.1,5.6,263.0,100.4,181.5,400.5,8.6,0
36,Male,13.7,44.2,88.4,28.4,32.5,4.7,5.5,181.2,98.3,178.3,398.0,6.7,1
8,Male,11.0,44.3,88.5,28.3,32.3,4.7,8.1,301.4,98.2,178.0,398.1,6.6,1
81,Male,15.7,47.5,90.0,30.8,34.5,6.1,4.7,267.5,100.8,181.1,400.4,9.1,0
26,Female,14.6,43.1,91.3,31.0,35.5,5.4,7.0,196.5,101.4,160.4,400.6,9.6,0
0,Female,13.5,43.2,91.4,30.9,35.0,5.4,7.7,288.8,100.8,159.4,401.3,9.7,0
90,Male,16.9,46.5,91.3,30.9,32.7,6.4,5.5,292.0,99.5,180.8,401.3,7.6,1
38,Female,12.0,40.1,88.4,28.1,32.1,4.2,5.1,158.6,98.5,157.4,398.5,6.7,1
16,Male,15.7,46.3,90.0,30.7,34.4,6.1,9.4,323.3,100.8,180.1,400.7,10.0,0
14,Female,12.0,40.2,88.2,28.2,32.3,4.2,8.7,245.5,98.4,157.4,398.3,6.6,1
15,Female,12.1,40.3,88.3,28.1,32.1,4.2,5.7,257.4,98.2,157.4,398.0,6.8,1
34,Female,12.2,40.5,88.1,28.1,32.3,4.2,6.6,220.8,98.2,157.4,398.4,6.8,1
19,Female,15.2,40.9,90.5,31.0,35.3,4.19,5.5,229.7,99.6,160.2,399.2,8.7,0
11,Female,11.0,40.1,88.5,28.5,32.1,4.2,7.6,208.6,98.1,157.3,398.4,6.5,1
42,Male,13.6,44.2,88.1,28.2,32.4,4.7,4.9,282.5,98.4,178.4,398.2,6.5,1
79,Female,13.9,42.2,91.0,30.4,35.2,5.4,8.3,304.4,101.1,159.8,401.0,9.3,0
54,Male,13.9,44.3,88.4,28.3,32.0,4.7,8.9,191.8,98.0,178.4,398.1,6.8,1
31,Male,13.8,44.4,88.4,28.2,32.2,4.7,5.1,209.5,98.4,178.4,398.4,6.8,1
9,Female,11.0,40.0,88.1,28.2,32.1,4.2,7.4,273.5,98.1,157.2,398.0,6.5,1
15,Male,13.9,44.3,88.5,28.0,32.0,4.7,8.3,247.5,98.4,178.3,398.2,6.9,1
78,Female,13.4,41.3,90.8,28.9,34.9,3.56,7.1,189.3,100.2,160.4,400.3,8.7,1
13,Female,12.0,40.2,88.4,28.1,32.5,4.2,6.2,266.8,98.4,157.3,398.4,6.5,1
76,Male,14.0,44.2,88.3,28.0,32.4,4.7,6.9,275.8,98.4,178.0,398.0,7.0,1
2,Female,11.0,40.3,88.1,28.3,32.4,4.2,6.2,218.1,98.4,157.3,398.3,6.8,1
16,Male,13.8,44.5,88.1,28.4,32.3,4.7,7.5,245.9,98.0,178.5,398.4,6.9,1
72,Female,15.0,43.3,91.2,31.1,35.0,5.4,8.3,321.2,101.2,159.4,401.5,8.5,0
18,Male,16.3,47.1,91.5,30.7,34.6,6.1,7.9,291.2,100.7,180.5,400.9,9.8,0
26,Female,14.7,42.0,90.4,31.2,34.4,4.89,7.3,227.7,100.1,160.0,400.1,7.8,1
68,Male,13.8,44.4,88.4,28.2,32.0,4.7,6.4,230.9,98.1,178.2,398.1,7.0,1
61,Male,13.9,44.5,88.4,28.2,32.2,4.7,11.0,367.3,98.1,178.4,398.1,6.6,1
75,Male,14.1,45.0,91.4,31.5,35.3,4.13,6.2,259.5,99.9,181.4,401.1,7.4,1
2,Female,12.7,40.9,90.6,29.1,33.7,5.98,6.7,220.2,98.6,158.8,400.5,7.0,1
39,Female,15.1,43.0,90.8,30.7,34.4,4.93,9.9,158.5,100.8,160.0,400.3,9.0,0
63,Male,16.8,47.5,90.3,30.9,34.0,6.1,5.1,231.9,101.1,181.2,400.2,8.6,0
65,Male,13.6,44.4,88.4,28.1,32.2,4.7,7.1,212.7,98.2,178.2,398.3,6.8,1
10,Male,13.6,46.7,89.6,29.5,32.9,6.05,9.0,248.8,99.3,179.5,399.9,9.1,1
3,Female,11.0,40.2,88.1,28.3,32.3,4.2,7.5,280.4,98.3,157.0,398.3,6.9,1
15,Female,12.1,40.2,88.2,28.3,32.0,4.2,9.5,260.5,98.3,157.2,398.0,6.9,1
58,Female,14.6,43.4,91.4,30.4,34.0,5.4,7.2,258.4,100.9,159.2,400.2,9.9,0
1,Male,11.0,44.1,88.1,28.4,32.3,4.7,6.3,236.0,98.2,178.2,398.1,6.9,1
10,Male,10.8,46.2,90.6,29.7,35.2,5.94,5.2,276.8,101.4,179.9,398.6,7.2,0
37,Female,14.5,43.0,91.2,30.7,35.0,5.4,4.6,310.4,100.2,160.0,401.2,8.8,0
13,Male,16.7,46.4,90.3,31.5,34.5,6.1,8.7,353.0,101.4,181.0,400.6,9.8,0
6,Female,13.0,43.0,90.8,30.3,34.5,4.94,10.0,188.9,100.2,159.9,401.3,9.0,0
14,Male,15.7,46.4,90.5,31.4,34.9,6.1,5.9,150.0,100.5,180.3,400.2,9.9,0
69,Male,16.0,46.3,90.4,30.5,34.8,5.47,6.1,233.8,100.4,181.3,400.9,8.8,0
8,Female,12.7,43.0,90.5,30.9,34.4,5.4,7.5,153.5,100.0,160.2,400.9,8.8,0
11,Female,13.5,42.3,91.2,30.4,35.3,4.95,7.8,208.9,100.3,159.2,400.8,9.8,0
62,Female,12.0,40.0,88.4,28.2,32.5,4.2,4.5,296.8,98.2,157.1,398.3,6.8,1
84,Female,15.0,43.5,90.3,31.3,34.8,5.4,5.7,182.9,101.3,159.7,400.4,9.9,0
15,Female,12.0,40.1,88.2,28.2,32.3,4.2,5.3,159.1,98.2,157.3,398.5,6.8,1
13,Female,12.2,40.1,88.3,28.2,32.4,4.2,9.0,215.2,98.1,157.2,398.4,6.5,1
9,Male,11.0,44.2,88.2,28.4,32.4,4.7,6.9,265.8,98.2,178.2,398.1,6.9,1
49,Female,14.7,43.1,90.5,28.9,33.0,5.77,6.5,254.4,99.0,160.1,400.2,7.3,1
26,Male,16.0,46.3,90.5,30.8,35.1,6.1,5.3,254.0,101.4,181.4,401.0,8.5,0
45,Female,12.2,40.2,88.4,28.3,32.0,4.2,9.3,218.3,98.3,157.4,398.3,6.5,1
64,Female,14.0,43.3,91.3,28.6,34.7,4.14,8.3,273.1,98.8,159.4,399.3,10.0,0
47,Male,16.0,44.9,90.8,31.0,32.8,6.73,6.6,228.4,99.9,179.0,399.7,9.8,0
8,Female,11.0,40.4,88.2,28.4,32.0,4.2,6.5,239.3,98.4,157.2,398.3,6.9,1
3,Male,11.5,47.1,89.7,29.5,34.2,4.97,7.9,235.2,99.7,179.0,399.8,7.9,0
16,Male,13.7,44.3,88.2,28.2,32.1,4.7,5.7,295.7,98.2,178.5,398.3,6.9,1
14,Female,12.0,40.2,88.4,28.4,32.3,4.2,7.5,307.9,98.2,157.4,398.2,6.6,1
3,Female,11.0,40.2,88.2,28.1,32.2,4.2,7.4,290.7,98.4,157.3,398.1,6.9,1
1,Male,12.4,46.6,90.8,30.8,34.3,6.1,8.4,274.1,101.3,181.1,400.7,9.4,0
74,Female,12.2,40.1,88.2,28.4,32.0,4.2,9.7,278.6,98.2,157.4,398.3,6.8,1
58,Female,13.3,42.3,89.6,28.6,34.4,4.22,4.5,239.2,98.7,157.5,400.9,8.5,0
10,Male,13.5,46.4,91.0,30.5,35.2,5.6,6.9,273.9,100.4,180.1,400.3,9.3,0
61,Male,13.7,44.1,88.1,28.3,32.1,4.7,10.7,266.7,98.2,178.1,398.1,6.9,1
78,Female,12.1,40.1,88.0,28.4,32.2,4.2,6.2,164.0,98.1,157.0,398.2,6.8,1
7,Male,11.0,44.0,88.0,28.3,32.4,4.7,9.1,277.6,98.5,178.1,398.1,6.7,1
64,Male,16.0,46.8,88.7,29.4,34.4,5.7,7.5,290.3,99.1,180.8,401.4,9.0,0
25,Female,12.0,40.3,88.1,28.3,32.4,4.2,9.1,343.8,98.1,157.5,398.2,6.9,1
40,Male,13.7,44.1,88.3,28.1,32.0,4.7,8.4,236.5,98.3,178.3,398.4,6.7,1
8,Male,12.4,46.2,91.4,30.8,34.0,5.79,9.8,225.9,101.1,181.5,400.4,9.3,0
8,Female,13.0,42.2,91.1,31.1,35.3,5.37,9.9,234.2,100.6,159.8,400.8,8.7,0
42,Female,13.1,41.1,90.1,28.6,32.9,5.14,9.5,244.9,100.7,158.8,400.5,9.6,0
75,Male,13.8,44.2,88.3,28.1,32.3,4.7,4.6,232.5,98.4,178.4,398.0,6.7,1
13,Female,12.0,40.3,88.4,28.3,32.5,4.2,8.3,254.3,98.1,157.4,398.1,7.0,1
13,Male,13.9,44.4,88.2,28.1,32.1,4.7,6.9,150.0,98.4,178.3,398.5,6.8,1
7,Female,12.9,42.0,90.7,31.0,34.0,5.4,5.5,271.9,100.6,160.4,401.3,9.1,0
16,Male,13.8,44.0,88.4,28.4,32.1,4.7,6.2,290.3,98.4,178.0,398.3,6.8,1
19,Female,14.5,42.8,90.8,30.7,35.4,5.17,8.0,210.4,100.3,160.4,401.2,9.9,0
65,Female,14.7,43.3,91.0,30.7,35.0,5.4,5.9,301.6,100.2,160.0,400.2,9.2,0
19,Male,16.2,47.1,90.6,30.3,34.9,6.1,6.4,154.5,101.0,180.8,401.3,9.6,0
66,Male,14.0,44.5,88.5,28.2,32.1,4.7,7.4,183.4,98.3,178.4,398.2,6.8,1
59,Female,14.2,42.2,90.3,30.0,35.3,5.4,4.5,238.2,101.2,159.6,401.3,8.6,0
50,Male,16.6,46.7,89.3,28.7,33.9,4.7,5.1,190.4,99.1,181.5,401.1,7.2,0
6,Male,13.3,46.9,90.1,30.9,34.2,5.52,4.5,284.2,100.9,180.1,400.6,8.8,0
5,Female,13.3,42.6,90.5,31.3,35.4,5.4,7.6,238.2,101.1,159.2,400.9,8.5,0
8,Female,11.0,40.3,88.2,28.1,32.1,4.2,6.2,179.8,98.0,157.5,398.3,6.6,1
59,Female,12.0,40.4,88.3,28.4,32.3,4.2,6.4,276.2,98.3,157.1,398.2,6.9,1
24,Male,13.7,44.0,88.1,28.3,32.2,4.7,7.5,257.5,98.4,178.1,398.1,6.5,1
23,Female,12.0,40.5,88.4,28.4,32.3,4.2,5.3,187.1,98.2,157.2,398.1,7.0,1
65,Male,13.8,44.3,88.3,28.5,32.4,4.7,7.8,293.2,98.4,178.4,398.4,6.5,1
68,Male,14.0,44.4,88.4,28.2,32.4,4.7,6.6,273.0,98.4,178.1,398.0,6.7,1
83,Female,12.1,40.1,88.2,28.4,32.2,4.2,7.4,192.3,98.0,157.1,398.1,6.5,1
5,Female,11.3,41.3,88.7,29.6,33.5,4.7,9.0,250.9,98.8,157.8,398.7,8.5,1
63,Female,14.6,42.2,89.8,29.3,35.1,5.98,8.4,249.7,98.6,160.0,400.9,9.5,1
15,Male,13.9,44.4,88.2,28.0,32.3,4.7,7.6,285.0,98.4,178.1,398.3,6.8,1
62,Male,13.8,44.2,88.4,28.4,32.4,4.7,6.7,280.9,98.3,178.3,398.4,6.7,1
63,Female,13.0,40.7,89.1,29.7,34.5,4.82,6.8,245.3,100.0,160.4,399.4,7.5,0
71,Female,14.6,42.3,90.3,31.1,34.0,5.02,5.3,239.4,101.4,160.0,400.6,8.7,0
19,Female,15.2,43.3,90.9,30.4,35.0,5.4,5.5,206.8,100.6,160.0,400.4,9.3,0
66,Male,15.9,46.2,89.6,29.9,33.8,4.71,7.8,241.1,99.0,180.0,401.2,9.3,0
54,Male,15.9,46.9,89.8,29.0,34.0,3.94,6.3,263.5,99.3,179.6,401.1,9.3,1
19,Female,12.2,40.4,88.2,28.1,32.2,4.2,6.9,307.9,98.4,157.4,398.2,6.7,1
9,Male,13.2,46.6,90.8,29.6,33.2,6.24,9.8,223.0,101.1,179.5,400.8,8.4,0
83,Female,14.4,42.6,91.1,30.1,34.7,5.19,6.9,207.5,100.3,159.4,400.8,10.0,0
11,Male,11.0,44.4,88.1,28.5,32.4,4.7,6.7,218.1,98.1,178.1,398.5,6.6,1
16,Male,16.8,47.3,91.2,30.2,34.3,5.4,6.0,233.7,100.7,181.0,401.3,9.6,0
16,Female,13.2,40.6,89.2,28.7,32.9,5.69,4.7,213.2,100.9,158.9,401.0,9.5,1
18,Female,12.2,40.3,88.4,28.4,32.3,4.2,6.9,358.0,98.5,157.3,398.1,7.0,1
16,Male,16.8,47.3,90.7,30.0,34.6,6.1,10.0,287.9,100.2,181.0,400.3,9.6,0
0,Female,12.5,43.2,90.4,30.1,34.7,5.39,6.6,239.7,101.3,159.1,400.1,8.9,0
1,Female,13.3,42.4,91.3,30.2,34.4,5.02,6.5,219.0,101.5,159.1,400.3,8.9,0
75,Male,13.8,44.4,88.1,28.3,32.2,4.7,6.7,332.8,98.5,178.3,398.0,6.7,1
0,Female,12.8,43.1,90.5,31.3,35.3,5.4,6.8,195.3,100.7,159.4,401.1,8.9,0
15,Female,14.3,43.2,91.1,31.2,35.0,5.37,9.0,185.8,100.2,160.2,400.6,9.4,0
18,Male,16.6,45.7,89.0,31.4,35.2,5.68,7.2,278.0,100.4,180.4,401.0,7.9,0
75,Male,13.6,44.3,88.3,28.0,32.3,4.7,7.2,260.7,98.4,178.1,398.5,7.0,1
11,Female,12.3,42.5,90.6,30.4,35.0,5.09,8.5,287.0,100.2,160.0,401.4,8.8,0
35,Female,14.3,43.0,91.2,30.7,34.1,5.4,7.0,291.3,101.4,159.5,401.3,9.7,0
7,Female,12.3,42.4,91.4,31.5,35.2,4.91,4.5,313.0,101.2,159.1,400.3,9.2,0
63,Female,14.7,42.9,90.8,29.0,34.5,3.99,8.8,208.2,99.4,159.4,400.5,9.9,0
68,Male,14.3,47.1,89.9,28.6,35.2,5.78,8.3,197.4,99.3,179.7,399.6,9.2,1
73,Female,12.5,42.8,90.8,29.6,32.6,3.69,7.6,250.3,98.9,158.0,399.7,8.8,0
81,Female,12.1,40.0,88.4,28.1,32.2,4.2,8.4,251.1,98.5,157.2,398.5,6.5,1
6,Female,13.1,42.8,90.2,31.2,33.3,4.54,8.6,278.6,99.5,158.5,399.9,7.9,0
70,Female,14.0,42.2,90.0,30.4,34.3,5.19,6.7,220.5,100.8,160.4,400.5,8.5,0
72,Male,13.5,44.3,88.4,28.3,32.4,4.7,7.2,212.7,98.4,178.3,398.3,6.9,1
0,Female,12.6,43.0,90.4,31.0,34.1,3.64,6.2,307.8,100.6,157.8,399.3,8.2,0
5,Male,12.3,46.7,91.4,30.8,35.0,5.87,8.1,285.9,100.8,181.5,400.2,8.5,0
72,Female,12.1,40.2,88.2,28.3,32.4,4.2,5.5,364.3,98.3,157.0,398.3,6.7,1
66,Female,14.1,43.4,91.1,30.6,35.2,5.12,8.0,218.4,100.8,159.8,400.9,8.7,0
10,Male,12.6,46.9,90.4,31.0,35.2,6.1,6.0,279.1,100.1,181.0,400.6,9.1,0
75,Male,16.1,47.0,91.0,30.2,34.7,6.1,5.2,239.6,100.5,180.3,400.2,9.1,0
21,Male,16.4,45.4,90.7,28.7,34.5,6.67,6.0,246.9,100.7,181.2,399.6,8.1,1
85,Male,16.2,46.9,90.0,29.6,33.3,5.16,7.7,158.1,98.5,179.9,400.7,7.8,0
85,Female,13.7,41.5,91.3,31.4,32.6,6.07,9.8,249.4,99.0,160.1,398.9,9.2,1
13,Male,13.6,44.4,88.2,28.4,32.1,4.7,8.7,289.2,98.2,178.4,398.2,6.8,1
19,Male,16.3,46.1,90.8,28.5,34.2,4.3,9.1,282.9,99.8,180.5,401.4,9.9,1
32,Female,14.0,43.3,91.1,30.3,34.9,5.4,7.7,235.1,100.2,159.7,400.9,9.7,0
16,Female,12.0,40.4,88.3,28.3,32.4,4.2,5.5,169.0,98.4,157.4,398.5,6.9,1
4,Female,11.0,40.0,88.5,28.5,32.0,4.2,7.1,218.9,98.3,157.0,398.3,7.0,1
1,Male,11.2,44.8,91.2,30.8,35.1,4.32,8.0,264.4,101.4,178.7,399.6,8.1,0
16,Male,14.8,45.7,90.2,29.8,32.6,5.81,6.1,267.3,98.5,180.2,401.1,9.2,1
27,Male,15.0,45.3,90.8,28.8,34.2,5.77,7.4,244.5,99.7,179.3,400.6,9.2,0
85,Male,16.6,47.5,90.6,30.1,34.7,5.47,8.0,167.3,100.5,181.0,401.2,9.1,0
1,Male,12.8,46.5,90.8,30.2,34.8,6.1,8.0,275.0,100.7,180.5,400.4,8.8,0
53,Female,12.1,40.1,88.4,28.4,32.1,4.2,7.5,228.7,98.4,157.4,398.1,6.5,1
14,Male,13.9,44.4,88.3,28.1,32.3,4.7,4.5,228.7,98.2,178.1,398.1,6.9,1
26,Male,13.5,44.0,88.3,28.1,32.4,4.7,7.7,223.7,98.3,178.2,398.3,6.9,1
32,Female,12.0,40.4,88.2,28.2,32.3,4.2,8.4,219.5,98.1,157.4,398.4,6.8,1
18,Male,16.3,44.7,90.3,28.9,34.0,4.01,10.2,255.1,99.5,181.3,399.8,7.9,1
63,Female,12.0,40.3,88.0,28.2,32.5,4.2,6.5,338.0,98.3,157.5,398.2,6.9,1
28,Female,13.9,42.6,91.4,30.3,35.2,4.8,6.5,261.8,100.6,159.2,400.3,9.3,0
64,Female,12.0,40.1,88.3,28.5,32.4,4.2,7.2,250.1,98.4,157.1,398.3,7.0,1
70,Female,14.7,42.1,90.8,30.8,34.1,5.4,8.4,202.1,100.6,160.5,400.3,8.6,0
8,Male,13.5,46.2,90.9,29.3,33.0,5.6,4.5,163.0,98.9,181.3,398.8,7.9,0
13,Male,13.5,44.5,88.4,28.2,32.0,4.7,10.0,269.5,98.3,178.1,398.2,6.5,1
37,Male,16.4,46.1,91.4,30.9,34.3,6.1,9.2,313.6,100.9,180.3,400.9,8.6,0
50,Male,13.9,44.1,88.0,28.3,32.2,4.7,6.2,311.0,98.0,178.1,398.3,6.8,1
3,Male,12.3,46.2,91.2,30.3,35.0,5.76,6.6,231.3,101.1,181.3,401.2,9.1,0
51,Male,17.0,47.0,91.4,31.0,34.0,6.1,7.4,217.7,100.4,180.6,401.0,9.2,0
9,Male,11.0,44.2,88.1,28.2,32.4,4.7,6.0,227.7,98.5,178.5,398.3,6.6,1
71,Female,12.1,40.1,88.2,28.3,32.4,4.2,7.2,234.0,98.3,157.2,398.0,6.8,1
81,Female,14.3,42.9,90.1,31.4,34.7,4.97,5.3,175.5,100.5,160.0,400.5,9.0,0
17,Male,14.0,44.2,88.2,28.1,32.0,4.7,7.0,204.5,98.5,178.4,398.3,6.7,1
77,Male,15.5,44.7,91.5,30.2,33.0,4.05,4.6,268.7,99.3,180.0,399.9,8.1,0
13,Male,13.5,44.0,88.1,28.4,32.1,4.7,6.8,215.3,98.3,178.3,398.3,7.0,1
5,Female,13.5,42.0,90.1,30.2,34.0,5.4,5.2,278.2,100.2,159.2,401.4,9.5,0
73,Female,13.8,42.5,90.2,31.4,34.3,4.9,5.1,230.3,100.1,160.1,400.8,8.6,0
15,Female,12.0,40.5,88.0,28.4,32.0,4.2,6.8,270.4,98.2,157.1,398.2,6.7,1
48,Male,16.3,47.4,91.3,31.5,35.0,6.1,9.2,323.0,100.2,180.8,400.6,9.2,0
35,Male,16.3,46.9,91.5,31.5,35.3,5.5,7.2,275.3,101.2,180.6,400.5,9.2,0
13,Male,13.6,44.4,88.3,28.3,32.1,4.7,7.6,279.4,98.3,178.2,398.4,6.8,1
16,Male,13.8,44.4,88.2,28.3,32.1,4.7,8.2,328.7,98.1,178.5,398.5,6.6,1
16,Female,12.0,40.4,88.2,28.0,32.2,4.2,6.7,284.3,98.2,157.2,398.0,6.8,1
53,Female,14.5,43.1,90.4,30.1,34.6,4.88,7.1,250.8,101.0,159.4,400.3,8.8,0
36,Male,14.8,46.9,91.3,30.5,32.8,3.95,7.7,266.3,101.3,180.7,398.6,8.4,1
0,Female,12.4,43.4,91.0,30.4,34.9,5.4,6.4,361.5,100.7,160.1,400.9,8.6,0
6,Male,12.4,47.5,90.3,30.0,35.5,5.82,5.5,275.9,100.9,181.4,400.5,9.5,0
9,Female,11.0,40.4,88.2,28.3,32.3,4.2,6.8,273.6,98.1,157.3,398.5,6.7,1
2,Male,12.1,45.3,89.5,30.8,34.9,4.63,6.7,270.9,100.6,180.4,398.6,9.6,0
64,Female,12.1,40.2,88.3,28.4,32.2,4.2,5.8,223.2,98.2,157.3,398.1,6.5,1
16,Male,13.9,44.4,88.1,28.3,32.3,4.7,6.4,177.7,98.4,178.1,398.1,6.9,1
52,Female,14.0,42.1,90.2,30.2,34.5,5.4,7.7,158.7,101.1,160.4,400.6,8.7,0
79,Male,16.0,47.0,90.2,30.4,34.1,6.1,4.5,197.2,100.8,181.1,400.2,9.7,0
4,Female,13.4,43.0,91.1,31.1,34.7,5.3,8.4,191.6,101.4,159.9,401.4,8.5,0
29,Male,16.0,45.3,90.9,30.4,35.4,6.67,8.4,223.2,98.7,179.5,400.8,7.2,1
5,Male,11.0,44.4,88.2,28.3,32.4,4.7,8.3,231.2,98.2,178.3,398.3,6.5,1
60,Female,13.0,40.8,90.1,29.8,35.3,3.37,4.5,160.5,99.7,158.4,400.6,9.1,1
5,Female,11.0,40.4,88.3,28.1,32.1,4.2,6.0,299.8,98.4,157.4,398.4,6.7,1
54,Male,15.4,45.9,90.5,31.1,33.9,5.03,6.3,288.2,101.2,180.1,399.6,8.2,1
9,Female,11.0,40.1,88.2,28.1,32.3,4.2,8.5,200.6,98.1,157.2,398.4,6.7,1
81,Female,13.3,41.9,91.0,29.5,34.5,4.69,6.4,164.7,100.8,159.5,400.8,7.9,0
83,Male,13.8,44.5,88.2,28.3,32.3,4.7,6.3,316.8,98.3,178.3,398.3,6.7,1
21,Female,14.4,42.2,89.5,28.6,33.6,5.62,6.5,245.8,101.3,159.6,399.9,9.3,1
66,Female,13.9,40.7,89.7,30.8,33.4,3.33,7.7,236.5,98.9,160.1,401.4,8.9,0
15,Male,16.8,47.5,91.0,31.1,34.1,5.64,6.3,331.5,100.7,180.5,400.9,8.8,0
19,Female,12.1,40.2,88.4,28.3,32.3,4.2,6.2,195.8,98.4,157.4,398.3,6.7,1
8,Female,13.5,42.3,90.8,30.7,35.4,4.82,7.0,264.5,100.9,159.5,401.3,9.3,0
18,Male,15.8,46.6,90.1,31.0,34.4,5.87,11.0,237.4,100.9,180.6,400.3,9.6,0
64,Male,14.4,46.0,90.9,28.7,35.2,6.45,6.4,183.1,98.7,178.6,399.7,8.0,0
71,Female,12.2,40.0,88.4,28.2,32.4,4.2,10.3,308.9,98.2,157.1,398.4,6.6,1
17,Female,12.2,40.1,88.5,28.2,32.2,4.2,8.6,345.7,98.3,157.4,398.5,6.9,1
10,Female,13.5,43.2,91.3,31.3,35.2,5.3,7.5,179.3,101.0,159.6,401.3,9.9,0
6,Male,12.9,46.3,90.2,30.3,34.1,5.7,6.2,195.1,100.5,180.0,401.3,8.5,0
7,Male,11.0,44.3,88.0,28.4,32.3,4.7,7.4,225.1,98.2,178.2,398.2,6.7,1
9,Male,11.0,44.4,88.1,28.1,32.4,4.7,8.0,254.8,98.2,178.1,398.2,6.7,1
15,Male,15.6,46.9,91.1,30.3,34.9,6.1,8.0,280.5,101.3,181.4,400.6,9.4,0
46,Male,16.5,47.2,90.6,31.3,34.2,5.81,6.8,228.9,100.6,181.2,401.0,9.2,0
11,Male,12.5,46.1,91.2,30.4,35.2,6.1,6.8,280.1,101.0,180.7,400.9,9.2,0
79,Male,16.3,46.7,90.7,31.0,34.7,5.59,6.7,299.8,100.1,180.8,401.0,8.9,0
78,Female,12.0,40.2,88.3,28.1,32.2,4.2,7.7,212.5,98.2,157.2,398.0,7.0,1
22,Female,12.7,43.2,89.0,29.1,34.3,4.92,6.3,279.9,100.0,157.8,400.3,8.8,0
23,Female,12.2,40.0,88.5,28.1,32.4,4.2,9.5,244.8,98.3,157.4,398.3,6.7,1
5,Male,11.0,44.2,88.3,28.4,32.2,4.7,6.4,235.5,98.1,178.1,398.5,6.7,1
63,Male,15.8,46.5,91.2,31.0,34.5,6.1,7.7,321.7,100.4,180.0,401.2,9.7,0
14,Female,14.7,42.7,90.2,31.4,34.4,5.22,8.8,283.1,101.5,160.5,401.4,9.2,0
55,Male,16.9,46.8,91.4,30.5,34.5,6.0,7.8,337.2,101.4,180.0,401.1,9.0,0
30,Female,13.9,42.5,91.4,30.2,34.8,5.33,7.1,241.2,100.5,160.0,400.2,9.3,0
22,Female,12.0,40.4,88.2,28.3,32.5,4.2,6.0,241.4,98.1,157.0,398.1,6.7,1
17,Female,14.3,42.7,90.5,30.6,34.5,4.92,7.7,235.1,100.9,160.4,400.5,9.1,0
63,Female,14.7,41.2,90.1,29.3,33.3,3.84,9.4,209.5,100.0,160.4,399.3,9.1,0
19,Female,12.2,40.3,88.0,28.3,32.0,4.2,5.4,299.5,98.1,157.1,398.2,6.9,1
26,Male,13.9,44.1,88.2,28.4,32.5,4.7,5.8,250.5,98.3,178.2,398.3,6.9,1
31,Male,15.1,45.4,89.6,29.6,34.0,5.0,5.7,259.8,99.3,180.7,400.8,9.0,0
51,Male,13.9,44.1,88.3,28.2,32.1,4.7,6.8,217.6,98.3,178.2,398.2,6.9,1
5,Male,11.0,44.2,88.3,28.5,32.1,4.7,7.5,166.1,98.3,178.2,398.2,6.9,1
0,Male,11.0,44.4,88.5,28.5,32.4,4.7,7.9,250.1,98.3,178.3,398.4,7.0,1
18,Female,15.2,41.9,88.9,30.5,34.2,3.84,7.2,228.8,100.9,158.6,398.9,9.8,1
17,Female,12.2,40.1,88.1,28.3,32.4,4.2,9.8,219.5,98.4,157.1,398.2,6.8,1
22,Female,12.0,40.3,88.4,28.1,32.1,4.2,7.7,242.7,98.2,157.4,398.3,6.5,1
18,Male,13.7,44.4,88.5,28.2,32.2,4.7,4.5,205.2,98.4,178.3,398.2,6.6,1
88,Female,14.0,42.3,90.3,30.8,34.8,5.4,6.7,354.3,101.0,159.6,401.1,9.5,0
27,Male,13.6,44.3,88.4,28.3,32.3,4.7,7.5,158.1,98.3,178.2,398.2,6.9,1
11,Female,13.2,43.0,90.5,30.1,35.2,5.23,7.5,303.5,100.5,159.9,401.0,9.6,0
36,Female,14.8,42.9,91.2,30.8,34.9,5.4,6.1,150.0,100.3,159.1,400.0,9.6,0
62,Female,14.1,42.7,90.2,30.3,35.3,4.97,9.7,330.5,101.3,159.8,400.3,9.1,0
16,Female,14.2,43.4,90.4,31.0,34.7,5.2,10.1,310.4,101.2,159.1,401.1,8.7,0
2,Male,11.0,44.4,88.3,28.1,32.3,4.7,4.5,265.3,98.1,178.1,398.2,6.7,1
15,Female,12.1,40.0,88.1,28.2,32.2,4.2,7.0,263.3,98.2,157.1,398.1,6.6,1
6,Female,11.0,40.0,88.2,28.1,32.5,4.2,6.9,186.8,98.5,157.2,398.2,6.7,1
81,Male,16.2,46.2,91.3,30.2,34.8,6.1,7.1,258.0,100.4,180.4,400.2,9.6,0
88,Male,13.8,44.5,88.1,28.5,32.3,4.7,7.1,207.0,98.5,178.1,398.1,6.6,1
62,Male,16.2,47.2,90.5,30.2,35.3,5.72,8.6,198.2,101.0,181.2,400.3,9.0,0
3,Male,13.5,46.3,91.3,30.7,34.4,6.1,8.2,150.0,100.5,180.9,400.2,9.1,0
6,Male,13.0,46.2,90.9,30.7,34.9,5.42,6.9,179.8,101.4,180.6,400.6,9.6,0
63,Female,12.0,40.4,88.4,28.4,32.1,4.2,5.0,150.0,98.3,157.0,398.0,6.9,1
5,Male,12.8,47.5,90.9,30.4,34.2,5.63,6.0,225.6,100.3,180.4,400.3,9.8,0
16,Male,16.6,46.5,91.4,31.0,34.7,6.1,6.1,293.6,100.5,181.4,400.2,8.6,0
16,Male,16.7,46.6,91.1,30.6,34.4,6.1,7.5,247.4,100.5,181.4,401.4,8.9,0
64,Male,16.7,46.6,91.0,31.1,34.4,5.54,7.5,284.7,101.0,180.1,401.2,9.3,0
29,Female,12.2,40.3,88.3,28.2,32.3,4.2,5.9,208.6,98.1,157.4,398.5,6.6,1
70,Male,13.5,44.4,88.4,28.1,32.2,4.7,7.0,238.8,98.3,178.2,398.1,6.8,1
60,Female,12.0,40.0,88.5,28.1,32.2,4.2,5.7,269.0,98.5,157.2,398.3,6.8,1
8,Female,12.4,42.5,90.4,31.5,34.8,5.4,9.5,222.6,100.4,160.4,400.7,9.7,0
82,Male,13.9,44.3,88.3,28.2,32.3,4.7,5.6,218.2,98.5,178.0,398.4,7.0,1
2,Male,11.0,44.3,88.2,28.4,32.1,4.7,4.6,291.8,98.1,178.5,398.2,6.8,1
9,Male,11.0,44.1,88.4,28.3,32.3,4.7,5.6,205.2,98.4,178.2,398.4,6.7,1
49,Female,12.2,40.1,88.1,28.3,32.3,4.2,6.2,233.0,98.4,157.3,398.4,6.8,1
71,Female,15.2,42.6,90.8,31.3,34.4,5.08,8.4,209.4,100.7,159.4,401.4,9.2,0
15,Male,13.9,44.1,88.2,28.0,32.2,4.7,4.5,249.0,98.1,178.2,398.2,7.0,1
14,Male,16.9,47.3,90.4,30.1,34.9,5.9,6.8,251.9,100.2,181.0,400.3,9.8,0
18,Male,13.9,44.1,88.4,28.4,32.5,4.7,9.1,163.3,98.5,178.0,398.3,6.6,1
14,Male,13.7,44.1,88.1,28.2,32.4,4.7,8.2,237.4,98.4,178.2,398.2,6.9,1
82,Female,14.7,42.0,90.6,30.5,34.0,5.33,6.8,264.4,100.9,159.4,400.2,8.9,0
57,Male,16.3,46.1,90.8,31.2,34.2,5.51,7.9,212.4,100.9,180.8,400.4,9.0,0
24,Female,14.6,43.5,90.1,30.8,34.5,4.96,9.9,204.6,100.8,159.0,400.9,8.8,0
0,Male,11.0,44.5,88.1,28.2,32.2,4.7,8.1,150.0,98.3,178.1,398.3,6.6,1
17,Female,12.8,41.7,88.6,29.1,33.0,5.75,7.2,218.5,100.3,160.3,398.8,8.9,0
14,Male,16.4,45.5,89.9,29.9,35.3,5.7,5.5,307.0,98.6,179.2,398.9,8.4,1
20,Male,13.6,44.2,88.3,28.4,32.2,4.7,7.2,303.9,98.1,178.5,398.4,6.5,1
63,Female,13.2,42.5,91.5,30.0,34.5,4.8,6.7,185.3,100.4,157.7,399.0,9.4,0
9,Female,11.0,40.2,88.3,28.1,32.3,4.2,5.3,208.3,98.5,157.2,398.3,6.9,1
18,Male,15.3,46.9,89.9,29.3,35.3,5.9,8.2,253.8,101.2,179.5,399.5,7.9,0
77,Female,12.0,40.1,88.1,28.0,32.1,4.2,8.4,171.0,98.3,157.0,398.5,6.7,1
9,Male,11.0,44.3,88.3,28.4,32.0,4.7,8.5,162.6,98.2,178.2,398.2,6.9,1
41,Female,12.1,40.2,88.0,28.3,32.0,4.2,6.6,317.7,98.5,157.4,398.2,6.6,1
13,Female,12.2,40.2,88.3,28.2,32.2,4.2,6.5,353.8,98.4,157.5,398.2,6.6,1
8,Male,13.5,46.2,90.8,31.3,34.6,6.1,6.7,233.7,100.5,181.4,400.4,9.2,0
13,Female,14.6,43.0,90.1,30.7,35.2,5.4,4.9,209.0,100.1,159.4,400.1,9.1,0
17,Male,16.2,46.6,91.5,31.2,34.7,6.1,6.3,235.9,100.5,180.6,400.0,9.7,0
10,Male,13.6,46.1,91.2,31.2,32.7,6.65,6.7,206.9,100.8,178.7,399.7,7.7,0
19,Male,13.6,44.3,88.3,28.4,32.3,4.7,11.0,305.8,98.4,178.1,398.4,6.7,1
19,Female,15.1,42.3,90.9,30.1,34.2,5.4,7.8,288.9,101.5,159.1,400.6,8.7,0
16,Male,16.0,46.7,90.4,30.8,34.2,6.1,7.1,293.3,101.1,180.7,400.9,9.0,0
64,Male,16.4,46.2,90.2,30.1,35.0,6.1,8.4,264.2,101.1,180.7,401.5,9.2,0
10,Male,12.8,46.4,91.1,30.7,34.1,5.73,6.2,261.2,101.3,180.7,400.7,9.4,0
8,Male,12.7,46.9,91.4,30.3,34.9,6.1,6.1,269.8,101.1,181.4,400.3,8.9,0
17,Female,13.9,43.4,91.5,31.2,34.7,5.4,4.5,222.7,100.8,159.1,401.5,9.1,0
10,Male,11.0,44.1,88.1,28.4,32.4,4.7,6.8,252.3,98.5,178.2,398.3,6.6,1
19,Male,15.7,46.9,91.2,30.6,35.5,6.05,6.8,190.8,101.0,181.2,400.7,9.4,0
77,Female,12.0,40.1,88.4,28.3,32.0,4.2,6.7,284.2,98.4,157.2,398.1,6.8,1
16,Female,15.0,43.5,91.3,31.2,35.4,5.4,6.0,282.6,101.1,160.2,401.1,9.8,0
19,Male,16.7,46.9,91.4,30.5,34.2,6.1,4.5,271.6,100.1,180.9,400.9,8.9,0
15,Female,12.0,40.4,88.3,28.3,32.3,4.2,6.1,219.8,98.1,157.2,398.1,7.0,1
31,Female,14.7,42.9,91.1,30.6,34.2,5.4,6.0,273.3,100.3,160.0,400.4,8.8,0
8,Female,11.0,40.4,88.2,28.4,32.1,4.2,7.9,207.8,98.2,157.0,398.2,6.6,1
0,Male,11.0,44.5,88.1,28.0,32.1,4.7,5.6,295.1,98.3,178.3,398.3,6.9,1
8,Male,11.6,46.2,89.2,31.1,34.9,5.35,7.6,270.1,99.5,178.7,400.3,9.4,0
14,Male,16.7,47.1,90.1,31.3,34.3,6.1,5.4,272.7,101.5,180.7,400.1,9.9,0
53,Male,15.7,46.6,90.1,31.1,35.2,6.1,8.2,274.5,100.8,180.5,400.7,9.3,0
9,Male,11.7,46.4,88.7,30.9,34.4,6.51,6.2,269.5,101.1,179.7,400.0,7.2,0
8,Male,11.0,44.2,88.1,28.1,32.1,4.7,8.8,343.2,98.3,178.2,398.4,7.0,1
17,Male,16.4,46.7,89.3,28.9,33.6,4.69,6.1,240.3,99.9,180.5,399.5,9.1,1
30,Female,13.9,43.1,90.8,30.9,35.1,5.4,7.2,240.7,100.9,160.1,400.4,8.8,0
45,Female,15.1,43.3,90.0,30.9,34.4,5.4,5.6,192.9,100.9,159.8,400.6,8.7,0
86,Female,12.0,40.2,88.1,28.1,32.2,4.2,6.9,313.1,98.4,157.1,398.1,6.6,1
36,Female,12.0,40.0,88.5,28.1,32.0,4.2,7.9,220.9,98.1,157.4,398.3,6.9,1
6,Female,11.0,40.3,88.2,28.2,32.2,4.2,7.6,272.8,98.3,157.2,398.1,6.9,1
72,Male,16.8,46.3,90.5,30.1,34.2,6.1,8.6,309.3,100.8,181.4,400.8,9.2,0
16,Female,12.1,40.4,88.4,28.5,32.4,4.2,7.4,263.5,98.2,157.2,398.2,6.6,1
61,Male,16.3,46.3,90.3,31.2,34.8,6.1,4.7,235.9,101.5,180.8,400.2,9.1,0
15,Male,16.0,47.2,89.2,31.0,33.5,5.06,7.0,276.9,101.1,180.6,399.8,7.1,0
68,Female,15.0,42.8,90.8,31.0,35.2,5.06,5.8,312.1,100.6,159.1,400.9,8.6,0
87,Female,15.1,42.0,90.9,31.3,34.6,5.4,4.5,297.1,100.2,159.3,400.1,9.6,0
16,Male,14.0,44.1,88.1,28.4,32.4,4.7,6.2,269.4,98.5,178.4,398.3,6.8,1
12,Female,15.0,42.4,90.7,30.3,35.4,5.4,8.0,199.5,100.4,160.4,400.6,9.5,0
67,Male,15.2,45.0,90.8,30.6,33.4,5.43,8.9,270.1,98.6,181.1,399.6,8.6,0
51,Female,12.0,40.3,88.5,28.3,32.4,4.2,7.5,279.1,98.5,157.4,398.4,6.5,1
1,Male,12.7,46.5,90.9,30.4,34.0,6.1,8.8,342.5,101.1,181.0,400.3,9.0,0
58,Female,14.1,43.5,90.4,30.1,34.7,4.97,8.0,264.8,101.4,159.9,400.8,10.0,0
19,Male,16.4,46.8,91.3,30.1,35.0,6.1,7.7,258.3,101.2,180.1,400.7,9.1,0
19,Female,14.9,42.4,91.0,30.2,35.5,4.92,7.4,333.2,100.1,159.0,400.5,9.7,0
23,Female,12.0,40.0,88.4,28.3,32.2,4.2,8.0,348.2,98.1,157.4,398.4,6.8,1
54,Female,13.8,42.9,91.1,30.6,34.3,5.26,6.9,357.9,101.1,159.3,401.3,8.7,0
18,Female,15.1,43.3,91.3,30.9,35.4,5.4,9.7,190.9,100.2,159.8,400.4,8.9,0
56,Female,12.0,40.3,88.1,28.2,32.0,4.2,7.4,287.2,98.3,157.3,398.3,6.6,1
1,Female,11.0,40.1,88.4,28.1,32.3,4.2,6.8,228.0,98.1,157.5,398.2,6.6,1
24,Female,13.9,43.3,91.1,30.6,34.9,5.08,6.3,270.5,100.0,159.9,400.2,9.7,0
1,Male,13.5,46.4,91.0,31.3,34.8,5.63,8.0,326.4,101.1,181.2,401.5,9.4,0
11,Male,13.5,47.3,90.9,29.0,35.0,6.7,6.5,303.5,98.8,179.6,398.5,8.6,1
36,Female,12.1,40.0,88.5,28.0,32.4,4.2,6.6,150.6,98.5,157.4,398.2,6.7,1
18,Male,16.5,45.6,91.0,28.8,32.6,4.45,9.1,264.6,101.4,179.3,399.5,7.8,1
72,Female,12.4,41.2,90.8,29.4,35.3,5.81,8.2,238.0,99.0,158.1,401.0,9.5,1
74,Female,12.1,40.0,88.2,28.1,32.2,4.2,9.2,259.0,98.2,157.5,398.1,6.6,1
65,Female,15.1,43.0,90.4,30.2,35.4,5.03,7.0,337.1,100.2,160.2,401.4,8.7,0
42,Male,16.0,46.4,91.0,30.8,34.5,6.1,8.3,216.8,100.3,180.2,401.2,9.6,0
37,Male,16.7,47.3,90.3,30.7,35.1,6.1,6.0,285.4,100.3,180.9,401.1,9.0,0
19,Female,12.0,40.2,88.5,28.1,32.0,4.2,4.5,276.3,98.2,157.2,398.4,6.8,1
85,Male,13.8,44.1,88.0,28.4,32.4,4.7,6.7,211.6,98.4,178.3,398.4,6.9,1
17,Male,13.6,44.1,88.1,28.4,32.3,4.7,4.5,225.9,98.2,178.3,398.4,6.9,1
73,Female,12.0,40.1,88.3,28.0,32.2,4.2,6.1,377.7,98.3,157.4,398.3,6.9,1
75,Male,13.7,44.1,88.1,28.2,32.4,4.7,6.0,189.7,98.5,178.4,398.0,6.5,1
8,Male,11.0,44.1,88.2,28.0,32.2,4.7,7.7,236.5,98.2,178.0,398.3,7.0,1
5,Male,12.7,46.2,91.2,31.0,34.1,5.94,7.0,280.1,100.6,180.7,400.3,9.1,0
8,Female,12.7,43.3,91.3,30.4,34.0,5.4,4.7,195.6,100.5,159.6,400.6,9.3,0
14,Male,13.7,44.3,88.2,28.3,32.4,4.7,8.1,218.9,98.1,178.5,398.3,6.5,1
16,Female,14.0,42.3,91.2,30.7,34.7,5.4,7.5,207.9,100.0,159.1,400.4,9.8,0
13,Female,13.8,42.3,90.6,31.5,34.2,5.26,9.5,291.0,101.3,160.4,400.2,8.8,0
28,Female,12.0,40.4,88.1,28.1,32.4,4.2,5.4,278.3,98.1,157.4,398.5,6.9,1
18,Male,13.8,44.4,88.2,28.1,32.2,4.7,5.8,281.8,98.4,178.3,398.5,6.8,1
10,Female,12.3,42.3,91.4,30.8,35.2,5.4,4.5,240.6,100.9,160.0,400.7,9.7,0
25,Male,13.9,44.4,88.4,28.3,32.3,4.7,7.4,150.0,98.4,178.3,398.5,6.6,1
16,Female,13.8,42.4,89.2,31.0,35.4,5.63,6.5,241.6,98.7,159.6,400.9,9.0,1
19,Male,13.9,44.5,88.4,28.4,32.1,4.7,6.4,254.0,98.3,178.1,398.2,6.7,1
82,Male,16.2,47.4,90.6,30.5,35.5,6.1,4.9,173.2,100.3,180.8,400.7,8.9,0
48,Male,16.0,46.7,90.3,30.7,34.2,6.1,6.3,259.1,101.3,180.3,400.3,9.5,0
15,Male,14.1,44.7,89.3,30.8,33.3,5.14,8.7,221.2,100.3,179.2,401.1,7.0,0
14,Female,12.2,40.3,88.1,28.4,32.2,4.2,8.6,224.3,98.1,157.2,398.1,6.9,1
16,Male,16.8,46.2,90.1,30.9,34.8,5.8,8.4,238.7,100.6,181.1,400.7,8.7,0
13,Female,12.0,40.2,88.2,28.1,32.2,4.2,6.8,167.0,98.1,157.1,398.2,6.9,1
17,Male,13.5,44.2,88.5,28.3,32.5,4.7,6.2,249.5,98.3,178.4,398.4,6.5,1
51,Male,13.6,44.2,88.2,28.4,32.1,4.7,8.0,242.9,98.4,178.2,398.3,6.9,1
18,Male,14.0,44.0,88.2,28.3,32.1,4.7,8.4,180.2,98.4,178.3,398.0,6.9,1
3,Female,13.5,43.0,90.6,30.4,34.1,5.05,7.8,245.8,100.1,159.9,401.4,9.9,0
12,Male,16.0,46.1,90.6,30.5,35.0,6.1,5.1,220.4,101.5,180.7,401.0,8.7,0
70,Male,13.5,44.1,88.4,28.0,32.0,4.7,7.7,257.2,98.4,178.1,398.2,6.8,1
5,Female,13.7,42.0,91.1,29.9,35.3,5.53,9.8,263.1,99.2,160.1,399.3,8.8,0
56,Male,13.9,44.3,88.2,28.1,32.1,4.7,9.9,186.6,98.3,178.2,398.1,6.5,1
71,Female,13.1,42.6,91.1,30.4,35.4,4.04,4.9,193.0,100.1,159.6,399.1,9.5,0
58,Male,13.9,44.2,88.2,28.0,32.4,4.7,6.1,150.0,98.4,178.2,398.2,6.5,1
71,Female,15.2,42.6,90.2,31.0,35.2,5.22,6.1,291.2,101.0,159.2,400.6,9.3,0
88,Female,13.4,43.4,91.3,31.4,35.1,5.58,6.9,235.1,101.4,157.8,400.7,9.2,1
85,Male,16.5,46.0,91.0,30.8,34.3,6.1,5.4,202.4,100.7,181.0,401.4,8.7,0
20,Female,12.1,40.1,88.4,28.1,32.4,4.2,4.5,267.9,98.5,157.4,398.2,6.9,1
15,Male,16.8,46.5,90.8,30.7,34.7,6.1,8.4,177.4,100.6,180.1,400.7,9.7,0
54,Female,14.7,43.0,91.1,30.3,35.5,5.07,7.4,215.7,101.4,159.8,400.9,9.3,0
19,Male,13.9,44.5,88.3,28.4,32.2,4.7,8.6,274.5,98.4,178.4,398.3,6.7,1
41,Male,16.8,47.3,91.0,31.1,34.8,5.98,8.1,262.8,100.6,180.5,400.6,9.2,0
79,Male,16.1,47.5,90.1,31.0,35.3,6.1,9.6,278.9,100.6,180.1,401.4,9.1,0
14,Male,13.9,44.4,88.4,28.0,32.1,4.7,9.3,261.2,98.0,178.3,398.2,6.9,1
8,Male,12.3,46.1,89.0,30.1,34.4,5.37,4.8,239.6,100.2,180.1,401.3,8.1,1
25,Male,13.9,44.1,88.1,28.0,32.4,4.7,7.1,198.0,98.1,178.2,398.4,6.6,1
4,Male,13.2,47.5,91.3,30.0,35.3,6.1,6.7,324.5,100.6,180.5,400.1,8.8,0
48,Male,13.8,44.1,88.3,28.4,32.4,4.7,6.0,364.6,98.3,178.2,398.0,6.9,1
10,Male,13.5,46.1,91.2,31.3,34.3,6.05,7.8,208.3,100.8,181.0,400.3,8.8,0
38,Female,12.2,40.3,88.4,28.2,32.1,4.2,5.3,238.3,98.4,157.1,398.2,6.6,1
18,Male,13.9,44.1,88.5,28.0,32.1,4.7,6.9,310.6,98.2,178.0,398.3,6.8,1
20,Female,14.8,42.7,90.3,30.2,34.2,4.83,5.4,257.7,101.3,160.5,400.7,9.2,0
2,Male,11.0,44.0,88.0,28.1,32.1,4.7,6.0,280.8,98.1,178.3,398.4,6.7,1
1,Female,11.0,40.1,88.3,28.0,32.3,4.2,6.1,241.5,98.0,157.4,398.4,6.7,1
17,Female,15.0,42.8,90.4,30.5,34.1,4.87,6.1,266.9,100.7,160.3,400.6,9.0,0
68,Male,16.6,46.3,91.0,31.4,34.7,6.1,6.6,230.0,100.9,180.4,401.4,9.1,0
41,Female,13.8,43.3,91.3,30.9,34.4,4.84,5.3,224.7,100.4,160.0,401.4,8.8,0
3,Male,12.5,47.0,90.3,31.0,34.3,5.58,8.5,295.9,100.8,180.2,400.1,8.5,0
54,Male,13.6,44.2,88.3,28.3,32.3,4.7,7.7,262.4,98.1,178.0,398.5,6.6,1
69,Male,16.9,46.6,90.3,30.4,34.4,6.1,7.2,156.9,101.0,181.2,401.1,8.8,0
14,Female,12.0,40.1,88.1,28.3,32.5,4.2,7.6,353.3,98.2,157.2,398.3,6.8,1
69,Female,14.3,42.5,91.5,30.1,34.4,5.4,9.5,165.1,100.1,160.4,400.2,8.8,0
8,Female,13.5,42.3,90.0,30.7,35.5,5.4,4.8,246.3,101.0,159.9,400.4,8.6,0
71,Male,13.5,44.2,88.2,28.4,32.2,4.7,6.7,326.6,98.1,178.4,398.4,6.9,1
85,Male,13.7,44.2,88.4,28.0,32.3,4.7,8.3,219.8,98.3,178.3,398.1,6.8,1
19,Female,14.8,42.4,91.1,30.7,35.3,5.22,7.8,227.2,100.5,159.6,401.2,9.5,0
16,Female,14.2,43.4,88.5,30.5,33.9,4.53,8.6,202.9,98.8,158.2,399.5,7.6,0
5,Female,11.0,40.1,88.4,28.1,32.1,4.2,6.6,189.2,98.1,157.4,398.4,6.7,1
10,Male,11.0,44.4,88.3,28.1,32.2,4.7,7.7,209.0,98.4,178.1,398.2,7.0,1
18,Male,15.2,47.3,91.4,30.9,33.4,4.39,4.5,153.1,101.0,178.6,398.8,8.0,1
86,Male,13.7,44.4,88.1,28.1,32.1,4.7,4.5,172.4,98.1,178.1,398.5,6.9,1
18,Male,13.6,44.3,88.4,28.1,32.1,4.7,8.2,243.5,98.0,178.3,398.4,6.9,1
9,Male,12.7,46.5,91.0,31.1,35.2,6.1,7.0,205.1,100.1,180.8,400.7,9.8,0
18,Female,12.0,40.0,88.4,28.4,32.1,4.2,6.5,275.7,98.3,157.2,398.3,6.9,1
7,Female,11.0,40.2,88.1,28.1,32.5,4.2,7.0,286.6,98.5,157.1,398.2,6.6,1
75,Female,12.1,40.3,88.0,28.1,32.4,4.2,7.8,323.0,98.4,157.1,398.4,6.7,1
72,Male,15.9,44.8,90.0,29.7,34.3,5.88,10.2,215.1,99.4,178.6,398.7,9.6,0
60,Female,12.0,40.2,88.2,28.3,32.0,4.2,6.4,208.9,98.0,157.2,398.4,6.9,1
75,Female,12.0,40.3,88.3,28.4,32.4,4.2,7.4,249.1,98.1,157.3,398.3,7.0,1
72,Male,14.9,46.9,89.7,28.9,34.3,5.54,6.7,194.4,101.5,180.8,399.4,9.9,1
4,Male,13.5,46.4,90.3,30.8,34.4,5.41,7.2,359.8,100.7,181.5,400.9,9.8,0
50,Male,16.5,46.4,90.4,31.1,34.8,6.1,8.0,173.6,100.7,180.9,400.4,9.6,0
8,Male,12.7,47.4,90.2,31.4,34.5,6.1,8.8,268.5,101.5,180.4,401.4,9.1,0
34,Male,15.6,46.3,90.6,30.2,34.3,6.07,6.4,150.0,100.6,181.0,401.4,8.7,0
11,Male,13.2,46.1,88.6,30.0,34.4,4.34,4.8,211.9,100.0,179.9,401.1,9.7,1
36,Male,16.6,46.0,90.7,30.9,35.0,6.1,4.8,265.5,101.4,181.0,400.4,9.0,0
68,Male,13.7,44.5,88.4,28.1,32.2,4.7,6.2,221.1,98.1,178.3,398.0,6.8,1
5,Male,13.0,47.2,91.0,30.5,35.4,6.1,8.1,276.9,101.5,181.3,400.9,9.3,0
11,Female,11.0,40.5,88.4,28.2,32.4,4.2,5.4,290.6,98.1,157.4,398.4,6.8,1
26,Male,16.3,46.8,90.1,31.4,34.4,5.42,7.2,212.2,100.2,180.1,400.6,9.4,0
16,Female,14.8,42.0,90.0,30.7,34.8,5.21,8.3,392.3,100.5,160.0,401.4,9.2,0
81,Female,12.0,40.4,88.4,28.2,32.0,4.2,8.4,210.5,98.3,157.2,398.3,6.6,1
14,Male,16.4,46.1,91.3,30.4,33.7,5.5,7.3,271.4,100.4,179.2,399.6,7.2,1
24,Female,12.0,40.5,88.1,28.4,32.4,4.2,5.4,266.7,98.4,157.3,398.3,6.8,1
51,Male,15.7,46.1,88.9,30.2,33.6,4.67,7.6,206.4,100.7,181.0,401.0,10.0,1
4,Female,13.5,43.3,91.0,30.3,35.1,5.4,4.5,259.2,100.9,160.0,400.3,9.6,0
17,Female,12.2,40.0,88.4,28.2,32.3,4.2,9.7,214.0,98.1,157.2,398.4,6.6,1
18,Female,14.2,42.2,90.1,30.2,35.3,4.82,8.6,287.5,100.9,160.1,401.0,9.2,0
16,Female,14.6,42.5,90.0,31.3,34.9,5.06,6.4,279.5,100.3,160.3,400.3,9.8,0
51,Male,16.1,47.1,91.4,31.5,34.6,6.1,5.1,286.7,100.8,180.2,401.3,9.0,0
14,Female,12.0,40.2,88.3,28.3,32.5,4.2,7.7,269.5,98.3,157.4,398.2,6.5,1
23,Female,14.2,42.0,90.6,30.2,35.1,5.4,5.4,301.9,100.2,159.2,400.3,8.7,0
54,Female,15.2,43.2,90.3,30.7,34.2,4.9,7.8,262.6,101.5,159.4,400.3,9.3,0
30,Male,16.7,46.3,90.7,30.1,35.1,6.1,6.0,309.9,101.0,180.0,401.4,9.3,0
19,Male,16.7,46.9,91.2,30.3,34.1,6.1,6.8,240.8,101.0,180.6,401.3,8.9,0
51,Female,12.0,40.3,88.2,28.3,32.0,4.2,9.3,242.0,98.3,157.4,398.3,6.7,1
61,Female,13.7,42.1,90.8,29.9,33.2,5.49,7.6,300.2,100.9,157.6,400.0,8.2,0
83,Male,15.9,46.5,91.0,30.2,34.9,6.1,6.7,218.5,100.9,180.8,400.1,9.7,0
0,Female,11.0,40.2,88.5,28.4,32.1,4.2,7.0,253.9,98.1,157.5,398.1,6.8,1
32,Male,14.0,44.3,88.5,28.4,32.1,4.7,6.8,247.6,98.2,178.1,398.0,6.7,1
25,Female,12.0,40.5,88.0,28.3,32.5,4.2,9.0,271.0,98.0,157.1,398.4,6.8,1
18,Female,12.0,40.4,88.1,28.3,32.3,4.2,7.0,167.9,98.3,157.5,398.1,6.7,1
19,Female,12.0,40.2,88.5,28.0,32.0,4.2,8.5,321.0,98.4,157.5,398.4,6.9,1
0,Female,12.6,42.0,91.0,30.9,35.2,4.86,6.7,276.6,101.4,159.2,401.1,9.4,0
14,Male,13.6,44.2,88.2,28.1,32.4,4.7,5.9,230.3,98.0,178.5,398.5,6.9,1
84,Female,14.5,40.9,91.3,30.3,35.1,4.57,5.9,295.3,100.2,160.0,399.5,8.3,0
26,Male,16.6,47.4,91.1,31.2,35.1,6.1,8.3,242.0,101.0,180.6,400.1,8.9,0
16,Male,16.3,46.9,90.1,30.7,34.3,5.71,8.0,262.8,100.6,180.3,401.0,9.8,0
78,Male,13.5,44.3,88.2,28.0,32.4,4.7,6.8,192.3,98.2,178.1,398.3,6.8,1
50,Male,15.8,46.4,91.5,31.5,35.2,6.1,7.7,251.0,101.0,181.4,400.5,9.0,0
75,Male,15.8,45.9,89.9,29.4,32.8,6.75,4.5,266.4,99.5,180.3,400.6,8.9,1
89,Male,16.0,47.0,90.6,31.2,35.1,5.87,6.9,345.0,100.5,180.6,401.3,9.0,0
19,Male,13.7,44.1,88.3,28.3,32.2,4.7,7.4,306.5,98.3,178.1,398.4,6.7,1
62,Male,15.5,46.7,90.4,31.4,34.1,6.09,8.1,332.8,100.4,180.6,400.1,9.7,0
60,Female,14.8,43.0,91.3,30.4,34.7,5.4,5.9,257.2,100.3,159.4,401.5,8.8,0
60,Male,14.0,44.2,88.3,28.0,32.2,4.7,6.2,249.6,98.4,178.1,398.0,6.9,1
79,Female,14.1,42.7,90.6,31.2,35.2,5.3,7.6,247.9,101.2,159.3,400.4,8.6,0
63,Male,13.5,44.1,88.4,28.0,32.2,4.7,8.0,397.3,98.5,178.4,398.5,6.8,1
79,Male,16.8,46.1,91.2,30.6,35.0,5.96,5.4,292.5,100.0,181.4,400.0,9.7,0
73,Female,12.0,40.1,88.1,28.0,32.2,4.2,8.5,231.6,98.2,157.2,398.3,6.7,1
25,Female,14.1,42.4,90.8,30.4,35.2,5.32,7.6,257.4,100.9,159.4,401.2,8.5,0
29,Male,13.9,44.4,88.4,28.4,32.2,4.7,7.2,282.1,98.3,178.1,398.3,7.0,1
42,Male,15.3,45.1,88.7,29.8,35.1,5.94,7.0,170.3,99.2,178.9,400.8,8.3,1
68,Male,16.0,46.2,90.6,30.9,32.6,5.69,9.3,276.3,101.2,179.2,401.2,9.3,1
0,Female,11.0,40.7,88.8,31.4,35.5,3.65,7.4,219.6,101.0,159.8,398.5,8.3,0
58,Male,15.6,47.2,90.6,30.2,34.3,6.1,6.2,252.6,100.7,181.2,401.1,9.2,0
82,Female,14.2,42.6,90.3,31.0,35.0,4.9,8.7,314.3,100.1,159.8,400.9,9.1,0
15,Male,13.9,44.5,88.0,28.1,32.4,4.7,6.1,223.2,98.2,178.0,398.4,6.8,1
14,Female,15.0,41.9,89.8,30.8,35.0,4.09,6.6,303.5,99.2,160.5,399.2,9.4,0
5,Female,12.3,42.4,91.2,30.8,34.6,5.4,7.3,211.6,100.5,159.1,400.3,9.4,0
1,Female,11.0,40.1,88.3,28.2,32.2,4.2,5.6,244.9,98.1,157.2,398.2,6.9,1
66,Male,16.6,46.4,91.4,31.0,34.6,6.1,5.6,238.2,101.1,181.2,401.1,8.8,0
21,Male,14.2,44.6,91.0,28.9,32.9,5.51,9.6,202.1,99.1,181.0,399.2,8.3,0
16,Female,12.0,40.4,88.4,28.4,32.1,4.2,7.3,249.9,98.2,157.1,398.0,6.8,1
44,Male,16.2,47.5,90.1,31.1,34.9,6.1,7.5,282.3,100.4,181.4,400.6,9.7,0
56,Male,13.8,44.0,88.4,28.3,32.3,4.7,4.5,247.9,98.4,178.4,398.1,7.0,1
43,Female,14.9,42.0,91.3,30.9,34.4,5.32,6.5,182.7,100.5,159.8,401.2,10.0,0
45,Female,15.1,42.3,91.0,31.2,35.2,5.05,5.7,253.7,101.2,159.7,400.2,9.6,0
77,Male,13.9,44.1,88.0,28.0,32.5,4.7,6.0,293.2,98.2,178.2,398.4,7.0,1
10,Male,11.0,44.3,88.2,28.4,32.4,4.7,7.3,254.9,98.3,178.3,398.4,6.8,1
7,Female,13.5,42.1,90.8,30.1,34.2,5.4,8.1,209.1,100.8,159.3,400.7,8.5,0
8,Male,11.0,44.2,88.2,28.4,32.1,4.7,6.5,271.1,98.1,178.3,398.4,6.6,1
14,Male,15.6,47.1,90.0,30.4,35.3,6.1,8.8,248.8,100.9,181.0,401.5,8.8,0
27,Female,15.2,42.9,91.2,30.2,35.2,5.4,6.7,176.3,101.4,160.0,400.7,8.7,0
11,Male,12.4,46.7,90.2,30.5,35.1,6.1,4.9,169.3,100.7,181.2,401.3,9.9,0
16,Male,16.2,47.2,90.2,31.3,35.3,6.1,5.0,225.7,100.6,180.5,400.3,9.4,0
11,Female,11.0,40.5,88.3,28.3,32.3,4.2,7.0,277.4,98.0,157.5,398.3,6.8,1
70,Male,13.9,44.3,88.2,28.4,32.4,4.7,5.2,193.5,98.1,178.5,398.3,6.8,1
53,Male,13.9,44.4,88.3,28.2,32.4,4.7,8.4,259.6,98.3,178.2,398.3,6.8,1
15,Female,12.1,40.1,88.4,28.1,32.1,4.2,8.7,205.2,98.1,157.4,398.0,6.7,1
82,Male,16.1,47.0,91.2,30.5,35.4,6.1,9.8,173.3,100.4,180.4,401.0,9.4,0
39,Female,14.4,42.9,91.2,31.3,35.4,5.4,7.7,252.1,101.4,159.7,401.0,9.7,0
65,Female,12.0,40.3,88.1,28.2,32.2,4.2,8.3,150.0,98.2,157.5,398.4,6.5,1
9,Male,12.9,46.4,90.2,31.0,34.8,5.7,8.3,165.3,100.1,180.2,400.1,9.7,0
64,Male,15.8,46.5,90.1,30.4,35.0,6.1,6.7,230.4,100.9,180.5,400.6,9.6,0
16,Female,13.9,42.3,90.8,30.8,34.9,5.4,9.1,248.9,101.4,159.4,400.2,9.1,0
62,Male,15.8,46.4,90.6,30.5,34.5,5.65,9.3,242.1,101.3,181.2,400.6,9.6,0
15,Female,12.1,40.5,88.0,28.0,32.4,4.2,4.5,242.4,98.3,157.1,398.3,6.7,1
16,Female,12.2,40.4,88.1,28.0,32.3,4.2,7.3,244.0,98.0,157.4,398.3,6.6,1
82,Female,12.0,40.3,88.3,28.3,32.2,4.2,10.2,306.0,98.2,157.1,398.1,6.8,1
18,Female,12.0,40.3,88.2,28.3,32.2,4.2,7.1,281.3,98.2,157.4,398.0,6.6,1
15,Female,14.3,42.8,91.2,30.3,33.3,4.83,5.3,274.5,99.8,158.5,400.4,7.3,0
85,Male,16.7,47.2,90.1,30.1,34.5,5.45,4.5,250.5,100.8,180.4,400.7,9.0,0
86,Male,16.5,46.6,89.6,29.1,34.6,4.99,7.0,234.9,98.9,181.0,398.8,9.8,1
29,Female,12.0,40.2,88.5,28.3,32.4,4.2,8.3,182.5,98.0,157.1,398.1,6.8,1
27,Male,14.0,44.3,88.4,28.3,32.3,4.7,6.4,197.2,98.3,178.0,398.3,6.5,1
12,Male,15.9,47.1,91.2,31.2,34.8,6.1,7.6,224.6,100.4,180.7,400.4,8.7,0
67,Female,12.8,41.6,89.3,29.5,32.7,3.76,11.0,362.2,98.8,159.3,401.4,8.2,0
12,Female,12.4,41.5,89.2,28.8,35.0,5.05,8.4,289.7,99.0,158.3,398.7,9.7,0
13,Female,14.9,43.0,91.0,30.8,34.7,5.4,6.0,237.2,101.1,159.3,400.8,8.6,0
17,Male,15.7,46.9,91.1,31.3,35.4,5.7,5.4,210.8,100.5,181.4,400.9,9.6,0
8,Female,11.0,40.1,88.3,28.3,32.1,4.2,4.7,280.0,98.2,157.5,398.1,6.6,1
50,Male,14.0,44.2,88.1,28.3,32.0,4.7,7.2,239.6,98.1,178.3,398.1,6.8,1
83,Female,15.2,43.5,91.0,31.1,35.2,5.4,5.3,325.3,100.9,160.3,400.5,8.5,0
17,Female,14.2,43.4,90.9,30.5,34.6,5.32,6.3,152.3,100.5,159.0,400.9,8.7,0
3,Female,11.0,40.4,88.4,28.1,32.1,4.2,6.8,211.2,98.2,157.0,398.5,6.7,1
15,Female,14.5,42.9,90.3,31.2,34.7,5.4,8.7,304.4,100.9,160.5,400.6,9.1,0
18,Female,15.0,43.2,90.1,30.7,34.6,5.4,4.5,251.0,101.1,159.7,400.4,9.8,0
90,Male,16.1,47.2,89.5,28.9,34.6,4.96,8.0,171.7,98.9,180.3,401.1,9.1,0
14,Male,13.8,44.2,88.4,28.5,32.1,4.7,8.0,212.9,98.4,178.2,398.1,6.9,1
8,Female,13.5,43.2,90.8,30.8,35.1,5.31,6.9,330.2,101.0,160.4,400.7,9.1,0
78,Male,16.4,46.9,90.0,30.1,34.2,5.6,6.5,167.0,100.6,181.3,400.9,9.8,0
18,Female,14.9,42.1,91.3,28.9,35.5,3.91,7.2,206.5,100.5,158.6,400.6,9.8,0
17,Female,12.0,40.4,88.2,28.3,32.2,4.2,6.7,295.8,98.3,157.2,398.5,6.6,1
59,Male,13.7,44.1,88.3,28.2,32.3,4.7,8.1,204.7,98.5,178.5,398.4,6.5,1
35,Female,12.2,40.2,88.0,28.3,32.1,4.2,6.6,320.9,98.5,157.4,398.1,7.0,1
40,Male,16.4,47.3,91.1,30.2,34.9,6.1,7.8,286.3,101.0,181.0,401.2,9.5,0
19,Female,12.1,40.3,88.1,28.4,32.4,4.2,6.5,196.3,98.2,157.5,398.4,6.5,1
19,Female,12.0,40.0,88.4,28.4,32.4,4.2,6.7,228.5,98.2,157.3,398.5,6.9,1
2,Male,12.8,46.9,90.6,30.7,35.4,5.92,9.3,253.7,100.6,180.9,401.3,9.9,0
67,Male,16.4,45.2,91.5,30.3,33.5,6.86,7.9,295.2,99.4,178.8,400.8,9.8,1
27,Male,13.7,44.1,88.0,28.4,32.4,4.7,7.5,254.5,98.0,178.2,398.2,6.7,1
11,Male,13.1,46.3,90.6,31.0,35.1,5.4,5.8,206.5,100.1,180.2,401.5,9.0,0
9,Male,12.7,46.3,90.1,30.0,35.2,5.6,10.5,214.2,100.6,180.0,401.2,8.5,0
0,Male,11.0,44.4,88.4,28.5,32.1,4.7,6.1,199.1,98.1,178.4,398.5,6.5,1
68,Female,12.0,40.2,88.4,28.1,32.4,4.2,6.5,228.4,98.1,157.4,398.0,6.9,1
17,Female,12.0,40.5,88.3,28.1,32.2,4.2,7.1,304.5,98.1,157.1,398.2,6.5,1
17,Male,13.7,44.4,88.1,28.0,32.3,4.7,9.8,229.0,98.1,178.0,398.2,6.9,1
17,Female,12.0,40.4,88.2,28.1,32.4,4.2,8.2,239.1,98.5,157.2,398.0,6.5,1
37,Female,14.8,42.9,90.6,30.1,34.0,4.87,6.9,262.1,101.1,159.9,400.9,9.4,0
87,Female,12.0,40.0,88.1,28.4,32.4,4.2,7.3,304.6,98.2,157.2,398.3,7.0,1
16,Female,12.2,40.2,88.5,28.2,32.2,4.2,4.8,182.2,98.3,157.4,398.2,6.9,1
77,Male,13.9,44.4,88.3,28.4,32.1,4.7,8.2,242.7,98.3,178.3,398.3,6.9,1
54,Male,13.7,44.0,88.2,28.3,32.2,4.7,8.7,248.8,98.3,178.4,398.0,6.6,1
3,Female,11.0,40.0,88.5,28.5,32.0,4.2,5.7,155.6,98.3,157.2,398.2,6.6,1
11,Female,12.8,42.4,90.6,30.9,35.1,5.4,8.2,269.9,101.3,160.3,400.2,8.9,0
3,Male,11.0,44.1,88.0,28.1,32.1,4.7,4.8,218.4,98.2,178.4,398.0,6.7,1
3,Male,11.0,44.2,88.2,28.0,32.1,4.7,5.7,248.0,98.4,178.5,398.3,6.5,1
18,Male,15.5,45.5,88.8,28.7,33.1,6.0,8.1,265.4,101.2,180.8,398.6,7.3,0
44,Female,13.1,42.5,90.3,31.3,34.7,4.98,7.6,239.5,99.9,158.3,399.0,9.1,1
11,Female,12.3,42.5,91.3,30.5,34.4,5.4,7.1,209.1,100.5,159.6,401.2,9.5,0
9,Female,13.5,42.8,90.4,31.0,35.4,5.4,6.1,199.5,100.8,159.9,400.3,8.8,0
82,Male,13.7,44.0,88.5,28.5,32.4,4.7,5.7,180.6,98.4,178.3,398.4,6.7,1
47,Female,12.0,40.3,88.3,28.3,32.3,4.2,7.2,238.9,98.1,157.4,398.4,7.0,1
59,Male,17.0,46.2,90.7,31.0,34.1,6.1,8.7,315.3,100.8,180.4,400.9,9.1,0
11,Female,11.0,40.4,88.1,28.1,32.1,4.2,7.2,312.6,98.1,157.1,398.4,6.8,1
9,Female,12.4,42.3,91.1,30.5,34.0,5.11,6.4,222.4,100.1,158.1,401.5,8.6,0
72,Male,16.2,47.0,90.8,31.4,34.6,5.74,8.3,228.4,100.7,180.5,400.8,8.7,0
61,Female,12.0,40.2,88.1,28.1,32.0,4.2,7.8,165.4,98.3,157.3,398.0,6.8,1
0,Female,11.0,40.3,88.2,28.2,32.4,4.2,6.1,295.6,98.4,157.2,398.2,6.6,1
55,Female,14.6,43.4,90.7,30.1,34.9,5.29,6.8,325.8,101.1,160.4,400.5,10.0,0
6,Male,13.5,46.5,90.5,30.0,35.0,6.1,6.7,240.1,101.2,180.9,400.1,9.4,0
4,Female,11.0,40.3,88.4,28.0,32.3,4.2,8.3,150.0,98.4,157.0,398.1,6.8,1
8,Female,12.1,41.5,91.3,30.4,33.0,5.73,8.2,229.2,100.1,159.6,400.6,7.1,1
55,Female,12.2,40.5,88.0,28.5,32.2,4.2,5.3,270.5,98.1,157.1,398.1,6.7,1
9,Female,12.7,42.0,90.5,30.1,35.4,5.4,8.4,297.0,100.4,159.1,401.2,9.3,0
11,Female,12.8,43.4,90.2,31.1,35.0,5.4,7.2,261.5,100.5,159.5,400.6,8.5,0
3,Female,13.5,42.8,91.1,30.6,34.8,5.4,8.8,190.9,100.3,159.2,401.2,9.8,0
80,Female,12.2,40.2,88.4,28.4,32.2,4.2,8.5,231.5,98.3,157.0,398.2,6.9,1
71,Male,13.7,44.1,88.3,28.5,32.0,4.7,5.6,278.7,98.2,178.3,398.3,7.0,1
64,Male,16.4,46.2,90.4,30.3,34.3,6.1,5.1,262.4,101.5,180.6,400.1,8.7,0
68,Male,16.6,46.4,91.0,31.0,34.5,6.1,7.9,243.7,100.5,180.3,400.5,9.5,0
11,Male,11.0,44.1,88.2,28.3,32.4,4.7,8.4,203.7,98.3,178.4,398.1,6.9,1
47,Male,13.6,44.1,88.2,28.5,32.1,4.7,6.8,300.0,98.3,178.4,398.4,6.9,1
11,Male,11.9,47.2,91.4,30.7,33.3,5.76,7.7,172.1,99.7,180.8,401.2,7.0,1
84,Male,16.1,46.0,90.0,31.3,35.1,5.56,6.7,259.0,100.5,181.2,400.8,9.9,0
16,Male,14.0,44.4,88.3,28.1,32.4,4.7,7.5,216.2,98.1,178.2,398.3,6.7,1
62,Male,13.7,44.1,88.4,28.1,32.3,4.7,5.3,276.2,98.3,178.2,398.0,6.8,1
8,Male,12.4,46.2,90.2,30.6,35.2,5.61,7.5,205.1,100.3,180.1,400.3,9.9,0
8,Male,13.1,46.1,91.4,31.1,35.0,6.1,7.4,253.9,101.1,181.4,400.8,8.7,0
14,Male,15.5,47.4,90.9,30.5,34.4,5.41,6.2,230.6,100.9,180.2,400.8,9.4,0
9,Female,11.0,40.1,88.4,28.3,32.2,4.2,6.5,233.8,98.3,157.1,398.2,6.6,1
15,Female,14.6,42.0,90.6,31.2,34.7,5.4,8.9,283.8,101.2,160.0,401.1,9.5,0
15,Female,12.2,40.0,88.2,28.1,32.4,4.2,8.4,190.9,98.1,157.2,398.0,6.7,1
6,Male,11.0,44.1,88.1,28.2,32.5,4.7,8.9,271.6,98.0,178.1,398.1,6.8,1
16,Female,14.7,43.3,90.9,30.8,35.1,5.4,7.1,243.4,100.6,160.4,401.5,9.2,0
43,Female,12.0,40.5,88.5,28.5,32.3,4.2,5.1,343.5,98.2,157.0,398.4,6.9,1
62,Female,14.0,42.4,90.7,30.8,34.8,5.12,7.3,271.3,100.4,159.4,401.3,9.1,0
74,Male,16.4,47.5,90.5,31.4,34.2,6.1,8.7,273.7,100.0,180.1,400.1,9.4,0
72,Female,12.0,40.0,88.1,28.2,32.1,4.2,4.7,305.9,98.4,157.1,398.5,6.7,1
5,Male,11.0,44.4,88.4,28.0,32.5,4.7,7.5,318.1,98.2,178.1,398.0,6.8,1
47,Female,15.2,43.5,91.2,30.7,34.8,5.28,7.8,285.3,101.2,159.2,400.6,9.3,0
74,Female,12.0,40.4,88.5,28.3,32.2,4.2,7.5,174.6,98.3,157.2,398.0,6.8,1
36,Male,13.7,44.2,88.0,28.0,32.4,4.7,7.2,228.7,98.3,178.1,398.2,6.8,1
66,Female,12.1,40.0,88.3,28.3,32.3,4.2,6.9,250.6,98.3,157.2,398.0,6.6,1
25,Male,13.9,44.3,88.3,28.3,32.5,4.7,6.1,305.1,98.1,178.2,398.4,6.8,1
18,Male,13.8,44.2,88.1,28.0,32.5,4.7,8.1,175.3,98.4,178.4,398.4,7.0,1
18,Male,15.5,46.7,90.1,30.3,33.6,4.09,9.4,321.2,99.4,180.4,400.4,8.1,1
72,Female,12.0,40.2,88.3,28.1,32.2,4.2,7.6,233.8,98.0,157.2,398.5,6.9,1
16,Female,14.3,43.0,90.1,30.4,34.5,5.4,4.8,244.1,100.8,160.4,400.0,9.5,0
86,Male,16.0,46.9,91.2,30.8,34.9,6.1,10.5,280.5,100.8,181.3,400.4,8.9,0
17,Female,13.1,41.2,91.3,31.4,33.4,3.32,8.0,159.3,101.0,158.8,400.0,7.4,1
87,Male,13.5,44.4,88.2,28.3,32.2,4.7,6.1,221.1,98.1,178.1,398.4,6.8,1
84,Male,13.6,44.2,88.5,28.1,32.3,4.7,8.2,276.1,98.2,178.1,398.4,6.5,1
57,Female,14.0,42.3,90.2,30.4,34.5,5.4,6.1,265.6,101.5,160.1,400.2,8.7,0
4,Male,11.0,44.3,88.2,28.2,32.1,4.7,7.0,250.6,98.0,178.3,398.3,6.8,1
64,Female,12.5,41.0,89.3,28.7,34.9,4.9,9.9,315.5,100.6,159.8,401.4,9.5,0
4,Male,12.9,46.9,90.1,31.3,35.2,6.1,6.9,272.6,101.5,181.0,401.0,8.7,0
18,Female,13.8,43.4,90.3,30.2,35.4,5.4,6.4,262.4,101.2,159.9,401.1,10.0,0
1,Male,11.0,44.2,88.5,28.1,32.3,4.7,7.4,198.6,98.2,178.2,398.1,6.8,1
85,Female,14.7,43.2,90.4,31.1,34.2,5.4,7.2,200.1,100.1,159.3,400.3,9.2,0
7,Male,11.0,44.3,88.4,28.3,32.1,4.7,6.0,210.5,98.1,178.0,398.4,6.6,1
18,Female,12.1,40.1,88.1,28.3,32.0,4.2,8.4,228.6,98.3,157.3,398.2,6.6,1
89,Female,12.0,40.1,88.1,28.4,32.5,4.2,8.0,248.9,98.4,157.1,398.0,7.0,1
23,Female,14.7,43.0,90.3,30.4,34.7,5.4,7.0,237.4,100.9,159.8,400.9,9.3,0
14,Female,14.5,42.1,90.0,30.3,34.6,4.87,8.1,233.4,100.1,160.4,401.3,9.7,0
2,Male,13.1,46.4,90.6,30.1,34.2,6.1,6.0,251.7,101.5,180.3,400.5,9.0,0
7,Male,11.0,44.5,88.1,28.2,32.2,4.7,4.8,252.4,98.1,178.4,398.4,6.9,1
62,Female,15.1,42.9,90.2,30.1,34.7,5.4,8.9,341.4,100.1,159.6,400.8,9.4,0
7,Male,11.0,44.2,88.3,28.1,32.2,4.7,7.5,269.0,98.0,178.2,398.3,6.9,1
15,Male,13.9,44.1,88.1,28.4,32.4,4.7,8.6,253.5,98.1,178.5,398.1,6.6,1
3,Female,13.5,43.2,91.3,30.0,34.2,5.4,5.5,232.1,100.2,159.5,401.1,8.5,0
14,Female,14.9,42.4,91.4,30.8,35.3,5.4,7.2,321.2,100.7,159.2,401.1,8.7,0
36,Male,13.6,44.4,88.3,28.5,32.1,4.7,8.5,252.0,98.0,178.4,398.3,6.8,1
6,Female,12.7,42.1,90.5,31.2,35.3,5.4,4.8,179.6,100.6,159.6,401.0,9.0,0
83,Female,14.8,43.2,90.1,31.3,34.6,5.4,7.9,346.0,100.1,160.0,400.9,9.6,0
11,Male,13.5,45.3,90.7,29.2,33.5,5.74,6.3,220.5,99.9,178.9,398.9,9.0,1
18,Female,12.0,40.4,88.4,28.2,32.1,4.2,7.2,249.7,98.1,157.1,398.0,6.7,1
17,Male,16.3,46.3,91.3,30.1,34.7,6.1,4.7,292.0,100.6,181.1,401.5,9.8,0
14,Male,13.8,44.3,88.3,28.2,32.2,4.7,9.3,288.4,98.1,178.5,398.0,6.8,1
73,Male,13.9,44.2,88.2,28.1,32.4,4.7,6.1,268.3,98.2,178.1,398.3,6.9,1
68,Female,12.7,41.0,89.9,31.1,32.9,4.81,5.8,185.6,99.0,158.4,399.7,7.5,0
16,Female,13.9,41.2,90.5,30.9,34.9,4.1,4.5,192.1,98.8,159.9,399.5,8.3,0
84,Male,13.9,44.4,88.4,28.5,32.2,4.7,9.1,222.5,98.3,178.4,398.1,6.9,1
40,Female,14.4,43.0,90.9,30.3,35.1,5.4,7.3,249.8,100.6,159.7,401.0,8.8,0
1,Male,13.5,46.7,90.1,30.8,34.6,6.1,7.8,226.1,100.8,180.1,401.5,9.3,0
81,Male,13.5,44.2,88.2,28.1,32.1,4.7,7.9,298.6,98.5,178.2,398.4,6.9,1
63,Male,13.7,44.3,88.0,28.5,32.2,4.7,10.1,271.8,98.4,178.1,398.3,6.9,1
5,Male,13.4,45.1,91.5,30.9,35.2,4.69,6.4,299.3,99.8,180.4,401.4,8.6,1
17,Male,13.5,44.2,88.2,28.2,32.2,4.7,10.7,270.8,98.2,178.5,398.2,6.9,1
13,Male,15.6,46.6,90.1,31.3,34.3,5.89,7.6,278.6,100.3,180.1,401.1,9.1,0
48,Female,12.2,40.3,88.4,28.3,32.1,4.2,8.0,248.8,98.1,157.3,398.4,6.5,1
32,Female,12.5,41.4,88.7,30.2,33.8,6.2,5.4,202.5,99.6,158.9,400.3,8.1,0
3,Female,11.0,40.5,88.4,28.2,32.3,4.2,9.6,318.2,98.5,157.4,398.5,6.9,1
69,Male,15.8,46.5,90.7,31.3,35.2,6.1,8.0,172.2,100.4,180.2,401.0,8.7,0
16,Male,13.6,44.1,88.1,28.4,32.5,4.7,6.6,226.6,98.3,178.3,398.2,6.9,1
74,Male,16.9,47.5,90.5,30.2,35.0,5.44,4.5,243.2,100.7,180.0,400.1,8.5,0
58,Male,16.3,46.2,90.6,30.9,35.1,6.1,6.2,334.7,101.1,180.2,400.2,8.7,0
18,Male,16.4,47.1,90.8,31.2,35.1,6.1,7.4,237.2,101.4,180.2,400.7,8.9,0
2,Male,12.7,47.2,90.7,30.1,34.1,5.9,8.0,297.8,101.2,180.8,400.7,8.7,0
72,Female,12.1,40.1,88.5,28.2,32.2,4.2,6.3,278.1,98.2,157.1,398.0,6.7,1
14,Female,15.2,43.3,91.1,31.5,34.1,5.4,4.5,321.3,100.7,160.4,400.8,8.6,0
71,Male,13.8,44.1,88.4,28.0,32.3,4.7,8.1,273.0,98.1,178.4,398.2,6.7,1
15,Male,13.7,44.4,88.3,28.5,32.1,4.7,5.6,238.2,98.1,178.2,398.4,6.6,1
65,Male,14.4,45.2,89.5,28.8,35.1,5.16,4.5,176.2,99.9,179.1,400.7,9.6,1
80,Male,13.9,44.2,88.3,28.1,32.4,4.7,7.3,184.3,98.4,178.5,398.1,7.0,1
3,Male,12.9,46.3,91.5,31.0,35.4,5.86,8.0,286.7,101.0,181.4,400.6,8.7,0
18,Male,15.8,46.0,90.2,30.5,34.2,6.1,5.9,230.3,100.3,180.9,400.1,9.8,0
29,Male,16.2,47.3,91.2,30.6,35.3,5.47,6.0,281.5,100.4,180.7,400.7,9.3,0
10,Female,12.5,42.6,91.2,30.2,34.2,5.14,4.6,266.9,100.8,159.5,400.8,8.9,0
56,Female,14.6,43.0,90.3,30.2,34.1,5.4,9.5,256.2,100.9,159.3,401.0,9.5,0
48,Female,12.0,40.2,88.4,28.0,32.3,4.2,7.1,246.4,98.1,157.2,398.5,6.9,1
80,Female,13.9,43.0,90.6,30.4,35.3,5.08,9.2,253.7,101.3,160.2,401.3,8.7,0
78,Female,14.3,43.0,90.3,30.3,34.6,4.89,4.9,237.3,100.7,159.1,400.6,8.6,0
35,Female,14.8,43.2,91.0,30.1,34.4,5.4,6.8,173.8,100.5,159.1,400.3,8.9,0
16,Female,12.2,40.2,88.3,28.3,32.3,4.2,5.2,280.2,98.2,157.3,398.1,6.9,1
13,Male,13.6,44.1,88.0,28.1,32.4,4.7,9.3,222.9,98.2,178.4,398.1,6.6,1
71,Female,12.1,40.1,88.1,28.1,32.4,4.2,4.5,202.7,98.5,157.4,398.3,6.8,1
18,Male,16.0,47.0,90.3,31.1,35.4,6.1,6.0,258.5,101.3,180.4,400.9,10.0,0
79,Male,16.7,45.3,89.5,28.6,35.1,6.5,6.3,223.4,100.1,179.1,399.1,8.2,1
32,Female,14.6,42.5,90.1,31.4,34.1,5.4,6.4,175.0,100.4,160.1,400.5,10.0,0
76,Male,15.4,44.8,91.1,30.9,33.8,6.3,5.7,282.1,99.0,180.8,400.2,8.3,1
12,Female,12.2,40.0,88.2,28.3,32.3,4.2,5.7,211.2,98.4,157.4,398.1,6.7,1
9,Male,12.8,46.2,91.4,31.3,34.4,6.1,7.3,315.4,100.8,180.4,400.1,9.8,0
12,Male,16.4,46.1,90.2,30.1,34.4,5.6,6.0,178.4,101.4,180.9,401.3,9.6,0
20,Male,14.9,47.2,91.4,28.7,35.0,5.7,6.8,281.9,100.6,178.8,399.4,8.4,0
28,Female,15.2,42.5,91.1,30.1,34.6,4.96,7.2,219.3,101.2,159.7,400.8,8.9,0
74,Male,16.4,46.4,90.7,30.3,35.3,6.1,5.4,283.2,101.5,180.8,400.4,9.5,0
17,Female,14.9,43.2,90.0,31.2,34.3,5.4,10.2,172.2,100.2,159.7,400.1,8.6,0
17,Female,14.3,42.2,90.2,30.8,34.3,5.4,6.3,300.7,101.2,159.8,400.2,9.4,0
25,Male,15.5,44.6,91.2,30.8,33.1,5.86,7.5,265.8,101.1,180.9,400.4,7.3,1
19,Female,12.1,40.2,88.4,28.5,32.3,4.2,9.7,295.0,98.4,157.3,398.1,6.7,1
8,Female,13.1,42.9,90.5,30.2,34.9,5.4,5.1,199.8,100.5,159.7,401.5,9.6,0
8,Male,11.0,44.4,88.5,28.2,32.4,4.7,6.6,169.1,98.2,178.3,398.3,6.5,1
5,Female,12.6,42.4,90.9,30.8,34.4,5.4,9.6,171.9,100.9,159.0,400.3,8.6,0
5,Female,11.0,40.3,88.3,28.1,32.4,4.2,8.1,201.5,98.1,157.2,398.2,6.9,1
16,Female,14.4,41.1,89.6,28.6,34.4,4.42,9.4,228.4,100.3,158.9,398.8,8.9,0
19,Female,12.0,40.0,88.5,28.4,32.3,4.2,7.6,255.1,98.4,157.1,398.4,6.9,1
9,Female,13.2,40.7,88.9,31.0,34.5,4.01,7.9,317.6,100.7,160.4,399.8,9.8,0
56,Female,14.9,42.5,90.1,31.0,35.1,4.98,7.4,251.5,100.5,159.5,401.4,8.7,0
79,Male,13.7,44.1,88.3,28.4,32.5,4.7,5.0,347.6,98.1,178.4,398.4,7.0,1
13,Female,14.6,42.1,90.3,30.9,32.8,5.9,7.2,268.4,100.8,157.9,400.1,7.7,1
9,Female,13.5,42.1,90.1,31.0,35.4,5.99,5.0,190.5,100.7,159.0,398.8,9.5,1
18,Male,16.4,44.8,88.8,31.1,34.6,4.8,4.5,179.1,100.0,179.6,401.4,8.0,1
88,Female,12.5,43.3,89.7,28.9,34.2,5.34,8.2,224.5,98.5,158.5,401.1,9.0,0
68,Female,15.2,43.5,90.6,30.3,34.7,5.4,4.5,224.5,101.1,160.0,401.5,9.3,0
17,Female,14.8,42.3,90.2,31.4,34.2,5.14,6.9,195.5,101.4,159.4,400.8,9.1,0
30,Male,14.2,45.9,90.7,29.5,34.9,4.35,6.4,240.5,100.2,180.3,399.8,9.8,0
37,Female,12.2,40.0,88.0,28.2,32.5,4.2,5.7,307.9,98.3,157.2,398.2,6.9,1
49,Male,16.9,46.1,91.3,30.8,34.9,5.85,7.1,301.4,101.5,181.1,400.3,9.1,0
74,Female,12.0,40.4,88.3,28.2,32.0,4.2,6.6,240.4,98.1,157.1,398.3,6.7,1
76,Male,13.9,44.5,88.3,28.1,32.0,4.7,8.3,246.8,98.3,178.1,398.3,6.5,1
3,Female,12.6,43.4,91.0,30.2,34.2,5.21,9.2,277.4,100.4,160.3,400.2,8.8,0
12,Female,15.2,42.7,90.6,31.0,34.6,4.86,5.5,298.9,100.1,159.0,401.4,8.9,0
20,Female,14.3,43.3,91.0,30.6,34.2,5.4,7.2,251.4,101.1,159.2,401.1,8.9,0
33,Male,13.6,44.3,88.3,28.3,32.5,4.7,7.7,202.0,98.2,178.4,398.4,6.6,1
9,Female,12.3,42.5,89.0,29.7,33.9,3.51,7.5,213.6,98.6,160.3,401.4,8.4,1
11,Male,12.8,46.1,91.1,31.4,35.5,6.1,9.4,290.1,100.4,180.9,400.7,9.2,0
34,Female,13.8,42.9,91.1,30.5,35.5,5.02,7.4,280.8,101.0,160.3,401.2,9.0,0
53,Female,14.0,42.1,91.1,30.9,32.8,5.16,6.4,273.0,100.5,159.5,398.8,8.2,1
72,Female,12.2,40.1,88.0,28.4,32.5,4.2,6.5,270.8,98.4,157.4,398.3,6.7,1
79,Male,16.7,47.1,91.2,30.2,35.0,5.8,4.9,181.5,100.2,180.1,400.6,10.0,0
14,Female,12.1,40.1,88.3,28.1,32.4,4.2,5.9,207.4,98.3,157.3,398.3,6.6,1
78,Female,15.2,43.0,91.2,31.4,34.3,5.33,6.0,272.3,100.1,159.5,400.1,8.8,0
19,Female,15.0,42.1,91.0,31.2,34.7,5.11,4.5,295.0,100.7,159.8,400.8,8.8,0
87,Female,12.0,40.5,88.0,28.4,32.3,4.2,7.1,168.7,98.0,157.3,398.0,6.5,1
71,Female,12.2,40.4,88.1,28.2,32.1,4.2,6.5,306.9,98.3,157.0,398.2,6.8,1
33,Female,12.0,40.0,88.3,28.0,32.2,4.2,5.4,221.4,98.1,157.0,398.4,7.0,1
13,Female,13.2,41.4,89.5,28.8,32.6,4.0,6.2,256.8,101.4,159.4,400.1,8.4,0
6,Female,11.0,40.4,88.2,28.2,32.1,4.2,8.5,150.0,98.0,157.4,398.3,6.9,1
54,Male,14.1,46.1,89.0,30.2,34.0,5.76,6.3,233.9,100.8,181.5,399.6,8.2,1
49,Male,15.6,47.2,90.2,30.3,34.9,5.8,8.6,330.8,100.2,181.0,401.4,8.7,0
6,Male,11.6,45.9,89.3,28.7,34.6,5.08,5.7,289.7,99.9,179.6,399.8,9.9,0
25,Female,12.1,40.1,88.3,28.1,32.1,4.2,7.6,278.2,98.0,157.5,398.1,6.9,1
84,Male,15.8,47.2,91.2,30.7,34.8,6.1,4.5,264.9,101.5,180.2,400.9,9.8,0
62,Male,16.0,47.3,90.5,30.1,34.5,6.1,5.4,277.0,100.2,181.0,401.0,9.0,0
14,Female,14.0,42.6,90.5,30.6,34.3,5.4,7.6,203.2,100.0,159.6,400.5,9.1,0
66,Male,13.6,44.4,88.5,28.3,32.1,4.7,7.3,324.2,98.0,178.2,398.4,6.7,1
8,Male,13.5,47.5,91.5,30.1,35.2,6.1,5.7,267.4,101.0,181.5,401.4,9.2,0
15,Male,15.9,46.6,91.2,30.9,35.0,6.1,8.0,334.9,101.3,181.1,400.3,9.1,0
9,Female,12.6,42.6,91.2,30.5,34.0,5.4,7.8,210.2,100.8,160.1,401.3,8.9,0
2,Male,13.1,46.9,90.6,28.7,35.4,4.11,8.7,223.6,99.4,180.4,401.2,9.4,1
12,Female,13.5,41.8,89.4,31.0,35.4,6.25,6.1,251.4,98.8,160.1,400.3,7.5,0
0,Female,12.4,42.1,91.0,30.3,35.4,5.4,8.0,233.3,100.1,159.8,401.4,9.8,0
8,Female,11.0,40.2,88.1,28.4,32.2,4.2,9.7,317.6,98.1,157.4,398.4,6.6,1
2,Male,11.0,44.4,88.3,28.3,32.4,4.7,8.2,244.6,98.2,178.2,398.5,6.9,1
14,Female,12.2,40.3,88.2,28.3,32.2,4.2,6.9,278.7,98.2,157.3,398.3,6.7,1
16,Male,14.6,47.4,88.7,31.2,32.9,4.67,6.3,204.1,98.8,179.6,399.4,9.2,0
3,Male,12.7,47.1,90.7,30.5,35.2,6.1,6.5,256.2,100.8,181.1,400.2,8.8,0
14,Female,14.5,43.2,90.8,30.0,34.8,5.4,5.8,217.2,100.4,159.9,400.2,9.6,0
10,Female,11.0,40.3,88.4,28.2,32.4,4.2,7.2,272.6,98.2,157.4,398.4,6.9,1
19,Male,14.4,45.6,89.1,31.4,34.1,5.79,7.1,316.5,99.8,180.3,399.0,9.4,1
59,Female,15.0,43.1,90.9,31.3,35.3,5.14,6.6,295.1,100.6,160.5,401.1,9.0,0
76,Female,12.0,40.3,88.4,28.4,32.1,4.2,6.8,250.6,98.1,157.5,398.2,6.9,1
13,Male,14.0,44.1,88.4,28.1,32.2,4.7,7.5,150.0,98.1,178.5,398.3,6.9,1
17,Female,12.0,40.2,88.1,28.4,32.4,4.2,5.6,285.3,98.3,157.5,398.4,6.7,1
42,Female,12.2,40.4,88.2,28.1,32.0,4.2,8.2,228.2,98.3,157.5,398.4,6.7,1
12,Female,14.1,43.0,90.2,30.0,34.1,5.28,7.1,234.2,100.5,160.1,400.1,8.8,0
31,Female,12.2,40.1,88.3,28.4,32.0,4.2,6.1,223.1,98.0,157.1,398.3,7.0,1
10,Male,12.3,46.7,91.3,30.4,34.6,5.46,10.3,178.8,100.9,180.5,400.5,8.7,0
53,Female,14.5,42.9,91.2,30.8,35.5,5.15,6.8,262.4,100.8,159.7,400.6,9.9,0
15,Female,14.8,42.9,90.8,30.9,34.9,5.4,7.5,255.6,101.4,159.6,400.1,8.5,0
13,Male,13.8,44.3,88.4,28.1,32.5,4.7,7.5,220.9,98.2,178.2,398.0,6.6,1
18,Male,13.8,44.3,88.3,28.3,32.4,4.7,8.6,302.1,98.5,178.4,398.4,6.5,1
79,Female,15.1,42.5,90.0,30.8,35.2,5.2,5.1,238.3,100.5,160.1,400.6,9.2,0
10,Male,11.0,44.3,88.0,28.1,32.4,4.7,7.0,177.7,98.2,178.3,398.0,6.9,1
11,Male,11.0,44.3,88.5,28.3,32.3,4.7,4.5,185.7,98.3,178.4,398.3,6.6,1
0,Male,12.7,47.1,91.0,31.3,35.0,6.1,6.6,212.3,100.4,180.4,401.5,9.1,0
6,Female,13.7,40.7,89.6,31.0,33.7,6.27,7.2,235.5,99.8,159.0,400.6,7.7,1
64,Female,13.8,43.1,90.8,30.3,34.3,4.95,10.5,200.3,100.9,160.4,400.4,9.6,0
5,Male,12.2,46.7,90.4,28.7,32.6,5.61,7.0,237.4,99.0,179.1,399.0,9.3,0
19,Female,14.0,42.7,91.4,31.4,34.2,5.23,6.0,376.2,100.2,159.6,401.4,9.9,0
15,Male,16.3,46.9,91.4,30.8,34.8,6.1,6.1,244.0,100.8,180.5,400.8,8.7,0
18,Female,12.1,40.0,88.5,28.0,32.2,4.2,8.3,263.3,98.5,157.4,398.3,6.5,1
14,Female,12.1,40.0,88.1,28.4,32.4,4.2,7.7,337.1,98.2,157.1,398.5,6.9,1
77,Female,12.0,40.2,88.1,28.4,32.1,4.2,6.6,208.0,98.5,157.5,398.3,6.8,1
73,Female,12.1,40.2,88.3,28.0,32.3,4.2,7.1,214.0,98.4,157.1,398.0,6.6,1
15,Male,14.2,46.5,89.4,28.7,32.8,6.59,7.7,281.2,99.3,180.0,401.3,9.6,1
25,Female,14.2,42.7,91.1,30.5,34.5,5.4,5.4,245.6,100.0,160.4,400.5,8.7,0
19,Male,14.2,44.7,91.4,31.1,35.1,4.19,7.0,262.2,100.7,180.7,401.5,9.3,1
6,Female,11.0,40.4,88.3,28.2,32.4,4.2,8.1,275.3,98.1,157.1,398.4,6.9,1
19,Female,13.9,43.2,90.2,30.6,35.1,5.4,7.1,306.2,100.7,160.3,400.8,9.4,0
22,Female,12.0,40.2,88.2,28.4,32.1,4.2,9.7,285.0,98.4,157.5,398.0,6.9,1
64,Female,14.9,43.1,89.8,29.7,33.1,4.81,5.5,164.2,99.1,159.3,399.8,9.7,1
28,Male,16.9,46.5,90.4,30.4,35.2,6.1,6.1,183.3,100.8,180.8,401.3,9.1,0
49,Female,12.0,40.0,88.3,28.2,32.3,4.2,5.4,280.8,98.5,157.4,398.1,6.8,1
13,Male,16.9,45.9,91.2,30.5,35.3,5.6,8.1,188.9,99.3,181.1,398.8,7.7,0
85,Female,14.7,42.5,91.2,30.3,34.4,5.4,8.3,298.1,100.5,159.8,400.4,9.7,0
18,Female,12.0,40.2,88.4,28.0,32.4,4.2,8.5,309.0,98.2,157.2,398.1,6.8,1
57,Male,16.2,47.0,91.0,30.3,34.3,6.1,10.3,232.4,101.0,180.1,400.6,9.4,0
4,Male,11.7,44.7,91.4,30.7,32.9,5.27,8.2,258.1,99.4,181.0,398.5,9.6,1
12,Female,12.0,40.4,88.0,28.4,32.5,4.2,6.8,325.4,98.3,157.2,398.0,6.9,1
82,Female,14.3,43.0,88.6,31.2,33.2,4.94,6.4,294.5,101.5,158.1,399.1,8.5,1
2,Male,11.0,44.4,88.4,28.1,32.2,4.7,7.9,218.3,98.5,178.3,398.4,6.7,1
21,Female,14.7,42.4,91.4,30.4,35.1,4.92,6.3,351.0,100.9,159.3,400.7,9.6,0
79,Male,13.8,44.1,88.2,28.2,32.3,4.7,5.9,345.1,98.1,178.2,398.4,6.9,1
51,Male,16.4,46.8,90.0,31.4,35.0,5.54,9.3,324.3,100.7,180.5,400.8,9.3,0
4,Female,11.0,40.4,88.2,28.5,32.0,4.2,7.8,322.3,98.1,157.3,398.4,6.6,1
34,Male,13.6,44.1,88.1,28.0,32.5,4.7,8.3,213.1,98.4,178.3,398.5,6.5,1
15,Female,13.1,42.7,89.2,30.1,32.9,4.88,6.6,290.3,99.8,159.3,401.5,9.8,1
2,Female,12.0,41.5,91.3,28.8,33.9,6.26,4.5,260.2,100.5,158.2,401.0,8.4,1
13,Female,12.2,40.5,88.3,28.4,32.1,4.2,8.4,256.0,98.4,157.3,398.5,6.6,1
4,Male,11.0,44.4,88.4,28.3,32.2,4.7,6.2,178.8,98.3,178.0,398.3,6.6,1
50,Male,13.6,44.1,88.2,28.3,32.3,4.7,6.1,257.5,98.4,178.0,398.2,6.7,1
3,Male,12.7,46.1,90.2,31.3,35.0,5.77,7.3,229.0,100.9,180.6,400.5,8.8,0
6,Female,12.7,42.2,91.0,30.7,34.4,5.01,9.4,278.8,100.4,160.1,400.3,9.0,0
17,Female,12.1,40.1,88.2,28.1,32.0,4.2,6.7,206.6,98.3,157.1,398.4,6.6,1
77,Male,13.7,44.2,88.1,28.3,32.3,4.7,5.1,198.7,98.2,178.4,398.2,6.6,1
37,Female,12.0,40.1,88.4,28.2,32.2,4.2,4.6,231.1,98.2,157.1,398.1,6.6,1
4,Female,12.8,42.1,90.9,30.0,34.8,5.4,5.7,192.3,100.5,160.1,401.4,10.0,0
14,Female,12.0,40.1,88.2,28.2,32.2,4.2,7.8,219.1,98.3,157.2,398.1,6.9,1
66,Male,16.7,46.1,90.9,30.4,35.4,5.56,8.7,175.7,100.2,180.7,400.3,9.8,0
37,Female,14.6,42.1,91.1,30.9,34.1,5.1,6.2,226.9,101.0,160.4,401.1,9.2,0
14,Male,15.9,46.7,90.1,31.2,35.5,6.01,8.8,329.4,101.2,180.4,401.1,9.5,0
3,Male,11.0,44.4,88.4,28.2,32.1,4.7,9.0,211.3,98.2,178.1,398.4,6.8,1
22,Female,12.0,40.0,88.4,28.1,32.0,4.2,10.2,234.4,98.4,157.3,398.4,6.6,1
63,Female,14.7,43.2,91.2,30.1,35.0,5.4,8.4,150.0,100.4,159.5,400.8,8.7,0
10,Male,11.0,44.1,88.5,28.1,32.4,4.7,8.7,207.1,98.1,178.3,398.5,6.8,1
38,Male,13.8,44.5,88.4,28.0,32.1,4.7,5.3,225.5,98.4,178.4,398.1,6.6,1
18,Female,12.5,42.2,90.9,29.8,33.0,3.38,8.4,230.8,98.8,160.4,401.1,7.1,1
47,Male,13.8,44.2,88.2,28.2,32.3,4.7,5.9,256.5,98.1,178.4,398.4,6.6,1
72,Female,14.2,43.1,90.2,30.9,34.6,5.4,6.0,255.3,101.4,160.2,400.7,9.3,0
50,Female,15.0,43.2,90.5,31.3,35.4,5.4,7.7,220.8,100.5,159.8,400.1,9.3,0
18,Male,13.7,44.1,88.3,28.3,32.3,4.7,7.3,267.3,98.1,178.0,398.3,6.7,1
70,Female,14.0,42.0,90.6,31.1,35.5,4.88,6.1,311.8,100.2,159.3,401.4,9.7,0
71,Female,12.0,40.1,88.1,28.0,32.4,4.2,9.2,288.4,98.3,157.2,398.2,6.6,1
16,Male,16.7,46.5,91.0,28.7,34.2,6.52,5.2,322.4,100.5,180.6,400.4,9.2,0
13,Female,12.1,40.3,88.1,28.3,32.5,4.2,4.9,204.0,98.1,157.1,398.0,6.8,1
4,Female,11.0,40.4,88.5,28.4,32.3,4.2,8.2,237.0,98.4,157.4,398.4,6.9,1
10,Male,13.7,46.5,90.8,29.7,35.3,4.9,7.9,276.6,100.6,180.8,398.9,7.3,1
59,Male,14.0,44.5,88.1,28.0,32.3,4.7,7.8,196.4,98.1,178.2,398.4,6.8,1
10,Female,12.4,43.0,91.0,30.2,34.4,5.6,9.1,259.9,100.3,158.0,400.8,8.1,0
9,Male,11.0,44.2,88.5,28.3,32.3,4.7,9.0,290.7,98.0,178.1,398.2,6.7,1
17,Male,14.2,45.5,89.7,29.3,34.0,6.29,6.1,248.7,101.1,179.1,399.8,7.1,0
73,Male,13.6,44.3,88.1,28.3,32.3,4.7,7.2,274.7,98.1,178.4,398.2,6.9,1
19,Male,16.9,47.3,90.3,30.5,34.9,5.54,5.1,212.6,101.4,181.3,400.9,9.3,0
36,Male,15.5,46.8,91.4,30.9,35.5,5.6,9.1,265.7,100.8,180.1,400.9,9.4,0
65,Female,13.7,41.6,90.0,29.0,34.5,4.53,5.3,229.2,100.4,159.5,398.7,9.5,1
19,Female,12.2,40.5,88.2,28.1,32.4,4.2,11.0,188.7,98.5,157.2,398.2,6.5,1
31,Female,12.0,40.0,88.1,28.4,32.4,4.2,4.8,216.6,98.0,157.5,398.2,6.7,1
66,Female,12.0,40.4,88.4,28.1,32.4,4.2,6.9,166.7,98.0,157.4,398.4,7.0,1
20,Female,14.2,42.9,90.8,30.3,34.9,4.96,9.7,242.2,100.8,160.1,400.4,8.6,0
2,Female,13.5,42.9,91.1,31.4,34.7,5.01,7.4,254.9,101.0,160.2,400.6,8.6,0
17,Female,12.0,40.2,88.3,28.0,32.4,4.2,4.8,288.1,98.5,157.2,398.1,6.6,1
79,Female,15.2,42.4,91.0,30.6,35.0,5.4,6.9,312.7,100.8,159.6,401.5,9.7,0
18,Female,12.1,40.4,88.5,28.3,32.1,4.2,5.5,284.7,98.4,157.4,398.2,6.7,1
71,Female,12.0,40.0,88.3,28.4,32.1,4.2,8.9,279.7,98.1,157.2,398.1,6.9,1
20,Female,15.2,42.6,90.9,31.3,34.3,4.84,8.3,236.5,100.8,159.8,401.0,9.4,0
18,Male,16.5,47.1,90.8,30.1,34.3,5.83,8.4,190.1,100.0,181.1,400.4,9.0,0
11,Male,12.6,46.8,90.8,30.4,35.4,6.1,6.4,260.1,100.2,180.7,400.2,10.0,0
31,Male,14.0,44.0,88.2,28.3,32.2,4.7,7.5,280.6,98.3,178.4,398.1,6.8,1
25,Female,12.1,40.1,88.1,28.5,32.1,4.2,5.8,251.6,98.0,157.4,398.3,6.5,1
65,Male,16.2,46.8,89.9,30.4,34.4,6.87,4.5,215.1,100.6,180.6,400.3,8.2,1
73,Male,13.6,44.2,88.3,28.3,32.4,4.7,5.8,249.0,98.5,178.2,398.3,6.8,1
60,Female,14.7,42.3,88.6,30.3,34.8,5.26,8.8,284.9,100.1,159.8,399.2,8.2,1
7,Male,11.0,44.4,88.2,28.3,32.2,4.7,6.2,304.2,98.4,178.5,398.4,6.6,1
17,Female,14.1,42.1,90.3,30.6,35.4,5.4,4.8,269.5,100.0,159.1,401.1,8.8,0
74,Male,13.5,44.2,88.4,28.3,32.4,4.7,5.6,171.6,98.4,178.3,398.2,6.7,1
78,Female,14.5,43.2,90.4,31.2,34.5,4.98,8.0,252.5,100.6,159.8,400.7,9.2,0
16,Female,12.0,40.1,88.1,28.1,32.4,4.2,5.4,250.6,98.2,157.3,398.5,6.7,1
10,Female,13.3,43.1,91.2,30.8,35.2,4.84,5.3,287.6,100.4,159.1,400.3,10.0,0
16,Male,15.7,46.4,90.5,30.8,35.0,5.97,5.6,312.2,100.4,180.8,400.0,8.6,0
73,Male,13.8,44.5,88.1,28.2,32.0,4.7,7.0,255.6,98.2,178.3,398.0,6.7,1
62,Female,12.1,40.1,88.2,28.1,32.0,4.2,7.1,150.0,98.0,157.1,398.3,6.7,1
73,Male,14.0,44.1,88.3,28.3,32.3,4.7,7.3,203.9,98.3,178.2,398.2,6.6,1
9,Male,12.8,46.4,90.1,30.4,35.0,6.1,6.8,279.6,101.0,180.7,400.8,8.9,0
15,Male,15.0,46.7,91.3,28.9,33.8,3.96,4.5,158.9,100.7,179.6,401.2,8.2,0
22,Male,16.3,46.1,91.1,30.8,35.2,5.81,7.5,314.8,100.3,181.0,401.1,10.0,0
9,Female,11.0,40.3,88.4,28.5,32.4,4.2,6.8,150.0,98.4,157.5,398.1,6.9,1
13,Female,14.3,42.5,90.9,30.8,35.0,5.4,6.3,218.1,101.3,160.0,400.7,8.8,0
67,Female,14.6,43.4,91.4,30.7,35.4,5.35,6.6,242.7,100.7,160.0,401.5,9.3,0
10,Female,12.6,42.8,90.8,30.7,34.3,5.14,7.4,277.5,101.0,159.9,401.0,10.0,0
63,Female,12.1,40.3,88.5,28.1,32.1,4.2,5.6,230.6,98.1,157.4,398.4,6.9,1
8,Female,13.3,43.1,91.2,30.3,34.9,5.07,7.2,268.9,100.1,159.3,401.0,9.2,0
90,Female,12.8,42.7,89.4,31.3,33.7,3.32,8.2,402.7,99.6,157.9,400.5,7.9,1
71,Male,13.8,44.4,88.2,28.4,32.1,4.7,6.8,258.3,98.2,178.4,398.5,6.9,1
55,Male,13.6,44.5,88.2,28.1,32.5,4.7,7.4,337.8,98.3,178.1,398.3,7.0,1
17,Male,13.8,44.3,88.2,28.4,32.0,4.7,7.2,337.6,98.1,178.3,398.1,6.6,1
85,Female,14.0,41.1,91.2,29.6,34.4,5.85,6.5,211.5,100.4,157.9,399.6,9.9,1
13,Female,12.9,40.9,89.8,30.7,33.2,5.82,6.6,273.8,99.3,158.6,400.6,7.4,1
20,Female,12.0,40.1,88.1,28.4,32.2,4.2,6.1,296.7,98.2,157.2,398.4,6.8,1
67,Male,17.0,46.3,91.3,30.8,35.4,5.66,7.5,287.8,100.6,180.3,401.2,9.4,0
5,Female,11.0,40.4,88.1,28.4,32.2,4.2,7.2,264.8,98.0,157.2,398.3,6.8,1
17,Male,15.9,46.9,90.4,30.5,34.7,6.1,6.4,150.0,100.4,180.2,400.1,8.8,0
90,Female,14.1,43.0,90.8,30.9,34.0,5.39,8.2,229.4,101.2,159.6,400.9,8.6,0
17,Male,15.5,46.2,91.3,31.1,34.6,6.1,9.0,213.1,101.2,181.1,401.1,8.8,0
0,Female,13.1,43.5,91.2,30.3,35.2,5.4,8.6,314.8,100.7,160.0,401.1,8.7,0
4,Male,11.0,44.0,88.0,28.0,32.3,4.7,5.9,255.6,98.4,178.2,398.4,6.9,1
41,Female,12.1,40.2,88.4,28.3,32.1,4.2,8.3,239.8,98.3,157.0,398.4,6.5,1
12,Female,13.8,41.3,90.0,31.1,34.3,4.96,6.9,261.3,101.1,159.4,400.8,7.9,0
5,Female,13.3,43.3,90.2,30.7,34.3,5.4,7.0,247.3,100.0,159.1,400.1,8.9,0
82,Female,15.0,42.8,91.3,31.1,34.5,5.08,8.1,255.4,101.3,160.1,401.1,9.3,0
2,Male,13.5,46.7,90.9,31.1,34.3,6.1,5.4,234.7,100.6,180.1,400.0,8.7,0
90,Male,15.5,46.1,90.6,31.3,34.2,6.1,5.4,286.3,100.8,181.4,400.8,8.7,0
60,Female,15.2,43.0,91.3,30.3,34.5,5.39,8.1,232.7,100.8,160.4,400.5,8.6,0
47,Female,15.1,42.3,90.4,31.3,34.5,5.4,6.4,166.5,100.1,160.5,401.3,9.7,0
8,Female,13.1,42.5,90.6,30.1,35.5,5.4,8.9,339.0,100.8,159.4,400.3,9.3,0
19,Female,12.9,41.7,90.8,30.3,34.7,6.16,5.8,191.4,99.5,159.5,399.7,7.8,1
37,Female,12.0,40.3,88.1,28.0,32.1,4.2,6.8,289.9,98.3,157.0,398.5,6.9,1
65,Male,16.8,46.7,90.7,31.2,34.1,6.1,8.2,268.2,101.5,180.8,400.1,8.7,0
8,Male,12.7,46.2,91.0,30.1,34.8,6.1,7.7,309.5,100.5,180.9,400.8,9.1,0
16,Male,16.2,46.4,91.3,30.9,34.7,6.01,6.1,249.8,101.3,181.5,400.3,8.7,0
89,Male,16.4,47.5,90.9,31.4,34.7,6.05,9.9,250.0,100.6,181.3,400.0,9.2,0
39,Male,14.3,46.7,88.9,31.4,33.6,5.49,7.8,227.8,99.2,179.9,401.4,8.4,0
51,Male,13.7,44.4,88.1,28.5,32.2,4.7,8.2,319.6,98.5,178.3,398.4,6.7,1
1,Male,12.3,46.4,91.4,31.4,34.5,5.46,6.4,190.8,101.4,180.2,401.1,8.7,0
15,Male,13.5,44.3,88.3,28.4,32.3,4.7,5.9,283.5,98.4,178.3,398.1,6.6,1
17,Female,14.9,42.5,90.7,31.3,35.2,5.4,4.8,336.6,101.4,159.5,400.6,9.3,0
13,Male,14.0,44.1,88.0,28.4,32.2,4.7,9.0,252.4,98.0,178.3,398.2,6.7,1
14,Male,16.3,47.3,90.2,31.2,35.0,5.57,6.2,340.8,101.4,180.2,401.0,9.1,0
15,Male,13.8,44.1,88.3,28.1,32.4,4.7,6.6,285.4,98.0,178.3,398.2,6.6,1
10,Male,11.9,45.0,90.7,31.4,33.2,5.71,6.9,170.9,100.9,180.0,401.0,8.7,1
0,Female,12.1,43.2,90.7,29.3,33.7,5.44,8.1,195.2,100.2,158.5,400.6,9.8,1
11,Male,11.0,47.4,89.1,28.8,33.9,5.99,5.9,150.0,99.7,179.0,400.6,8.9,0
80,Female,13.8,43.3,91.4,30.1,35.1,5.4,7.7,260.7,100.2,159.6,401.3,8.7,0
4,Male,12.6,46.6,91.1,30.3,34.6,5.99,6.1,286.6,100.1,180.5,400.4,9.3,0
65,Female,15.2,43.3,91.0,31.4,34.4,4.81,5.8,250.2,101.2,159.6,401.4,8.6,0
17,Female,14.8,43.5,90.9,30.7,34.4,4.94,7.4,174.6,101.1,160.3,401.2,8.7,0
40,Male,16.2,46.5,91.1,30.8,34.2,6.1,8.5,203.9,101.2,181.4,400.7,9.4,0
38,Male,16.4,46.2,90.7,31.2,34.0,5.49,7.2,237.9,100.8,180.6,400.2,9.6,0
13,Female,14.9,43.2,90.2,30.7,35.4,5.21,6.9,191.5,101.4,159.7,400.6,9.5,0
4,Female,12.7,42.1,90.3,30.4,34.5,5.4,7.5,175.5,101.3,159.7,400.8,8.7,0
13,Female,14.5,42.1,90.6,30.9,34.5,5.4,7.4,270.6,101.0,159.8,400.4,9.2,0
43,Female,14.2,43.0,91.0,31.5,34.8,5.4,5.3,229.8,100.6,159.6,400.6,9.5,0
18,Male,16.0,45.4,89.3,30.7,35.4,4.41,6.2,318.8,98.7,178.6,400.3,9.4,0
90,Male,14.8,47.4,91.3,31.3,34.7,5.37,6.4,246.3,99.1,180.7,398.8,7.0,0
28,Male,13.6,44.2,88.4,28.5,32.4,4.7,4.5,172.3,98.5,178.4,398.4,6.8,1
86,Male,15.9,46.6,91.4,30.3,34.9,5.98,6.3,266.9,100.7,181.0,400.6,8.6,0
86,Female,12.0,40.0,88.1,28.5,32.1,4.2,7.6,325.8,98.3,157.2,398.1,6.9,1
10,Male,13.5,46.6,91.2,30.5,34.9,5.69,8.8,274.0,100.1,180.5,400.5,9.5,0
1,Male,11.0,44.3,88.2,28.0,32.1,4.7,8.7,233.3,98.1,178.0,398.0,6.8,1
9,Female,12.9,40.5,91.4,28.9,33.4,4.55,6.7,194.8,101.2,158.3,399.3,8.8,1
34,Female,12.2,40.1,88.2,28.4,32.3,4.2,5.5,196.8,98.0,157.2,398.4,6.6,1
49,Female,14.9,42.5,88.7,30.0,33.8,3.58,5.2,222.2,98.6,157.6,399.3,7.3,0
4,Male,11.0,44.5,88.2,28.0,32.3,4.7,6.6,241.3,98.1,178.0,398.4,6.6,1
80,Male,15.8,46.8,90.6,30.8,34.9,6.1,5.0,330.8,100.2,180.2,400.8,9.0,0
5,Female,11.0,40.5,88.4,28.5,32.2,4.2,7.3,165.3,98.4,157.1,398.1,6.9,1
25,Female,14.7,43.3,90.3,30.1,34.6,5.4,8.5,193.9,100.1,160.2,401.1,8.8,0
42,Female,15.1,43.2,90.7,30.9,34.9,4.96,5.5,196.3,100.6,159.4,400.4,9.0,0
66,Female,14.9,43.4,90.2,31.3,35.3,5.35,7.8,163.1,100.4,159.2,401.4,9.2,0
7,Female,13.0,42.5,90.1,31.0,34.4,4.88,6.7,354.5,100.0,159.2,401.0,8.6,0
57,Female,14.3,42.2,90.9,30.7,34.3,4.95,9.9,208.8,100.9,160.2,400.7,9.0,0
32,Male,16.3,46.8,90.5,30.9,34.1,5.62,5.9,253.7,101.3,180.2,401.0,9.1,0
82,Male,16.1,46.2,90.9,30.3,34.7,6.1,4.6,301.1,100.6,180.6,400.1,8.5,0
45,Male,15.1,44.5,90.5,29.9,32.8,5.04,4.5,258.1,100.8,180.7,398.8,8.5,0
23,Female,14.6,42.3,90.1,30.5,34.7,3.98,6.4,251.2,100.3,159.4,400.5,8.8,0
63,Female,12.0,40.1,88.2,28.5,32.2,4.2,9.0,237.6,98.0,157.4,398.2,6.7,1
19,Male,16.9,47.2,90.6,31.2,34.5,5.65,6.9,230.6,101.4,180.4,400.3,10.0,0
16,Female,12.2,40.3,88.3,28.0,32.1,4.2,6.3,214.6,98.1,157.4,398.0,6.9,1
51,Male,13.9,44.3,88.0,28.2,32.3,4.7,6.9,181.6,98.2,178.3,398.2,6.6,1
77,Male,16.4,46.4,90.3,31.5,34.4,6.1,7.7,227.7,100.8,180.1,401.1,9.8,0
12,Male,13.7,44.2,88.4,28.5,32.2,4.7,4.5,242.6,98.3,178.2,398.1,6.6,1
35,Female,12.0,40.2,88.2,28.1,32.0,4.2,7.4,251.3,98.4,157.1,398.4,6.9,1
5,Female,11.0,40.4,88.4,28.2,32.1,4.2,4.5,261.2,98.3,157.0,398.2,6.7,1
18,Female,13.2,41.4,89.2,29.6,34.8,5.63,7.4,234.1,98.9,159.9,399.5,7.2,1
31,Male,13.7,44.1,88.0,28.2,32.2,4.7,4.8,277.1,98.1,178.3,398.5,6.6,1
29,Female,13.9,42.4,90.9,31.5,34.9,5.29,6.6,262.1,101.3,160.5,401.5,8.7,0
49,Male,16.3,47.3,90.7,30.4,35.4,5.98,4.5,252.1,101.0,181.5,400.0,9.8,0
19,Male,13.9,44.0,88.0,28.3,32.1,4.7,7.8,150.0,98.1,178.2,398.2,6.5,1
53,Female,14.7,42.9,90.7,30.8,34.4,5.04,6.2,256.1,100.1,159.4,400.3,9.1,0
7,Male,11.0,44.3,88.5,28.0,32.3,4.7,6.7,251.4,98.3,178.1,398.0,6.8,1
3,Female,11.0,40.2,88.5,28.0,32.3,4.2,7.5,237.6,98.3,157.1,398.5,6.6,1
23,Female,12.0,40.3,88.5,28.4,32.4,4.2,5.0,305.1,98.1,157.1,398.0,6.6,1
19,Male,14.0,44.4,88.2,28.1,32.5,4.7,7.3,305.6,98.5,178.2,398.4,6.6,1
47,Male,16.8,46.4,90.5,31.4,34.9,5.67,7.8,286.3,100.3,181.3,400.8,9.8,0
70,Male,16.2,46.8,91.1,31.2,35.0,6.1,7.8,293.4,101.0,180.2,400.4,8.5,0
15,Female,12.0,40.2,88.3,28.0,32.5,4.2,5.3,282.0,98.1,157.4,398.1,6.7,1
10,Male,12.6,47.2,89.2,29.9,35.1,6.39,6.4,280.4,99.6,180.5,400.5,9.1,1
9,Female,11.1,41.7,90.3,28.9,33.6,4.91,6.3,196.8,98.7,159.0,401.0,8.8,1
60,Male,13.9,44.4,88.4,28.3,32.2,4.7,6.0,271.7,98.4,178.2,398.4,6.8,1
4,Female,12.8,42.9,91.1,30.5,34.7,4.9,4.5,307.7,100.7,159.6,400.9,9.4,0
89,Male,16.4,47.3,90.6,31.4,35.4,5.71,5.9,221.6,100.3,181.4,401.4,8.6,0
12,Female,12.0,40.4,88.3,28.0,32.3,4.2,5.5,241.3,98.5,157.2,398.3,7.0,1
3,Male,11.0,44.2,88.1,28.1,32.1,4.7,4.9,261.1,98.5,178.4,398.0,6.7,1
19,Male,13.7,44.4,88.4,28.4,32.4,4.7,5.4,156.2,98.3,178.1,398.4,7.0,1
58,Male,15.7,47.4,90.9,29.8,33.9,6.68,6.8,234.3,99.8,179.1,399.0,8.5,0
87,Male,16.3,47.2,90.1,30.0,35.2,6.1,8.0,243.6,101.1,181.5,401.4,9.2,0
47,Female,13.4,41.4,88.6,29.7,33.2,5.8,11.0,227.3,100.7,158.4,401.2,8.2,0
12,Female,14.9,42.2,91.0,30.8,35.4,4.86,6.4,240.8,101.3,159.9,400.8,8.7,0
84,Male,13.9,44.1,88.2,28.1,32.1,4.7,5.8,271.5,98.4,178.1,398.2,7.0,1
18,Female,12.0,40.4,88.2,28.2,32.3,4.2,6.7,217.4,98.4,157.2,398.4,6.6,1
24,Female,14.8,43.1,90.5,31.1,35.3,5.4,9.3,174.6,101.3,160.4,400.0,8.7,0
31,Female,12.2,40.2,88.2,28.1,32.2,4.2,6.6,280.9,98.2,157.1,398.5,6.8,1
10,Male,12.5,46.3,90.7,30.6,35.4,5.94,9.8,306.3,100.0,181.0,400.3,9.9,0
72,Male,13.8,44.1,88.4,28.2,32.3,4.7,6.7,235.3,98.4,178.2,398.2,6.9,1
16,Male,13.7,44.4,88.5,28.3,32.3,4.7,5.6,254.5,98.2,178.3,398.1,6.7,1
80,Male,16.4,47.2,90.7,30.2,34.8,5.8,6.7,248.0,100.6,181.2,400.8,8.5,0
13,Male,13.6,44.1,88.1,28.0,32.3,4.7,7.4,232.0,98.2,178.3,398.4,6.9,1
36,Female,14.1,43.2,90.7,30.5,35.4,5.03,5.8,186.9,100.4,159.9,400.9,8.6,0
20,Female,12.6,40.5,89.5,29.2,35.3,5.53,7.4,228.1,99.3,159.9,399.9,7.7,1
62,Male,13.6,44.1,88.1,28.4,32.2,4.7,8.2,357.0,98.0,178.3,398.2,6.9,1
19,Female,14.7,42.5,90.5,31.5,34.3,5.1,9.3,278.4,101.5,160.1,400.8,9.1,0
14,Female,12.2,40.4,88.1,28.5,32.5,4.2,6.3,283.8,98.1,157.4,398.3,6.5,1
66,Female,13.6,40.7,90.5,31.0,33.0,6.15,7.1,265.2,98.7,159.9,399.9,9.6,1
19,Male,13.7,44.3,88.4,28.3,32.0,4.7,6.7,323.4,98.2,178.1,398.3,6.9,1
83,Male,13.7,44.4,88.5,28.5,32.0,4.7,7.8,156.6,98.0,178.5,398.4,6.6,1
16,Female,12.2,40.2,88.2,28.1,32.5,4.2,7.6,248.4,98.2,157.0,398.1,6.9,1
16,Female,12.0,40.5,88.4,28.0,32.5,4.2,9.4,324.6,98.2,157.2,398.3,7.0,1
40,Female,14.0,42.7,91.3,31.3,34.5,4.87,4.5,310.4,100.1,160.2,400.4,9.5,0
19,Male,13.8,44.2,88.4,28.2,32.2,4.7,7.6,297.7,98.1,178.4,398.4,6.7,1
69,Female,12.0,40.2,88.2,28.0,32.5,4.2,7.1,262.3,98.2,157.4,398.3,6.9,1
65,Male,13.7,44.3,88.4,28.0,32.1,4.7,10.3,323.8,98.0,178.3,398.4,6.6,1
15,Female,14.2,42.6,91.5,31.2,35.3,5.35,8.2,212.4,101.2,159.8,401.3,10.0,0
4,Female,11.0,40.3,88.4,28.4,32.5,4.2,6.8,276.3,98.2,157.2,398.4,6.9,1
3,Male,11.0,44.5,88.3,28.2,32.4,4.7,10.7,295.4,98.2,178.4,398.0,6.9,1
14,Male,15.8,47.4,90.0,30.7,34.5,6.1,6.4,301.4,100.6,181.5,401.2,9.8,0
68,Male,15.2,46.8,88.7,31.2,33.5,6.2,5.4,335.0,98.7,180.3,398.7,9.9,0
32,Female,14.6,40.9,90.4,29.4,34.4,4.58,7.6,280.9,99.2,160.4,399.3,7.5,1
67,Male,16.5,46.9,91.0,30.5,35.2,5.59,4.5,276.2,100.8,180.5,401.2,9.8,0
86,Male,14.0,44.2,88.1,28.1,32.3,4.7,8.2,202.6,98.1,178.4,398.4,6.9,1
76,Male,16.4,46.8,91.4,28.6,35.4,6.48,6.3,306.5,100.4,179.7,400.2,7.8,0
3,Male,11.0,44.2,88.0,28.1,32.2,4.7,7.7,217.1,98.1,178.1,398.2,6.8,1
13,Female,13.8,42.5,91.3,30.9,34.4,5.4,8.0,292.2,101.3,160.2,400.4,9.4,0
87,Female,14.5,42.1,91.5,30.6,34.5,5.4,6.4,290.8,100.5,160.1,400.5,8.9,0
76,Male,15.6,46.6,90.1,31.1,34.3,6.1,4.5,213.6,101.2,181.1,400.9,9.9,0
16,Male,14.4,44.9,89.6,31.0,34.7,6.19,7.7,150.0,100.8,180.5,401.2,8.8,1
61,Male,16.3,47.0,90.2,31.4,34.3,5.58,6.2,227.1,100.1,181.2,400.7,9.1,0
13,Female,12.0,40.5,88.4,28.3,32.2,4.2,8.9,295.0,98.2,157.4,398.3,6.8,1
51,Female,13.9,43.3,89.8,29.0,32.7,4.84,9.1,343.3,99.1,157.6,401.1,8.3,0
5,Male,11.0,44.3,88.5,28.4,32.1,4.7,5.9,255.9,98.0,178.4,398.3,6.8,1
16,Female,14.6,42.6,90.1,30.9,34.0,5.11,7.7,257.3,100.3,159.6,400.9,9.2,0
18,Female,15.1,42.3,91.0,31.0,35.0,5.4,4.5,227.0,101.4,159.0,400.1,9.2,0
8,Male,11.0,44.1,88.4,28.2,32.3,4.7,7.4,250.9,98.3,178.3,398.1,6.6,1
19,Male,13.6,44.5,88.2,28.2,32.3,4.7,5.4,218.7,98.0,178.1,398.1,6.5,1
15,Male,16.9,47.2,91.3,31.1,35.1,6.1,7.7,295.7,100.5,180.1,401.4,9.4,0
76,Male,16.0,46.1,91.4,30.8,35.0,5.5,7.2,219.6,101.3,180.8,401.3,9.7,0
85,Male,16.7,47.2,91.2,30.8,34.3,5.62,4.5,302.8,100.8,180.7,400.9,8.5,0
19,Female,14.5,42.9,90.2,29.5,34.1,6.23,8.5,312.5,99.5,158.8,399.0,8.1,1
33,Male,16.3,46.4,90.4,31.5,35.1,6.1,8.6,260.1,101.0,181.4,400.4,9.4,0
0,Male,11.0,44.5,88.2,28.5,32.0,4.7,8.3,236.9,98.3,178.4,398.1,6.6,1
21,Female,14.1,43.1,91.0,30.2,34.3,5.29,9.6,201.7,100.3,159.2,400.6,8.9,0
75,Female,12.0,40.4,88.4,28.5,32.2,4.2,5.1,327.3,98.2,157.4,398.4,6.7,1
2,Male,11.0,44.2,88.2,28.3,32.4,4.7,6.2,222.1,98.5,178.1,398.2,6.7,1
17,Male,13.7,44.1,88.1,28.1,32.2,4.7,8.2,311.2,98.1,178.3,398.1,6.7,1
3,Male,12.9,46.5,90.7,31.3,34.2,5.1,9.9,249.4,99.2,179.1,398.8,8.2,1
3,Male,11.0,44.0,88.1,28.3,32.2,4.7,6.6,151.8,98.3,178.4,398.2,6.8,1
72,Male,15.7,46.4,91.1,30.9,34.7,6.1,4.5,278.0,100.1,181.3,400.9,9.5,0
9,Female,11.0,40.1,88.2,28.0,32.3,4.2,9.9,319.9,98.3,157.1,398.0,6.9,1
43,Female,12.0,40.3,88.1,28.1,32.3,4.2,9.1,205.4,98.2,157.4,398.1,6.5,1
69,Female,14.2,43.0,88.9,31.2,34.5,6.28,10.3,280.7,99.1,158.7,400.9,7.9,0
74,Male,13.7,44.2,88.1,28.2,32.4,4.7,7.5,155.2,98.3,178.1,398.1,6.7,1
8,Male,13.5,47.0,90.9,30.5,35.2,5.46,7.1,304.6,100.6,180.7,401.0,8.5,0
6,Female,11.0,40.2,88.5,28.3,32.1,4.2,7.9,244.9,98.3,157.4,398.1,6.9,1
10,Male,11.0,44.1,88.4,28.3,32.5,4.7,5.3,249.6,98.3,178.1,398.5,6.6,1
89,Male,16.7,46.0,90.2,31.3,35.3,5.98,8.3,258.8,101.4,181.2,400.3,9.6,0
0,Male,11.3,45.8,89.8,30.8,33.3,5.49,5.3,150.0,98.8,180.2,400.4,7.1,1
3,Male,11.0,44.2,88.4,28.1,32.3,4.7,6.3,294.6,98.2,178.2,398.2,6.9,1
57,Male,13.5,44.1,88.2,28.3,32.4,4.7,9.3,284.6,98.4,178.1,398.5,6.6,1
18,Female,12.0,40.4,88.1,28.4,32.3,4.2,8.6,197.1,98.4,157.3,398.2,6.5,1
48,Female,12.0,40.3,88.5,28.4,32.3,4.2,7.6,198.8,98.2,157.1,398.5,6.5,1
19,Female,14.3,43.3,90.9,30.1,35.0,5.4,6.4,196.6,100.6,160.1,400.3,10.0,0
15,Female,13.8,42.2,91.3,30.7,35.5,5.4,7.3,249.5,100.2,159.9,400.5,9.1,0
26,Female,12.2,40.1,88.2,28.4,32.1,4.2,5.7,293.8,98.4,157.0,398.0,6.7,1
38,Male,16.1,45.1,90.9,30.4,33.7,6.82,7.9,214.3,99.0,179.2,398.9,9.8,0
18,Male,16.2,47.0,90.7,30.3,34.3,5.41,8.6,208.1,101.2,180.3,401.4,9.3,0
35,Male,15.7,46.5,90.6,30.2,34.8,5.53,7.0,218.9,100.4,180.1,400.6,9.9,0
9,Male,11.0,44.3,88.2,28.0,32.3,4.7,4.6,223.4,98.5,178.0,398.3,6.6,1
58,Male,15.9,46.6,90.7,30.8,34.4,6.1,4.5,254.9,101.2,180.8,400.5,9.9,0
72,Male,16.8,46.8,91.1,30.1,34.9,6.1,9.3,293.9,101.4,181.2,400.3,9.7,0
21,Male,15.5,47.1,91.2,30.6,32.6,6.07,5.9,314.5,100.4,179.3,399.5,8.1,0
2,Female,12.9,42.0,90.9,31.0,34.8,5.4,5.7,228.0,101.0,159.4,400.7,9.2,0
20,Male,15.7,47.1,90.4,30.2,34.2,5.87,4.5,307.0,100.0,180.1,400.4,9.5,0
36,Female,13.3,41.8,89.7,30.2,35.2,4.72,9.5,205.1,99.1,160.2,400.8,8.0,0
80,Male,16.0,46.3,90.4,30.0,35.3,5.84,7.3,251.0,100.2,180.1,400.7,9.3,0
5,Female,13.5,42.5,91.0,30.3,35.2,5.04,6.8,150.0,100.9,159.8,400.2,9.1,0
12,Male,14.3,46.6,89.4,30.0,32.8,3.98,9.0,192.0,99.8,180.6,400.5,9.1,0
7,Female,11.0,40.4,88.1,28.2,32.2,4.2,7.2,263.1,98.4,157.2,398.1,6.8,1
73,Female,14.9,42.3,91.0,31.5,35.0,5.4,7.4,225.1,100.3,159.1,400.8,9.6,0
41,Female,13.8,41.6,90.5,30.2,33.0,4.5,8.6,237.9,99.9,159.0,401.0,9.2,1
11,Male,13.0,46.0,90.1,31.2,35.2,6.1,7.7,292.2,100.1,181.2,401.3,9.7,0
6,Female,11.0,40.5,88.5,28.1,32.4,4.2,8.6,299.6,98.4,157.1,398.1,6.7,1
16,Female,12.0,40.3,88.2,28.3,32.3,4.2,6.2,328.0,98.0,157.4,398.1,6.9,1
26,Female,14.7,43.1,90.3,31.2,35.4,5.4,5.8,193.1,100.7,159.2,401.4,8.7,0
59,Female,13.8,42.4,89.8,31.3,35.4,3.32,6.3,199.2,99.1,159.1,399.3,7.5,1
67,Male,13.9,44.2,88.2,28.1,32.3,4.7,5.1,239.3,98.4,178.2,398.5,6.6,1
77,Female,13.7,42.5,89.6,29.3,32.8,5.64,4.9,265.2,100.5,158.2,399.1,9.6,0
87,Male,15.6,46.4,90.6,30.7,34.9,6.1,8.4,228.1,100.1,180.1,400.8,8.6,0
3,Female,12.6,41.3,91.3,29.8,34.6,3.56,5.9,273.6,100.2,157.8,400.8,8.1,1
12,Female,13.1,42.7,89.9,30.0,34.1,3.82,8.4,216.1,99.8,158.6,398.8,7.5,1
41,Female,13.2,41.0,89.8,30.4,33.6,5.1,6.1,290.7,98.8,158.0,399.2,7.4,1
17,Male,16.8,47.2,90.1,30.1,34.1,5.9,11.0,295.3,100.4,181.4,400.6,8.6,0
82,Female,12.0,40.0,88.2,28.2,32.5,4.2,6.3,279.2,98.2,157.5,398.3,6.9,1
2,Female,12.6,43.0,90.4,30.5,34.0,3.68,8.2,303.3,100.0,158.7,400.5,9.1,0
18,Female,12.0,40.1,88.2,28.1,32.4,4.2,7.1,200.2,98.2,157.3,398.1,6.9,1
14,Male,14.9,45.7,90.3,30.2,32.7,5.48,8.0,308.2,100.5,178.8,400.1,7.8,1
13,Female,12.0,40.4,88.3,28.4,32.4,4.2,7.9,198.1,98.2,157.5,398.2,6.6,1
18,Female,12.2,40.4,88.2,28.3,32.3,4.2,8.4,256.4,98.2,157.3,398.0,6.6,1
12,Female,12.2,40.1,88.2,28.3,32.5,4.2,6.8,333.2,98.2,157.1,398.3,6.5,1
17,Male,13.9,44.3,88.1,28.3,32.4,4.7,6.9,275.9,98.5,178.5,398.3,6.9,1
1,Male,12.5,47.3,91.1,30.7,34.8,6.1,4.5,231.9,100.7,180.9,400.3,9.9,0
15,Male,13.7,44.1,88.3,28.3,32.2,4.7,6.5,200.8,98.2,178.4,398.0,6.6,1
73,Male,16.3,46.7,90.9,30.0,32.6,4.3,9.5,221.7,101.0,180.9,400.6,9.5,1
90,Female,14.5,42.1,90.5,30.5,35.2,5.4,6.4,251.4,101.2,159.5,400.1,9.0,0
27,Male,15.0,47.5,88.5,28.7,34.5,5.8,4.9,259.4,98.8,178.7,400.8,9.6,1
19,Male,14.0,44.0,88.2,28.1,32.4,4.7,8.9,262.2,98.2,178.2,398.5,7.0,1
2,Female,12.7,43.5,90.6,30.8,35.2,5.4,6.9,311.7,101.5,160.2,400.6,9.1,0
10,Female,11.0,40.4,88.4,28.5,32.3,4.2,5.3,333.2,98.0,157.1,398.2,6.9,1
11,Female,11.0,40.4,88.3,28.4,32.5,4.2,6.8,340.7,98.5,157.0,398.4,6.7,1
10,Male,13.5,46.8,90.3,30.4,34.0,6.1,7.3,201.1,100.4,180.8,401.0,9.7,0
2,Female,12.6,42.8,90.5,30.7,34.8,4.85,8.2,200.0,101.2,159.9,400.4,9.1,0
30,Female,12.0,40.1,88.2,28.4,32.5,4.2,5.0,280.3,98.4,157.5,398.2,6.9,1
49,Male,15.6,44.7,89.5,30.7,34.6,6.88,6.7,256.4,101.4,178.6,400.4,7.8,1
18,Female,14.8,42.5,90.4,30.5,34.1,5.23,6.8,186.0,100.7,160.1,400.8,9.2,0
31,Male,16.6,46.2,90.9,31.5,34.2,6.1,8.5,286.8,100.4,180.4,401.4,9.0,0
10,Female,13.2,42.1,90.2,28.6,33.1,4.68,7.8,307.4,100.4,160.2,400.3,7.8,0
49,Female,12.0,40.0,88.1,28.4,32.1,4.2,4.5,277.0,98.4,157.2,398.4,6.5,1
3,Female,12.3,43.1,91.2,31.4,34.8,5.4,6.6,298.2,101.0,159.9,400.6,8.6,0
11,Female,12.5,43.0,91.2,31.1,34.7,5.4,6.4,218.7,100.7,159.1,400.1,9.1,0
1,Female,11.0,40.4,88.2,28.1,32.1,4.2,7.1,236.8,98.5,157.4,398.4,6.9,1
11,Male,12.9,47.1,90.3,30.1,34.4,5.64,8.4,266.4,101.2,180.3,401.3,9.3,0
14,Male,16.5,46.0,90.9,30.1,35.2,6.1,9.9,266.8,100.4,180.7,401.3,8.8,0
19,Male,16.1,46.3,91.4,30.8,35.1,6.02,5.3,163.0,100.6,180.8,400.8,9.2,0
9,Female,12.3,43.1,88.8,28.7,32.8,4.25,7.4,316.8,100.3,159.2,400.3,7.0,1
20,Female,13.5,42.3,89.0,30.0,35.3,4.31,7.0,344.2,100.1,160.4,399.2,9.5,1
6,Male,11.4,45.4,90.9,29.9,33.6,6.75,6.8,170.1,99.3,179.2,401.2,8.7,0
81,Female,12.1,40.1,88.3,28.5,32.4,4.2,7.6,221.3,98.2,157.1,398.3,6.5,1
18,Female,13.9,42.5,90.6,30.7,35.1,5.33,8.2,240.4,101.1,159.0,401.2,10.0,0
9,Female,11.0,40.1,88.0,28.5,32.2,4.2,7.2,247.8,98.2,157.2,398.4,6.9,1
1,Male,12.5,46.3,90.5,30.8,34.6,5.84,5.5,265.7,100.4,180.5,400.7,9.7,0
1,Female,11.0,40.3,88.0,28.0,32.4,4.2,8.7,248.6,98.4,157.2,398.2,6.9,1
9,Female,11.6,40.5,91.5,29.0,35.1,3.57,6.3,258.2,100.5,157.8,400.3,8.1,0
78,Female,12.9,42.7,90.3,29.2,35.3,3.33,7.7,345.6,100.1,159.2,400.0,9.8,1
15,Male,13.9,44.4,88.0,28.3,32.3,4.7,6.2,293.4,98.0,178.3,398.4,6.9,1
31,Female,12.0,40.3,88.5,28.5,32.4,4.2,7.7,173.5,98.5,157.3,398.1,6.9,1
66,Male,13.5,44.2,88.2,28.1,32.2,4.7,4.7,232.1,98.2,178.3,398.5,6.7,1
69,Female,14.9,42.5,90.0,30.3,35.1,5.4,4.5,265.6,100.1,160.2,400.1,8.6,0
39,Male,13.5,44.1,88.3,28.0,32.0,4.7,7.7,194.6,98.1,178.5,398.2,6.6,1
14,Female,15.2,42.6,89.9,29.2,34.0,3.7,6.4,264.8,100.1,158.9,399.2,9.0,1
19,Male,13.8,44.5,88.1,28.3,32.4,4.7,7.1,248.0,98.4,178.0,398.3,6.8,1
3,Male,11.0,44.4,88.1,28.3,32.2,4.7,7.4,240.4,98.2,178.3,398.1,7.0,1
36,Male,13.8,44.1,88.5,28.1,32.2,4.7,7.8,188.5,98.5,178.3,398.3,6.8,1
5,Male,10.8,45.8,89.7,28.6,35.0,5.51,6.8,310.9,100.4,178.6,400.9,7.2,0
45,Male,15.9,46.2,90.7,30.2,34.7,5.73,5.1,260.3,100.0,181.3,401.0,8.6,0
17,Male,14.4,46.1,88.8,30.9,34.3,5.69,5.6,285.1,99.1,179.4,400.2,9.5,1
13,Male,14.0,44.1,88.0,28.2,32.1,4.7,5.9,150.0,98.2,178.1,398.1,6.7,1
25,Female,14.4,42.7,90.7,30.9,35.1,5.33,5.2,276.6,100.8,159.8,401.3,9.8,0
46,Male,13.9,44.2,88.2,28.0,32.3,4.7,4.5,260.4,98.2,178.3,398.2,6.8,1
52,Male,16.8,46.3,90.1,31.0,34.5,5.43,5.8,195.8,100.9,180.3,400.6,9.2,0
26,Male,15.9,47.0,90.5,31.3,34.3,5.42,5.8,219.5,100.8,180.3,401.1,8.9,0
67,Female,14.0,42.0,90.2,31.1,34.6,4.98,5.8,281.1,100.9,160.1,400.9,10.0,0
13,Male,15.6,46.3,91.5,30.6,35.1,5.67,9.2,286.2,100.5,181.2,400.9,9.1,0
43,Male,13.7,44.3,88.4,28.3,32.4,4.7,7.7,166.4,98.5,178.3,398.0,6.7,1
16,Male,14.4,45.6,88.9,30.0,33.1,6.19,4.6,150.0,101.4,179.5,399.6,8.8,0
64,Male,14.6,46.2,90.2,30.5,34.8,6.6,8.9,189.8,99.6,179.9,400.4,8.3,1
0,Female,12.3,41.8,91.1,29.4,34.7,4.57,5.1,224.2,100.9,158.1,398.5,9.5,1
83,Male,13.6,44.3,88.1,28.3,32.4,4.7,8.5,202.8,98.3,178.1,398.3,6.8,1
10,Male,11.0,44.2,88.3,28.0,32.2,4.7,4.8,254.2,98.1,178.3,398.0,6.7,1
75,Female,12.0,40.2,88.3,28.1,32.5,4.2,9.1,289.2,98.1,157.0,398.3,7.0,1
63,Female,14.8,43.5,90.6,31.4,34.9,5.4,8.0,212.6,101.3,160.2,401.2,9.0,0
2,Female,12.9,42.4,90.3,31.4,34.5,4.87,6.2,174.6,101.3,159.5,400.9,9.3,0
10,Female,11.0,40.3,88.3,28.5,32.4,4.2,4.5,233.1,98.1,157.3,398.1,6.6,1
16,Female,14.2,42.3,90.1,30.1,34.5,5.4,6.0,201.9,101.4,160.0,401.4,9.9,0
15,Male,13.5,44.4,88.4,28.4,32.4,4.7,8.0,260.3,98.5,178.3,398.3,6.7,1
84,Male,16.7,46.5,90.3,30.7,35.4,5.85,7.4,224.4,100.3,180.5,400.2,9.0,0
88,Female,14.6,42.9,91.3,31.1,35.3,5.4,5.7,167.6,101.0,159.5,400.5,9.1,0
58,Female,14.8,43.2,90.7,30.8,34.3,5.4,5.5,215.0,100.8,159.3,401.0,9.3,0
13,Male,15.3,45.6,89.4,31.3,34.5,6.65,9.1,150.0,101.3,179.9,398.6,8.9,0
36,Male,13.6,44.3,88.5,28.4,32.3,4.7,6.6,194.5,98.3,178.3,398.3,6.9,1
8,Male,12.5,45.6,90.9,29.0,33.3,5.16,7.5,330.4,100.2,179.0,399.8,8.6,0
15,Female,15.0,42.8,90.4,30.9,35.4,5.4,7.9,258.9,100.8,160.5,400.2,9.3,0
43,Male,16.4,46.3,90.3,30.1,34.4,5.92,6.4,303.4,101.1,180.7,401.2,10.0,0
21,Female,12.2,40.1,88.4,28.3,32.1,4.2,6.4,266.2,98.3,157.4,398.1,7.0,1
7,Female,13.0,42.6,90.5,30.3,34.5,5.39,9.8,215.8,100.7,160.2,401.0,8.8,0
16,Female,12.0,40.3,88.5,28.4,32.3,4.2,9.0,267.4,98.1,157.1,398.4,6.6,1
37,Female,14.3,42.9,90.1,30.2,34.9,5.4,5.6,229.2,101.3,159.1,401.1,8.7,0
17,Female,12.1,40.5,88.2,28.1,32.0,4.2,7.2,337.1,98.1,157.1,398.1,6.8,1
84,Female,13.7,42.5,90.6,28.7,34.3,5.35,8.3,239.2,99.9,159.8,398.8,9.8,1
62,Female,14.0,43.2,91.4,31.5,35.3,5.13,5.8,241.7,100.2,159.1,401.0,9.3,0
73,Male,15.0,44.7,89.9,29.4,34.8,5.44,6.5,243.1,99.2,179.0,399.5,7.1,0
14,Male,13.7,44.3,88.4,28.2,32.0,4.7,6.9,303.6,98.1,178.0,398.3,6.6,1
6,Female,13.5,42.6,91.3,31.2,35.2,5.4,6.3,250.1,100.7,160.3,401.1,9.9,0
3,Female,11.0,40.4,88.3,28.3,32.1,4.2,5.7,253.3,98.4,157.2,398.2,7.0,1
49,Male,13.8,44.0,88.2,28.2,32.4,4.7,4.5,278.8,98.4,178.0,398.5,6.8,1
80,Male,13.9,44.1,88.1,28.5,32.3,4.7,8.7,150.0,98.2,178.4,398.3,6.7,1
7,Male,11.0,44.3,88.0,28.3,32.4,4.7,4.5,252.8,98.5,178.2,398.1,6.5,1
13,Female,12.2,40.0,88.4,28.3,32.3,4.2,6.4,320.0,98.2,157.5,398.2,6.9,1
17,Female,14.6,42.2,90.2,31.2,34.4,5.4,4.5,264.1,101.3,159.0,401.0,9.5,0
15,Male,16.3,46.1,91.0,31.1,35.4,5.79,7.1,231.9,101.1,181.2,400.3,8.9,0
65,Female,14.6,41.7,90.1,31.1,34.7,5.45,11.0,249.1,100.8,157.5,399.7,7.9,0
13,Female,15.2,42.5,90.9,31.3,34.9,5.34,9.2,255.6,100.0,160.1,400.4,8.8,0
13,Female,13.5,42.6,90.0,31.0,35.3,4.77,6.5,166.7,100.6,159.0,399.7,7.1,0
68,Male,15.5,46.2,91.3,30.1,34.3,5.75,9.1,343.2,100.4,180.3,401.1,9.9,0
13,Female,14.8,42.3,90.4,30.5,35.0,5.4,5.4,256.9,100.7,159.2,400.1,9.4,0
17,Female,15.1,42.7,91.2,31.1,34.5,5.4,4.9,308.6,100.4,159.3,400.6,8.8,0
3,Male,11.0,44.2,88.1,28.3,32.0,4.7,8.7,304.3,98.1,178.5,398.4,6.8,1
33,Male,13.5,44.5,88.1,28.1,32.2,4.7,7.5,200.5,98.3,178.2,398.3,6.8,1
16,Male,15.2,46.0,90.3,29.4,33.0,4.64,9.5,261.7,101.1,181.2,400.2,9.6,1
16,Male,13.7,44.4,88.5,28.2,32.0,4.7,8.0,331.0,98.3,178.3,398.5,6.9,1
78,Female,12.2,40.4,88.5,28.4,32.2,4.2,8.3,339.1,98.4,157.4,398.5,6.9,1
0,Female,11.0,40.4,88.2,28.1,32.3,4.2,7.1,241.6,98.5,157.0,398.4,6.6,1
11,Male,13.5,47.1,90.9,30.6,35.4,6.1,8.8,226.5,101.5,180.2,400.9,9.1,0
69,Female,15.1,42.6,90.0,31.4,35.3,3.96,8.1,219.6,99.8,158.0,401.3,9.2,0
15,Male,16.7,44.6,90.8,28.9,34.7,4.12,8.5,192.2,99.1,180.9,398.8,9.5,0
15,Male,16.2,46.8,91.1,30.2,35.1,5.6,5.0,238.1,100.7,181.2,401.4,9.5,0
77,Female,14.6,42.6,90.0,30.7,34.2,5.4,6.7,240.8,100.8,160.1,401.4,9.8,0
55,Female,12.1,40.5,88.4,28.2,32.4,4.2,7.0,283.6,98.4,157.3,398.4,6.6,1
79,Male,15.1,46.8,90.9,31.2,33.5,4.06,5.7,248.3,100.0,181.1,400.1,7.6,1
89,Male,13.8,44.5,88.2,28.4,32.0,4.7,4.5,280.8,98.1,178.3,398.4,6.5,1
66,Male,16.0,46.7,91.4,31.4,34.5,6.1,7.5,253.4,100.7,181.2,401.2,9.2,0
12,Male,13.5,44.1,88.0,28.2,32.4,4.7,6.0,278.0,98.5,178.4,398.4,6.8,1
45,Male,16.6,45.2,89.5,28.9,33.8,4.92,7.9,279.2,99.9,180.0,401.1,8.6,1
9,Female,13.5,42.5,90.5,31.4,35.5,5.4,5.4,301.9,101.4,160.3,400.4,9.2,0
4,Male,11.0,44.2,88.4,28.2,32.3,4.7,8.6,277.0,98.2,178.2,398.2,6.8,1
17,Female,13.2,41.5,90.2,29.9,35.5,5.42,7.6,253.2,99.5,159.1,400.7,9.3,1
5,Male,12.2,45.7,90.9,30.7,33.4,4.49,8.8,170.7,100.7,179.1,400.5,7.3,0
25,Female,12.2,40.2,88.1,28.2,32.0,4.2,4.8,265.6,98.3,157.2,398.0,6.8,1
70,Male,16.3,46.0,89.9,30.1,33.5,6.6,10.3,263.4,99.2,179.3,401.3,7.2,0
68,Male,13.7,44.4,88.2,28.5,32.5,4.7,7.9,199.9,98.3,178.5,398.4,6.9,1
42,Female,13.0,42.7,90.0,28.7,34.7,5.67,8.2,178.6,101.3,158.5,401.1,9.9,1
2,Female,13.3,43.0,90.1,29.4,35.1,5.99,7.4,278.7,100.1,157.5,398.9,8.5,1
87,Male,16.4,46.2,90.4,30.6,34.7,5.4,6.8,326.8,100.8,180.3,400.9,9.3,0
76,Female,14.6,42.4,91.4,30.6,35.5,4.96,7.1,181.5,101.3,159.5,401.3,9.1,0
75,Female,14.9,42.9,90.7,31.5,35.0,5.4,11.0,264.6,101.0,160.1,400.7,9.0,0
8,Male,11.0,44.3,88.3,28.2,32.1,4.7,8.3,268.5,98.4,178.4,398.5,6.7,1
66,Female,12.1,40.4,88.3,28.5,32.2,4.2,6.6,337.4,98.4,157.3,398.3,6.5,1
75,Female,12.1,40.3,88.4,28.2,32.1,4.2,6.8,245.1,98.3,157.5,398.3,6.6,1
48,Female,12.2,40.0,88.1,28.4,32.0,4.2,4.5,262.9,98.4,157.3,398.1,6.7,1
0,Male,11.0,44.2,88.4,28.1,32.0,4.7,7.3,270.2,98.4,178.0,398.4,6.7,1
12,Female,13.5,42.0,90.5,29.2,35.0,4.74,6.4,351.1,98.7,160.5,400.8,9.9,1
8,Male,12.4,45.5,91.1,29.2,34.5,4.63,6.3,226.5,99.4,181.0,401.5,8.6,1
71,Male,13.8,44.2,88.2,28.1,32.4,4.7,8.5,244.4,98.2,178.0,398.4,6.7,1
2,Male,11.0,44.4,88.4,28.4,32.4,4.7,6.9,162.5,98.0,178.2,398.2,6.8,1
14,Female,14.2,42.7,91.3,30.8,35.4,5.4,10.6,194.8,100.3,160.5,400.4,9.7,0
39,Female,15.0,40.6,88.6,30.8,33.4,5.53,7.9,161.8,101.1,158.1,400.7,9.4,0
49,Male,16.5,47.4,90.3,30.7,35.4,5.88,6.8,295.1,100.1,181.3,400.4,8.5,0
68,Female,14.4,42.2,91.2,30.9,35.3,4.89,5.8,225.8,100.2,159.3,400.7,9.7,0
65,Male,16.0,47.1,90.3,30.7,34.4,6.08,8.1,288.3,100.8,181.4,400.4,8.9,0
4,Male,11.0,44.0,88.3,28.3,32.2,4.7,6.8,342.6,98.5,178.3,398.0,7.0,1
11,Female,11.8,43.3,89.3,30.0,34.5,5.76,8.2,267.2,101.0,158.1,399.6,7.1,0
51,Female,12.2,40.2,88.2,28.2,32.0,4.2,7.7,244.5,98.4,157.1,398.3,6.5,1
16,Male,16.1,46.0,91.4,30.9,34.3,6.1,8.0,226.2,101.2,180.3,400.1,10.0,0
64,Male,13.5,44.0,88.4,28.1,32.2,4.7,6.9,255.1,98.4,178.2,398.4,6.8,1
11,Female,13.5,42.5,90.2,30.1,35.0,5.4,7.9,225.1,101.1,159.4,401.1,8.9,0
12,Male,16.8,46.7,90.5,30.2,34.7,6.1,9.5,204.9,100.6,181.4,400.9,9.7,0
78,Female,14.0,42.2,90.3,30.3,35.0,5.4,7.6,217.6,100.5,159.7,400.2,9.6,0
61,Male,16.3,46.3,91.2,30.4,34.9,5.81,4.9,232.4,100.9,180.6,400.0,8.5,0
14,Female,12.1,40.4,88.3,28.0,32.5,4.2,7.5,278.6,98.3,157.5,398.3,6.9,1
19,Male,16.6,47.5,90.4,30.3,32.8,6.66,7.3,227.8,100.7,179.5,398.8,8.3,0
53,Female,14.4,42.4,90.1,30.3,35.0,5.13,5.9,263.8,100.1,160.3,401.1,9.5,0
3,Female,11.0,40.1,88.4,28.5,32.5,4.2,7.7,229.0,98.3,157.2,398.1,6.6,1
13,Male,15.5,45.5,91.1,28.5,35.0,4.64,7.0,232.6,99.3,179.8,399.4,7.9,1
52,Female,12.0,40.0,88.1,28.1,32.4,4.2,8.6,317.5,98.0,157.0,398.2,7.0,1
14,Female,13.0,42.8,90.2,30.8,33.2,5.65,6.2,265.3,100.4,158.7,401.1,8.0,1
7,Male,13.5,46.9,90.2,31.4,34.9,5.9,7.5,229.2,100.9,180.8,401.3,9.7,0
13,Female,14.4,42.9,91.0,31.5,35.0,5.4,7.2,211.5,100.5,159.1,400.5,9.5,0
27,Male,13.8,44.1,88.1,28.0,32.5,4.7,7.6,270.0,98.1,178.2,398.4,6.8,1
17,Male,13.9,44.0,88.3,28.4,32.4,4.7,5.2,269.7,98.3,178.3,398.2,6.7,1
19,Male,13.5,44.1,88.1,28.4,32.1,4.7,8.2,306.6,98.1,178.0,398.5,6.8,1
16,Male,14.1,45.3,88.5,30.9,32.9,5.13,7.5,254.2,101.5,181.1,400.1,7.4,1
8,Male,10.9,47.2,90.3,29.3,35.2,6.45,5.9,212.7,99.0,179.1,400.7,7.7,1
18,Female,14.9,42.8,90.4,30.9,35.4,4.88,5.6,200.4,100.9,160.0,400.3,8.8,0
20,Male,16.2,46.1,90.6,30.8,35.2,5.51,8.6,225.3,101.0,180.4,401.3,9.2,0
18,Female,14.8,43.0,91.3,30.9,34.9,5.4,8.4,209.7,101.0,160.3,401.2,9.5,0
5,Female,12.4,43.3,90.9,31.5,34.0,5.4,6.4,265.7,100.5,160.3,400.8,9.1,0
15,Female,14.2,42.4,90.2,31.0,35.5,5.4,8.2,212.3,101.4,160.4,401.3,9.7,0
15,Female,12.6,42.3,89.2,30.8,33.3,5.48,5.1,249.0,100.9,159.7,401.1,8.7,0
90,Male,15.6,47.0,88.7,28.5,34.8,6.54,5.0,326.8,99.8,180.8,400.0,9.1,1
11,Female,11.0,40.3,88.2,28.4,32.2,4.2,5.9,200.4,98.3,157.2,398.1,6.7,1
15,Male,13.9,44.2,88.1,28.0,32.1,4.7,6.4,187.2,98.1,178.5,398.1,7.0,1
52,Female,12.0,40.2,88.3,28.2,32.4,4.2,9.4,263.9,98.0,157.4,398.1,6.7,1
89,Male,13.5,44.4,88.0,28.3,32.3,4.7,6.2,266.1,98.3,178.5,398.3,6.5,1
86,Female,12.0,40.2,88.5,28.2,32.1,4.2,7.2,228.6,98.4,157.2,398.3,6.9,1
80,Female,14.5,43.4,91.3,30.3,34.8,5.4,6.7,259.1,100.7,160.0,401.4,9.8,0
14,Female,15.0,41.0,90.4,28.7,34.5,5.6,4.5,184.9,100.1,158.4,399.9,9.6,0
89,Male,13.8,44.1,88.5,28.5,32.1,4.7,7.2,197.8,98.0,178.4,398.4,6.9,1
23,Male,13.7,44.2,88.3,28.5,32.4,4.7,7.0,325.3,98.1,178.4,398.1,6.7,1
89,Male,13.6,44.5,88.2,28.1,32.1,4.7,5.9,359.5,98.1,178.0,398.4,6.9,1
18,Female,14.6,42.1,90.1,31.3,35.3,5.4,8.7,181.4,101.2,160.1,400.9,8.8,0
17,Male,16.1,46.1,89.3,30.9,34.2,4.44,6.1,238.5,99.2,178.7,398.7,7.9,0
79,Male,16.3,44.9,89.0,31.1,33.8,4.66,8.3,269.5,99.7,179.4,399.3,9.0,0
7,Male,11.0,44.2,88.1,28.2,32.4,4.7,4.5,239.2,98.4,178.2,398.3,6.7,1
14,Male,13.8,44.4,88.0,28.5,32.2,4.7,8.1,293.2,98.0,178.5,398.3,6.6,1
53,Female,12.0,40.0,88.1,28.4,32.5,4.2,7.2,243.0,98.4,157.4,398.1,6.8,1
82,Male,13.8,44.4,88.3,28.3,32.4,4.7,6.0,281.3,98.1,178.4,398.3,6.7,1
49,Male,15.8,46.5,91.0,28.7,33.4,5.29,9.0,225.2,101.3,180.9,401.4,8.6,0
9,Female,11.6,41.4,91.2,28.8,32.8,5.61,7.3,167.7,99.9,159.2,398.8,8.1,0
70,Male,15.1,46.7,91.5,29.5,34.3,6.81,7.5,194.5,99.0,179.4,399.8,7.2,0
13,Male,13.7,44.2,88.1,28.3,32.5,4.7,5.9,201.1,98.5,178.3,398.1,6.9,1
10,Female,11.0,40.3,88.5,28.3,32.0,4.2,10.6,195.4,98.4,157.1,398.3,6.9,1
9,Male,12.7,46.7,91.0,30.8,35.3,5.49,8.1,279.8,100.4,181.3,399.9,7.7,0
55,Male,13.6,44.3,88.1,28.1,32.5,4.7,7.7,169.0,98.4,178.3,398.1,6.7,1
36,Female,12.0,40.3,88.2,28.4,32.2,4.2,6.3,240.2,98.4,157.3,398.4,6.6,1
19,Male,13.7,44.0,88.5,28.1,32.4,4.7,5.7,292.8,98.3,178.4,398.3,6.7,1
39,Female,12.0,40.2,88.4,28.1,32.2,4.2,5.8,307.0,98.2,157.3,398.3,6.6,1
9,Female,13.1,42.9,90.5,30.0,34.0,5.4,7.7,203.2,101.4,159.5,401.1,9.0,0
0,Female,11.0,40.0,88.4,28.4,32.1,4.2,6.9,217.4,98.4,157.2,398.1,6.6,1
17,Female,14.0,43.1,90.3,31.5,34.5,5.4,8.8,231.4,100.3,160.2,401.0,8.8,0
8,Male,11.0,44.3,88.4,28.4,32.2,4.7,7.2,296.6,98.3,178.2,398.3,6.8,1
28,Female,13.4,43.4,90.9,29.1,34.5,4.86,5.9,320.2,98.5,158.7,400.5,7.4,0
18,Male,16.7,46.6,91.4,30.7,35.1,6.1,6.0,219.3,100.6,181.1,400.9,9.5,0
40,Male,17.0,47.4,90.6,31.2,34.8,6.1,7.2,218.4,101.4,181.2,401.2,8.7,0
85,Female,14.3,42.9,90.3,30.9,34.8,4.84,5.5,220.9,100.6,159.4,401.3,9.5,0
17,Male,13.5,44.4,88.2,28.2,32.1,4.7,8.7,233.5,98.1,178.0,398.3,7.0,1
75,Female,14.0,42.6,90.2,30.9,34.6,4.89,6.5,301.4,100.7,159.6,400.7,8.5,0
25,Male,15.9,47.4,90.3,31.5,33.5,6.66,9.4,182.2,98.7,178.5,399.2,7.1,0
5,Female,12.4,42.5,91.0,30.3,35.3,5.23,5.3,216.7,100.4,159.1,400.4,9.8,0
0,Male,11.0,44.3,88.5,28.2,32.3,4.7,7.0,278.1,98.4,178.3,398.3,6.7,1
71,Male,13.9,44.2,88.5,28.3,32.1,4.7,5.3,203.3,98.4,178.2,398.1,6.8,1
46,Male,16.0,47.0,90.7,30.7,35.3,5.48,4.5,355.6,100.5,181.5,400.2,9.4,0
52,Male,13.6,44.4,88.4,28.4,32.1,4.7,6.9,242.5,98.1,178.2,398.0,6.8,1
14,Male,13.6,44.5,88.4,28.0,32.3,4.7,6.5,232.0,98.2,178.4,398.0,6.8,1
7,Female,13.4,43.1,91.3,31.4,34.5,5.4,7.5,255.5,100.4,159.4,401.1,9.9,0
32,Female,14.4,42.6,89.9,29.9,33.4,3.79,7.4,264.7,101.1,160.4,399.6,8.3,1
2,Female,11.0,40.2,88.3,28.2,32.4,4.2,7.9,280.6,98.4,157.4,398.1,6.9,1
16,Male,16.3,46.0,89.3,29.9,33.1,6.87,5.3,326.3,100.1,180.6,399.4,7.3,0
90,Male,16.3,46.4,90.5,30.3,34.2,5.68,7.2,285.2,101.3,180.3,401.4,9.3,0
27,Male,14.8,46.1,89.6,30.6,32.9,6.73,7.3,150.0,99.5,180.9,399.0,8.1,1
85,Female,15.1,42.1,90.3,31.3,35.3,5.06,7.3,172.4,100.1,160.4,400.5,9.2,0
16,Male,14.5,44.6,91.1,29.7,34.8,5.51,7.8,254.1,100.5,180.3,400.2,8.6,1
14,Female,13.8,43.4,91.4,30.1,34.4,5.36,8.9,214.0,100.5,160.4,401.5,9.0,0
88,Female,15.0,42.1,90.9,31.5,34.1,5.13,6.5,260.9,101.2,159.0,401.3,8.6,0
61,Female,14.6,43.0,90.9,30.4,34.6,5.4,9.5,253.8,100.3,159.8,401.4,8.8,0
5,Male,13.1,46.6,88.8,28.9,34.2,6.64,5.3,244.9,100.1,181.3,400.2,9.5,1
4,Male,11.0,44.0,88.4,28.5,32.0,4.7,7.5,312.2,98.5,178.5,398.1,6.8,1
14,Female,13.9,43.3,91.4,30.7,34.3,5.4,4.6,234.4,100.1,160.3,401.2,9.7,0
88,Female,14.6,43.1,91.2,31.1,34.0,4.8,8.5,204.0,100.9,159.7,400.2,8.6,0
88,Male,16.5,46.0,90.5,30.8,34.7,6.1,6.5,223.9,101.2,181.2,400.4,9.6,0
21,Female,12.0,40.5,88.2,28.0,32.4,4.2,5.5,262.8,98.4,157.1,398.0,6.6,1
62,Female,14.1,42.9,90.4,30.1,34.8,5.4,4.5,207.9,100.3,159.6,400.5,10.0,0
19,Male,16.1,47.2,90.6,30.0,34.1,6.1,7.1,256.4,100.5,181.4,401.0,9.8,0
67,Male,16.6,47.5,90.3,30.1,34.4,5.58,6.3,200.9,100.6,181.4,400.3,10.0,0
3,Female,13.5,42.6,90.1,31.4,34.2,5.4,6.4,287.5,101.2,159.5,401.2,8.6,0
63,Male,15.5,46.9,90.5,30.7,35.2,5.77,8.3,226.4,100.7,181.2,400.6,9.1,0
44,Female,13.8,42.3,90.1,31.4,34.5,4.82,5.2,285.3,100.9,159.2,401.5,10.0,0
60,Male,15.5,46.5,90.5,30.8,34.8,6.1,5.6,289.0,101.2,180.0,401.1,8.7,0
14,Female,12.8,42.2,90.0,29.7,33.0,3.33,9.1,232.1,99.5,157.5,400.0,8.3,1
56,Female,14.2,42.9,90.3,30.5,34.1,5.4,8.3,227.5,100.8,159.3,400.3,9.5,0
25,Male,13.8,44.3,88.0,28.0,32.1,4.7,7.3,244.2,98.0,178.3,398.0,7.0,1
15,Male,13.7,44.1,88.1,28.2,32.2,4.7,6.8,306.6,98.2,178.4,398.4,6.7,1
15,Male,16.6,47.0,90.6,31.4,35.5,5.66,7.2,173.8,100.1,180.7,400.9,9.3,0
52,Male,13.9,44.4,88.5,28.1,32.1,4.7,8.6,254.8,98.1,178.2,398.3,6.7,1
56,Female,15.1,42.7,90.0,31.2,34.9,5.4,6.6,277.3,100.8,159.9,400.5,9.8,0
26,Female,14.0,42.4,90.1,30.7,35.0,5.17,4.5,214.1,100.8,159.3,400.8,9.0,0
14,Male,13.7,44.1,88.1,28.5,32.3,4.7,7.0,299.6,98.2,178.5,398.2,6.7,1
18,Male,13.9,44.2,88.5,28.3,32.3,4.7,6.8,306.5,98.5,178.2,398.4,6.8,1
33,Female,12.0,40.4,88.0,28.0,32.2,4.2,4.5,236.5,98.3,157.4,398.1,6.8,1
62,Male,16.3,46.9,90.0,30.1,34.3,5.92,4.5,268.2,100.4,181.3,400.2,9.2,0
12,Female,12.9,43.4,91.1,29.9,32.7,4.89,4.9,231.4,100.8,158.0,400.6,8.9,1
34,Male,15.7,46.6,91.0,31.0,35.3,5.61,5.7,242.3,100.6,180.0,401.3,9.3,0
40,Male,16.5,46.5,90.8,31.4,34.1,6.1,7.4,304.4,100.4,180.6,401.0,9.8,0
62,Male,15.9,46.5,90.2,30.6,35.4,5.74,5.8,271.3,100.5,180.5,401.4,9.1,0
81,Female,14.1,42.6,91.1,30.4,35.1,5.11,9.1,210.4,101.3,159.5,400.5,9.7,0
42,Female,14.6,42.1,90.6,30.6,35.5,5.4,6.4,291.3,100.5,159.8,400.9,9.6,0
36,Male,16.3,46.0,89.6,28.5,35.0,3.9,7.9,291.6,98.9,180.4,398.5,7.7,0
72,Male,13.7,44.3,88.1,28.3,32.5,4.7,5.2,287.6,98.0,178.4,398.3,6.6,1
9,Female,13.5,43.3,90.9,30.9,34.2,5.1,6.9,166.3,101.1,159.7,400.2,9.2,0
3,Female,11.0,40.2,88.1,28.4,32.4,4.2,8.0,276.1,98.5,157.3,398.4,6.9,1
71,Male,16.5,46.2,90.0,31.2,34.0,5.92,9.0,248.9,101.3,181.1,400.4,9.6,0
14,Male,13.8,44.5,88.2,28.2,32.3,4.7,6.5,248.7,98.3,178.4,398.1,6.7,1
14,Male,13.9,44.2,88.4,28.4,32.3,4.7,8.5,306.3,98.4,178.4,398.1,6.6,1
44,Female,12.1,40.2,88.0,28.4,32.3,4.2,9.2,246.6,98.4,157.5,398.2,6.9,1
6,Female,12.9,41.3,90.5,30.5,34.2,3.83,10.4,267.3,100.2,158.5,400.6,8.9,1
15,Male,16.8,44.6,90.7,28.5,32.8,5.14,7.3,307.0,100.4,178.6,401.0,8.0,1
25,Male,13.9,44.4,88.2,28.3,32.1,4.7,8.6,239.2,98.4,178.1,398.3,6.7,1
47,Female,14.5,43.4,90.8,31.3,35.2,5.4,6.8,246.6,100.2,159.9,400.8,8.9,0
15,Female,12.0,40.3,88.5,28.3,32.3,4.2,6.8,201.7,98.3,157.4,398.3,6.7,1
19,Male,13.5,44.0,88.0,28.5,32.1,4.7,7.1,221.3,98.3,178.0,398.4,7.0,1
35,Female,12.1,40.4,88.1,28.4,32.0,4.2,7.3,210.5,98.0,157.3,398.0,6.6,1
15,Female,14.3,43.5,90.2,30.2,35.0,4.83,8.5,239.9,100.6,159.8,400.5,9.5,0
46,Female,14.3,43.1,91.0,31.0,35.3,5.4,4.5,292.5,101.2,159.2,400.8,9.3,0
25,Female,14.0,43.5,90.1,30.7,34.3,4.89,5.7,292.5,100.7,159.1,400.8,8.6,0
84,Male,13.6,44.2,88.1,28.3,32.3,4.7,6.9,213.9,98.1,178.1,398.2,6.5,1
13,Male,13.7,44.4,88.3,28.2,32.4,4.7,7.1,257.2,98.3,178.2,398.0,6.6,1
31,Female,12.0,40.1,88.1,28.1,32.2,4.2,6.3,210.4,98.2,157.3,398.1,6.8,1
21,Female,12.1,40.1,88.3,28.2,32.2,4.2,6.8,203.0,98.2,157.1,398.4,6.9,1
7,Female,12.5,43.4,90.3,30.6,35.1,5.4,5.0,245.3,100.4,159.6,400.5,9.0,0
82,Male,13.7,44.0,88.2,28.3,32.3,4.7,5.7,191.4,98.0,178.1,398.4,6.6,1
0,Male,11.0,44.4,88.1,28.0,32.0,4.7,8.4,287.1,98.4,178.5,398.0,6.9,1
62,Female,12.0,40.5,88.1,28.1,32.3,4.2,6.7,272.5,98.2,157.2,398.4,6.7,1
19,Female,12.2,40.4,88.4,28.2,32.2,4.2,7.0,239.0,98.5,157.3,398.2,6.6,1
52,Female,14.3,42.2,90.9,31.1,34.4,5.15,7.9,287.2,100.3,160.3,400.2,8.7,0
18,Male,17.0,46.4,89.2,31.0,32.9,5.4,7.4,287.9,101.4,179.7,400.1,8.1,0
0,Female,11.3,41.6,89.7,28.8,35.4,5.15,8.2,309.9,99.8,160.3,399.5,9.8,1
16,Male,15.9,47.0,91.2,30.5,34.1,6.1,5.9,235.0,100.7,181.2,400.3,8.9,0
0,Male,13.2,46.3,90.0,30.4,34.7,6.1,6.5,270.8,100.2,181.4,400.2,9.2,0
44,Male,14.0,44.3,88.3,28.5,32.4,4.7,7.5,244.4,98.4,178.0,398.5,6.6,1
44,Female,12.2,40.1,88.0,28.3,32.3,4.2,8.5,275.6,98.4,157.2,398.5,6.9,1
1,Male,12.6,47.4,90.9,30.8,34.6,6.04,9.8,269.5,101.1,180.3,400.8,9.1,0
25,Male,16.1,46.5,91.2,30.6,35.0,6.1,9.5,223.3,101.2,181.3,400.1,9.0,0
22,Female,14.2,43.2,91.2,31.2,34.5,5.4,6.5,257.7,100.7,160.0,400.3,9.9,0
17,Male,15.6,46.7,91.2,30.2,34.9,5.76,6.4,291.3,100.5,180.9,400.3,8.9,0
8,Female,13.5,43.1,91.4,30.8,34.7,5.4,10.2,222.7,100.6,160.0,401.1,9.4,0
19,Male,13.9,44.2,88.2,28.5,32.5,4.7,5.1,247.4,98.1,178.3,398.1,6.5,1
19,Male,16.7,47.0,91.1,31.0,34.5,5.55,8.2,223.6,101.5,180.7,400.0,8.7,0
54,Female,12.1,40.4,88.4,28.1,32.2,4.2,7.9,183.9,98.2,157.5,398.3,6.6,1
62,Male,16.4,47.0,91.2,30.4,35.2,6.03,6.3,197.4,100.4,180.3,400.4,8.8,0
64,Male,16.4,47.0,91.0,31.0,34.8,6.1,9.1,300.6,101.0,180.9,400.2,8.8,0
22,Male,13.7,44.2,88.2,28.1,32.3,4.7,7.3,356.5,98.4,178.5,398.4,6.9,1
18,Female,15.2,42.1,90.1,31.4,35.0,5.29,6.6,328.1,100.0,160.0,400.4,8.7,0
21,Male,16.2,47.5,90.7,30.3,34.8,5.46,8.1,324.6,100.9,181.5,400.4,9.7,0
19,Male,13.7,44.2,88.5,28.0,32.2,4.7,5.0,161.9,98.3,178.2,398.5,6.5,1
71,Female,12.0,40.1,88.4,28.4,32.0,4.2,6.9,278.9,98.1,157.5,398.2,6.8,1
90,Male,13.5,44.1,88.0,28.4,32.1,4.7,7.2,252.6,98.4,178.0,398.2,6.5,1
72,Male,16.4,46.6,90.0,31.0,35.1,6.1,7.6,150.0,100.6,181.1,400.9,8.6,0
65,Female,14.9,42.7,90.7,30.7,34.1,5.35,6.7,237.7,101.4,159.4,400.7,9.8,0
51,Female,14.0,42.9,91.2,30.9,34.1,5.4,6.0,278.8,101.1,160.3,401.5,9.1,0
51,Male,13.6,44.0,88.3,28.4,32.1,4.7,9.1,191.2,98.5,178.4,398.3,6.9,1
88,Male,14.0,44.2,88.3,28.4,32.0,4.7,8.9,244.5,98.1,178.5,398.2,7.0,1
23,Male,16.0,46.4,90.5,31.2,34.9,5.78,6.2,339.5,101.1,181.4,401.1,9.2,0
48,Male,13.9,44.1,88.4,28.2,32.4,4.7,5.7,323.2,98.4,178.3,398.2,6.5,1
19,Female,12.0,40.1,88.5,28.5,32.5,4.2,7.6,209.8,98.5,157.0,398.0,6.8,1
52,Male,13.7,44.1,88.5,28.2,32.5,4.7,6.5,306.5,98.1,178.0,398.3,7.0,1
1,Male,12.8,47.4,91.5,30.1,35.1,5.96,9.1,220.0,101.4,181.4,400.9,9.0,0
18,Female,12.0,40.2,88.2,28.1,32.4,4.2,6.0,257.5,98.0,157.3,398.4,6.9,1
75,Male,13.8,44.4,88.5,28.1,32.1,4.7,4.6,219.1,98.3,178.3,398.4,6.7,1
9,Male,13.0,46.3,91.2,30.8,34.2,6.1,5.6,232.9,100.8,180.2,401.4,8.8,0
17,Male,16.4,47.1,91.4,30.4,35.4,5.49,6.1,257.0,101.3,180.8,401.0,9.7,0
16,Male,15.9,47.0,91.5,31.4,34.4,5.55,7.7,210.3,101.1,181.0,400.5,8.8,0
8,Female,11.0,40.3,88.1,28.5,32.5,4.2,8.9,227.8,98.4,157.5,398.5,6.9,1
10,Male,12.3,46.4,88.5,30.9,33.9,5.53,6.7,195.4,100.0,178.6,399.0,8.1,0
90,Female,15.2,42.7,90.7,31.1,34.6,5.4,6.8,225.5,101.1,159.6,400.4,9.1,0
41,Male,15.7,46.2,90.0,30.5,34.2,5.73,6.8,247.6,100.9,180.9,400.1,9.4,0
43,Male,16.6,46.8,90.5,30.2,35.3,6.1,7.3,314.3,100.3,180.5,400.6,10.0,0
72,Male,13.8,44.3,88.0,28.0,32.4,4.7,9.3,325.2,98.2,178.0,398.4,6.7,1
13,Female,14.4,42.3,90.4,28.9,33.2,5.24,6.4,259.9,100.3,160.5,398.8,7.1,1
78,Male,16.4,45.2,88.7,31.4,32.6,5.93,6.8,287.2,99.2,178.7,400.3,9.1,0
51,Female,12.0,40.1,88.3,28.1,32.2,4.2,5.5,271.5,98.0,157.2,398.3,6.9,1
19,Male,14.6,45.1,91.2,31.2,35.4,6.42,10.4,318.2,99.8,178.5,400.0,9.6,0
11,Female,13.2,43.2,90.9,30.6,34.6,4.98,8.1,287.8,100.4,160.3,400.9,9.2,0
85,Male,13.6,44.1,88.1,28.3,32.2,4.7,5.9,230.9,98.1,178.1,398.1,6.6,1
8,Male,12.8,46.9,91.1,30.2,34.1,6.1,8.9,227.6,100.5,180.7,401.0,9.3,0
14,Male,13.9,44.2,88.3,28.2,32.0,4.7,6.5,220.4,98.4,178.2,398.2,6.7,1
17,Female,12.0,40.3,88.1,28.0,32.1,4.2,6.7,273.7,98.2,157.4,398.0,6.6,1
73,Male,14.7,44.8,90.1,29.3,35.5,5.16,7.7,257.2,100.9,180.9,401.3,9.5,0
1,Female,11.0,40.1,88.1,28.3,32.1,4.2,6.1,301.9,98.5,157.2,398.3,6.6,1
7,Male,12.6,47.0,89.4,31.0,33.1,5.17,7.6,358.6,99.5,179.8,400.5,9.7,0
51,Female,15.0,43.1,90.2,31.0,34.2,5.4,5.2,232.3,101.4,159.1,400.7,9.7,0
74,Male,13.8,44.0,88.1,28.2,32.4,4.7,10.5,261.1,98.5,178.4,398.2,6.7,1
16,Female,14.5,42.7,91.2,30.6,34.5,4.93,6.9,220.5,100.5,159.8,401.1,8.6,0
4,Female,12.4,43.4,91.3,30.2,34.1,5.4,5.5,200.5,100.1,160.4,401.2,8.7,0
10,Male,10.9,45.7,91.2,29.3,33.3,5.65,7.2,268.6,100.8,179.0,400.3,7.5,1
18,Female,14.9,42.4,90.5,30.4,35.2,5.4,8.0,217.7,100.8,159.4,400.5,10.0,0
9,Male,13.4,46.1,89.4,28.8,33.0,5.15,6.9,331.2,99.9,179.3,399.3,9.0,0
54,Male,15.7,46.5,91.3,30.1,34.2,5.59,6.6,237.0,101.4,181.3,400.0,9.6,0
42,Male,13.8,44.1,88.3,28.4,32.1,4.7,9.2,277.8,98.3,178.5,398.1,6.9,1
3,Male,12.4,46.7,91.2,30.9,35.2,6.1,8.6,196.2,101.2,180.4,400.7,9.1,0
54,Male,13.7,44.3,88.5,28.0,32.4,4.7,5.1,313.5,98.1,178.4,398.3,6.8,1
85,Female,14.7,42.7,90.6,31.3,34.7,5.36,5.0,206.9,100.6,159.2,400.1,9.3,0
17,Female,14.2,42.3,90.9,30.9,34.9,5.08,6.5,319.8,100.7,160.5,400.4,9.1,0
15,Female,14.2,43.4,90.3,30.1,35.2,5.4,8.2,191.8,101.2,160.3,400.4,8.5,0
9,Male,11.0,44.2,88.4,28.4,32.5,4.7,5.7,238.3,98.4,178.3,398.4,6.7,1
19,Female,14.2,43.2,90.2,31.4,34.5,5.4,7.2,212.6,100.5,159.8,401.1,9.2,0
20,Female,12.0,40.3,88.2,28.0,32.1,4.2,5.3,188.9,98.4,157.3,398.2,6.5,1
76,Male,13.8,44.2,88.1,28.4,32.0,4.7,7.4,224.6,98.3,178.1,398.3,6.8,1
19,Male,16.9,46.3,90.3,30.3,34.0,6.1,7.4,297.2,100.3,180.4,400.7,9.9,0
17,Male,16.2,47.3,90.5,30.4,35.3,6.1,5.4,252.2,100.3,181.0,400.6,9.8,0
11,Female,11.0,40.2,88.4,28.3,32.0,4.2,7.5,214.0,98.5,157.0,398.2,6.5,1
72,Female,14.4,42.1,91.4,30.1,34.9,5.4,7.0,313.3,100.7,160.3,401.4,9.3,0
27,Female,14.4,42.2,90.7,31.5,35.3,5.27,7.1,379.4,100.2,160.5,400.6,9.3,0
4,Female,11.0,40.1,88.2,28.1,32.2,4.2,9.8,209.2,98.3,157.1,398.2,6.7,1
85,Female,14.9,43.3,90.7,30.6,35.0,4.82,5.2,336.4,100.7,159.4,400.2,9.1,0
87,Male,13.8,44.1,88.4,28.4,32.4,4.7,5.9,318.6,98.0,178.0,398.4,6.6,1
0,Male,13.5,46.8,90.8,30.1,34.8,5.97,4.7,325.2,100.4,180.1,400.5,8.6,0
9,Female,11.0,40.4,88.2,28.4,32.4,4.2,4.5,332.5,98.5,157.5,398.1,6.8,1
71,Female,12.2,40.4,88.4,28.2,32.4,4.2,5.3,220.3,98.3,157.2,398.1,6.8,1
13,Male,14.9,47.5,90.7,29.0,34.8,6.4,6.4,229.5,98.9,180.0,400.6,8.1,0
17,Male,16.1,46.4,91.5,31.2,34.5,6.1,5.8,300.9,100.6,180.3,400.2,9.6,0
70,Female,12.1,40.1,88.3,28.3,32.1,4.2,8.0,220.3,98.5,157.3,398.3,6.5,1
48,Female,14.0,43.4,91.5,30.0,33.3,5.66,7.8,219.3,99.8,159.8,399.4,8.4,0
24,Female,12.7,42.2,90.4,30.6,33.0,3.92,6.9,247.6,101.0,157.8,399.7,7.0,1
28,Female,13.9,43.4,91.0,30.3,35.4,5.12,6.2,231.4,101.1,159.9,400.1,8.5,0
18,Male,15.8,47.1,90.1,30.8,34.1,5.93,8.8,355.8,100.6,180.6,400.3,9.2,0
15,Female,14.6,42.9,90.3,30.5,35.4,5.4,8.6,181.5,100.4,159.6,401.2,9.3,0
69,Female,12.0,40.1,88.1,28.1,32.1,4.2,6.0,292.8,98.0,157.4,398.3,6.5,1
56,Male,13.9,44.2,88.4,28.2,32.3,4.7,6.5,285.1,98.4,178.3,398.4,6.8,1
1,Female,11.0,40.3,88.2,28.5,32.1,4.2,8.5,302.5,98.3,157.5,398.1,6.8,1
70,Male,16.5,46.3,90.9,30.8,34.3,5.61,5.8,306.3,100.4,181.1,401.1,8.9,0
6,Male,11.0,44.3,88.1,28.5,32.3,4.7,5.9,242.8,98.2,178.4,398.2,6.7,1
70,Male,17.0,46.3,88.7,29.2,33.3,3.98,7.3,285.0,100.9,180.3,401.1,8.9,1
16,Female,12.1,40.2,88.3,28.5,32.2,4.2,5.6,256.2,98.3,157.2,398.2,6.5,1
90,Female,14.6,42.9,90.4,31.1,35.3,5.4,7.1,234.2,101.5,159.9,400.3,9.8,0
18,Female,14.2,42.7,91.3,31.0,34.5,5.4,6.1,295.3,100.9,159.4,400.7,8.5,0
15,Male,14.9,45.2,90.2,29.2,33.0,6.13,6.2,154.9,101.2,178.9,398.7,8.3,0
10,Female,11.1,41.8,90.2,30.0,35.2,3.5,7.4,289.4,99.0,157.8,401.0,7.1,1
37,Male,16.9,46.1,90.5,30.7,34.7,6.1,6.3,247.4,101.1,181.3,400.8,9.4,0
4,Male,12.9,45.6,91.1,30.0,33.5,6.27,9.6,344.8,100.7,181.5,399.6,8.6,0
31,Male,15.7,44.7,88.5,30.9,33.3,5.99,7.2,235.6,100.6,180.6,401.1,9.6,1
16,Female,12.6,42.2,89.5,30.8,33.5,5.69,9.4,179.5,100.6,158.5,399.8,9.5,0
47,Female,14.0,42.9,89.3,31.1,34.8,3.8,7.4,263.7,101.3,160.2,399.5,8.5,0
86,Male,13.8,44.0,88.4,28.2,32.4,4.7,6.4,285.5,98.5,178.2,398.3,7.0,1
21,Female,12.1,40.1,88.3,28.2,32.1,4.2,6.6,263.3,98.4,157.3,398.4,6.8,1
56,Female,12.0,40.1,88.1,28.1,32.0,4.2,5.0,267.2,98.0,157.1,398.4,6.8,1
89,Male,14.4,45.0,91.4,28.6,33.6,5.19,8.3,203.9,101.0,181.4,401.4,8.2,0
0,Male,12.6,46.4,90.1,31.2,33.5,4.47,7.8,230.6,99.0,180.0,399.5,7.6,0
4,Female,11.0,40.4,88.0,28.0,32.1,4.2,8.6,202.0,98.2,157.5,398.1,6.7,1
33,Male,13.6,44.3,88.1,28.3,32.2,4.7,5.5,340.3,98.2,178.3,398.0,6.7,1
2,Male,11.0,44.1,88.4,28.0,32.2,4.7,7.8,258.0,98.2,178.3,398.2,7.0,1
80,Female,14.7,42.2,90.6,30.6,32.7,6.22,6.3,257.7,100.5,158.1,401.3,9.0,0
11,Male,13.0,46.2,90.4,30.5,35.2,6.1,8.2,228.4,101.3,181.1,400.2,9.5,0
13,Male,13.9,44.5,88.4,28.3,32.5,4.7,7.2,239.0,98.4,178.1,398.3,7.0,1
48,Female,15.0,42.9,90.4,30.6,34.8,5.4,6.4,309.4,101.0,160.3,401.3,8.9,0
9,Female,10.8,41.8,89.5,30.2,33.6,3.82,6.4,263.2,100.2,158.0,400.9,8.4,1
90,Female,14.8,42.2,91.0,30.2,34.1,5.4,7.7,255.4,101.0,159.9,400.3,8.7,0
84,Male,13.7,44.3,88.4,28.1,32.2,4.7,8.7,253.8,98.2,178.1,398.3,6.5,1
82,Female,12.1,40.2,88.5,28.2,32.5,4.2,6.0,185.0,98.3,157.2,398.5,6.7,1
59,Male,13.8,44.0,88.2,28.3,32.1,4.7,8.3,231.7,98.2,178.2,398.1,7.0,1
14,Male,16.8,47.4,89.6,30.5,33.4,6.46,8.6,263.5,100.7,179.2,398.6,9.9,0
11,Female,11.0,40.0,88.4,28.1,32.3,4.2,6.7,239.0,98.2,157.2,398.1,6.7,1
57,Male,13.6,44.2,88.4,28.1,32.3,4.7,8.9,310.8,98.3,178.5,398.1,6.9,1
58,Female,12.7,42.5,89.6,29.4,33.7,5.87,7.2,214.5,100.7,159.4,400.1,8.9,0
90,Female,13.5,42.4,90.4,28.5,34.0,4.63,8.0,207.4,100.9,159.3,399.7,8.0,0
17,Female,14.0,43.2,91.5,30.8,35.0,5.4,6.0,192.7,100.6,159.9,401.3,8.9,0
18,Female,14.6,42.6,90.4,31.5,34.6,5.4,5.5,245.1,100.6,159.5,400.7,9.8,0
9,Female,13.7,42.0,89.0,30.5,35.1,4.74,7.4,268.0,98.8,160.1,398.8,8.2,1
11,Female,12.5,42.7,91.0,30.3,34.1,5.4,9.0,189.0,100.2,159.4,400.8,9.9,0
10,Male,12.6,47.1,90.5,30.8,34.2,6.1,9.2,224.4,100.2,180.0,400.0,9.4,0
73,Male,15.1,46.1,89.4,31.1,34.6,4.7,7.6,324.4,100.6,181.3,399.2,9.8,1
33,Female,12.2,40.2,88.1,28.4,32.2,4.2,6.7,271.9,98.3,157.3,398.2,6.7,1
10,Male,12.6,46.0,91.1,31.5,34.3,6.1,8.0,273.1,100.6,180.5,400.5,9.6,0
81,Male,13.7,44.4,88.4,28.2,32.3,4.7,7.6,211.5,98.1,178.0,398.5,6.9,1
35,Female,14.6,42.7,91.2,30.2,35.3,5.4,7.4,236.4,100.7,159.9,401.3,9.8,0
14,Male,13.5,44.3,88.4,28.2,32.2,4.7,6.2,397.5,98.4,178.1,398.3,6.9,1
32,Male,16.8,46.6,90.6,30.7,34.1,6.1,9.3,275.6,100.3,181.0,401.0,9.9,0
16,Female,12.8,43.0,90.8,28.8,32.8,6.1,6.4,315.5,101.4,160.4,401.5,8.1,0
35,Male,15.5,47.2,90.6,31.2,35.1,6.1,5.7,220.7,101.5,181.1,401.3,8.5,0
76,Male,17.0,47.5,91.2,30.0,34.8,5.53,7.3,261.5,101.5,180.9,400.8,9.3,0
58,Male,16.2,46.7,90.7,31.3,34.9,6.1,6.5,245.8,101.4,181.4,401.4,9.9,0
17,Male,16.9,47.0,90.3,30.4,34.7,6.1,7.4,234.7,100.4,181.2,401.4,9.1,0
70,Female,12.0,40.3,88.1,28.3,32.3,4.2,8.4,206.4,98.2,157.0,398.3,6.6,1
19,Female,14.2,43.4,90.8,31.4,35.0,5.4,6.1,236.6,101.2,160.2,400.9,9.4,0
78,Female,12.2,40.5,88.3,28.1,32.5,4.2,7.8,190.8,98.1,157.2,398.2,6.7,1
48,Male,16.8,47.4,91.1,30.3,34.5,5.45,7.4,263.3,100.9,180.5,400.1,9.6,0
7,Female,10.8,43.4,88.9,30.6,34.3,4.04,6.2,287.1,98.7,159.6,399.5,7.5,1
79,Male,14.3,46.0,89.7,29.5,34.8,5.71,6.8,273.0,98.9,179.2,400.5,9.0,1
64,Male,13.5,44.2,88.2,28.3,32.3,4.7,7.0,281.5,98.1,178.1,398.0,6.6,1
4,Female,11.0,40.2,88.0,28.4,32.1,4.2,6.9,232.4,98.2,157.5,398.0,6.9,1
79,Female,15.1,43.4,90.5,30.2,35.2,5.19,7.8,262.4,100.9,160.3,400.3,9.9,0
27,Female,12.0,40.4,88.1,28.2,32.0,4.2,6.3,257.0,98.4,157.1,398.2,6.6,1
15,Female,12.0,40.2,88.5,28.4,32.3,4.2,5.5,274.9,98.2,157.3,398.0,6.7,1
67,Male,13.5,44.4,88.1,28.1,32.4,4.7,5.2,300.9,98.1,178.3,398.1,6.8,1
1,Female,11.0,40.3,88.2,28.4,32.3,4.2,8.5,311.6,98.2,157.5,398.3,6.7,1
63,Female,12.0,40.3,88.2,28.4,32.2,4.2,4.5,221.2,98.2,157.2,398.2,6.9,1
9,Male,12.3,46.9,91.4,30.9,35.2,6.1,5.9,216.9,100.9,180.6,401.3,9.9,0
8,Female,11.0,40.1,88.2,28.2,32.2,4.2,4.7,308.3,98.3,157.3,398.0,6.8,1
39,Female,14.1,42.2,90.3,31.3,34.7,4.97,11.0,342.8,100.8,159.2,401.5,8.6,0
71,Male,16.5,47.2,90.8,31.1,35.3,6.1,6.8,292.4,101.4,180.9,401.3,8.6,0
58,Male,16.4,46.4,90.6,30.7,34.1,6.1,9.5,220.7,101.0,180.3,400.3,8.9,0
11,Male,11.0,44.1,88.2,28.3,32.4,4.7,6.6,231.0,98.5,178.2,398.0,6.6,1
88,Male,15.7,47.2,91.1,30.3,34.6,6.03,8.0,274.4,100.1,180.8,401.1,9.7,0
41,Male,14.0,44.1,88.4,28.0,32.5,4.7,9.4,260.5,98.1,178.2,398.0,6.8,1
15,Female,14.9,41.1,88.7,29.3,32.8,3.48,6.1,186.7,100.7,157.7,401.4,7.0,0
77,Male,13.9,44.1,88.2,28.5,32.1,4.7,6.7,335.7,98.1,178.1,398.4,6.7,1
37,Male,16.5,46.6,91.3,31.5,34.7,5.99,8.8,245.3,101.0,180.1,400.8,8.5,0
7,Female,11.0,40.3,88.3,28.1,32.2,4.2,7.3,297.7,98.4,157.1,398.3,6.6,1
41,Female,12.2,40.5,88.3,28.3,32.2,4.2,5.3,224.8,98.1,157.2,398.3,6.9,1
81,Female,14.6,42.2,90.4,30.6,35.0,5.22,6.1,312.2,101.3,160.4,400.3,9.2,0
34,Female,14.6,42.2,90.9,30.1,35.4,5.4,7.6,186.1,100.9,160.2,401.1,10.0,0
9,Male,11.9,46.0,91.4,28.6,33.5,4.51,5.5,243.6,99.9,179.4,401.4,7.5,0
24,Female,14.7,42.0,90.9,31.0,35.2,4.9,7.9,233.0,100.3,159.9,400.2,9.1,0
17,Female,14.0,42.7,91.1,31.0,35.3,5.4,5.1,285.3,100.9,160.2,400.9,9.1,0
12,Male,16.8,46.5,91.0,30.0,34.6,5.93,5.8,253.9,101.2,180.3,401.0,9.7,0
87,Male,13.8,44.3,88.5,28.4,32.4,4.7,4.5,204.6,98.2,178.2,398.3,6.8,1
10,Female,12.9,40.8,89.6,30.6,35.0,5.21,7.7,299.6,101.3,157.5,399.5,7.2,1
54,Male,16.5,46.2,91.2,31.1,35.0,5.63,6.0,175.6,100.4,180.3,401.2,9.5,0
78,Male,13.6,44.4,88.2,28.3,32.1,4.7,8.6,252.3,98.1,178.3,398.3,6.9,1
19,Male,16.8,46.1,90.2,30.0,34.9,6.1,4.5,188.5,100.4,180.2,400.2,8.7,0
3,Female,11.0,40.2,88.1,28.3,32.3,4.2,7.3,219.2,98.3,157.3,398.1,6.7,1
83,Female,12.0,40.2,88.0,28.1,32.2,4.2,9.6,268.9,98.2,157.3,398.2,6.8,1
18,Male,17.0,47.4,90.2,30.6,34.6,5.94,7.2,321.4,100.9,181.3,401.2,8.7,0
17,Female,12.0,40.2,88.4,28.3,32.3,4.2,6.6,183.3,98.2,157.1,398.3,6.8,1
66,Male,15.8,46.2,90.6,31.4,34.8,5.88,5.8,230.5,100.7,181.2,401.5,9.3,0
19,Female,12.2,40.0,88.4,28.5,32.4,4.2,7.0,199.1,98.3,157.4,398.3,6.8,1
9,Male,11.0,44.0,88.1,28.5,32.1,4.7,6.8,150.0,98.2,178.1,398.1,6.6,1
15,Male,16.2,46.6,90.9,30.7,34.5,6.1,6.0,247.3,100.3,180.8,401.3,9.8,0
52,Male,15.9,47.3,90.9,31.2,35.0,6.04,7.4,250.9,101.1,180.5,401.2,9.7,0
3,Male,13.5,47.3,90.1,31.3,34.7,6.1,8.0,259.7,100.0,180.7,401.0,9.6,0
9,Female,11.0,40.1,88.2,28.3,32.0,4.2,8.1,273.1,98.4,157.5,398.2,6.8,1
70,Male,13.5,44.1,88.5,28.0,32.4,4.7,6.4,235.9,98.0,178.4,398.1,6.6,1
4,Female,12.4,43.2,91.0,30.2,34.4,5.4,9.9,326.1,100.3,159.9,401.2,9.8,0
3,Male,13.5,47.5,91.2,31.3,34.4,6.1,8.1,280.6,101.3,181.5,400.4,8.6,0
15,Female,12.8,40.5,90.4,29.9,33.2,3.94,5.6,260.7,99.2,157.6,400.8,9.9,1
88,Female,14.9,42.5,90.3,31.1,35.2,5.4,9.2,181.6,101.0,160.0,400.4,9.9,0
62,Male,13.7,44.1,88.5,28.2,32.1,4.7,8.6,276.0,98.0,178.2,398.2,7.0,1
17,Female,15.0,43.5,91.2,30.3,35.1,5.4,8.1,245.9,101.1,160.0,400.0,9.8,0
21,Female,15.1,42.2,91.5,28.6,34.8,4.07,5.5,252.3,99.0,158.5,400.8,9.5,0
10,Male,12.4,47.0,91.0,30.4,35.4,5.63,8.0,245.0,100.6,181.0,400.6,8.9,0
80,Male,16.6,46.8,91.2,30.8,34.8,5.48,5.2,295.0,100.0,180.1,401.4,9.0,0
18,Female,14.7,41.4,91.1,31.0,34.4,5.84,5.4,277.0,98.5,159.3,399.1,8.8,1
23,Female,13.8,42.9,90.9,30.1,34.6,5.4,7.9,266.0,101.3,159.2,400.9,9.4,0
9,Male,11.0,44.3,88.2,28.3,32.1,4.7,9.3,262.3,98.2,178.0,398.3,6.9,1
76,Male,13.7,44.2,88.4,28.5,32.4,4.7,4.7,205.6,98.1,178.4,398.2,6.9,1
19,Female,15.0,42.1,90.2,30.2,34.2,5.29,6.2,285.0,100.4,160.0,400.1,9.0,0
46,Male,13.6,44.1,88.3,28.2,32.4,4.7,8.4,231.3,98.3,178.4,398.2,6.7,1
78,Male,13.6,44.1,88.1,28.2,32.1,4.7,9.5,150.0,98.3,178.1,398.2,6.5,1
86,Male,15.9,46.9,91.5,30.7,35.4,6.1,6.1,176.0,101.0,180.8,400.1,10.0,0
83,Female,14.7,43.2,91.3,30.5,34.8,5.4,9.1,292.6,101.2,159.1,400.3,9.6,0
13,Female,12.2,40.4,88.5,28.3,32.1,4.2,4.5,211.8,98.4,157.3,398.4,6.8,1
55,Female,14.0,42.2,90.2,31.3,35.4,5.4,6.8,309.9,100.5,159.9,400.9,9.4,0
43,Female,12.1,40.1,88.3,28.1,32.2,4.2,4.6,290.1,98.1,157.0,398.3,6.8,1
10,Female,11.0,40.2,88.4,28.1,32.4,4.2,5.5,220.1,98.3,157.3,398.3,6.6,1
29,Male,13.6,44.3,88.5,28.0,32.3,4.7,9.0,186.2,98.3,178.1,398.4,6.7,1
19,Male,13.9,44.3,88.2,28.2,32.3,4.7,6.9,299.6,98.4,178.3,398.2,6.7,1
71,Female,14.9,43.5,90.8,30.1,35.2,5.4,6.4,208.5,101.4,159.0,401.2,9.8,0
60,Female,12.0,40.4,88.2,28.2,32.2,4.2,7.1,257.5,98.2,157.3,398.3,6.7,1
15,Male,16.0,47.3,91.0,31.5,35.2,6.1,8.0,214.5,100.0,181.0,400.7,9.0,0
61,Female,12.8,43.5,89.3,30.7,33.5,4.37,6.0,233.8,101.3,159.8,399.2,7.9,0
64,Female,12.2,40.2,88.5,28.1,32.3,4.2,8.1,288.1,98.1,157.2,398.4,6.8,1
15,Female,12.2,40.1,88.4,28.2,32.0,4.2,5.0,279.5,98.4,157.2,398.1,6.9,1
89,Male,16.0,46.5,91.0,31.2,34.6,6.1,7.4,271.3,100.1,181.2,401.2,9.5,0
13,Female,15.2,42.7,91.1,31.0,34.8,5.4,6.4,179.6,100.2,159.3,401.1,8.5,0
55,Male,13.5,44.4,88.1,28.3,32.3,4.7,6.1,228.1,98.1,178.3,398.1,6.7,1
12,Male,16.8,45.9,91.5,30.0,33.8,4.13,7.7,358.9,101.5,179.8,399.0,7.8,1
64,Female,12.0,40.3,88.2,28.2,32.1,4.2,8.8,242.4,98.3,157.3,398.4,6.6,1
46,Female,13.7,41.2,89.0,30.0,35.2,5.27,6.5,325.0,99.4,160.4,399.1,9.8,1
14,Male,13.5,44.4,88.4,28.3,32.2,4.7,9.3,204.4,98.2,178.4,398.1,6.7,1
2,Male,11.0,44.2,88.3,28.1,32.4,4.7,7.1,302.2,98.3,178.1,398.1,6.7,1
80,Male,15.1,47.2,90.0,30.7,32.6,4.07,9.2,263.5,98.7,179.3,399.9,8.5,1
3,Female,11.0,40.3,88.1,28.3,32.2,4.2,5.6,316.5,98.2,157.2,398.3,6.6,1
66,Female,14.0,43.3,90.0,30.4,34.6,5.4,6.8,274.6,101.0,159.2,400.7,9.8,0
9,Female,13.5,42.8,90.5,31.2,34.5,5.4,6.5,223.3,100.8,160.3,400.3,8.7,0
40,Male,15.2,47.0,90.9,29.9,32.6,5.03,5.3,220.8,98.9,179.5,399.7,9.2,1
15,Male,15.1,45.4,89.4,29.2,33.0,6.39,5.6,245.5,101.0,181.1,401.3,7.1,0
13,Female,12.0,40.1,88.1,28.2,32.5,4.2,7.1,246.4,98.3,157.0,398.5,6.5,1
60,Male,14.8,45.0,88.8,29.0,34.2,6.71,6.2,345.4,101.4,179.2,401.0,7.5,0
14,Male,16.2,46.1,90.7,30.6,35.2,5.93,5.8,259.0,101.1,181.5,401.2,9.3,0
63,Female,13.4,42.4,88.7,29.0,32.7,5.93,6.0,291.5,100.8,159.9,401.1,8.3,0
87,Female,12.0,40.0,88.3,28.5,32.1,4.2,4.5,185.6,98.2,157.1,398.1,7.0,1
8,Male,13.2,46.6,91.2,30.3,34.6,5.92,9.2,232.6,100.7,181.2,400.9,9.0,0
14,Female,12.0,40.5,88.3,28.5,32.1,4.2,6.4,196.2,98.5,157.1,398.3,7.0,1
57,Female,12.0,40.4,88.4,28.2,32.2,4.2,5.4,381.3,98.5,157.0,398.3,6.5,1
12,Female,13.9,42.2,90.5,30.4,34.3,5.1,7.4,201.2,101.0,160.1,400.8,9.9,0
16,Male,16.1,46.6,91.0,30.7,35.3,6.1,6.7,240.8,100.9,180.5,400.0,9.8,0
57,Female,14.3,42.1,91.1,30.2,34.9,5.4,9.1,179.9,101.1,159.3,400.9,9.6,0
79,Female,12.0,40.2,88.2,28.3,32.1,4.2,6.9,218.7,98.0,157.1,398.0,6.7,1
74,Female,12.1,40.2,88.1,28.1,32.1,4.2,6.8,150.0,98.3,157.4,398.4,6.8,1
76,Male,16.9,47.3,91.2,31.0,34.9,5.58,7.6,230.0,101.2,180.9,400.7,8.5,0
9,Female,12.1,42.7,88.8,30.4,33.6,4.65,6.0,238.5,100.3,158.8,401.0,9.2,0
80,Female,14.1,42.7,91.0,31.0,34.0,5.23,8.1,265.7,101.0,159.4,400.8,9.5,0
29,Female,14.9,42.5,91.1,30.3,34.9,5.4,6.9,183.0,101.3,159.8,401.3,9.2,0
4,Male,12.3,46.4,91.1,30.2,34.8,5.72,7.0,279.0,100.2,180.8,400.7,9.8,0
8,Female,11.0,40.2,88.0,28.2,32.3,4.2,7.5,204.1,98.4,157.1,398.5,6.9,1
17,Female,12.0,40.2,88.4,28.4,32.5,4.2,7.0,238.4,98.1,157.2,398.1,6.8,1
55,Male,15.6,46.2,91.0,30.8,34.2,6.1,6.1,260.3,100.0,180.2,400.6,9.7,0
16,Female,14.4,42.4,91.5,30.6,34.1,5.4,8.4,167.4,100.3,159.1,400.1,8.9,0
17,Male,13.8,44.2,88.1,28.3,32.3,4.7,8.8,283.0,98.0,178.4,398.5,6.8,1
72,Male,15.9,47.5,90.5,30.6,34.2,6.1,8.0,183.4,100.3,180.6,401.3,9.6,0
79,Male,15.8,47.0,91.1,30.1,35.3,6.1,10.9,191.2,101.1,181.0,400.0,8.7,0
16,Male,13.7,44.1,88.5,28.3,32.4,4.7,8.8,286.4,98.2,178.1,398.3,6.8,1
7,Male,13.6,45.3,88.7,29.0,35.5,5.82,4.9,211.2,101.5,179.1,399.1,8.3,1
9,Female,11.0,40.3,88.1,28.3,32.4,4.2,6.5,271.2,98.2,157.1,398.3,6.8,1
3,Male,12.5,47.0,90.3,30.8,35.1,5.56,4.6,272.0,101.4,180.7,401.2,9.3,0
17,Male,14.0,44.2,88.1,28.4,32.0,4.7,5.8,198.7,98.3,178.1,398.1,6.7,1
81,Female,12.0,40.4,88.4,28.5,32.4,4.2,6.7,150.0,98.0,157.2,398.4,6.8,1
32,Female,12.0,40.4,88.4,28.4,32.1,4.2,7.9,245.2,98.0,157.4,398.3,6.6,1
21,Male,13.9,44.2,88.3,28.2,32.1,4.7,4.8,250.5,98.2,178.0,398.4,6.5,1
60,Male,17.0,46.1,91.0,30.1,35.2,5.97,7.2,206.0,100.4,181.0,401.0,9.6,0
47,Male,14.0,44.3,88.0,28.1,32.4,4.7,6.0,229.3,98.4,178.4,398.4,6.5,1
61,Female,14.0,43.3,90.5,30.7,34.6,5.4,6.7,244.7,100.6,160.1,401.4,8.6,0
17,Female,12.0,40.5,88.0,28.4,32.0,4.2,7.4,197.5,98.2,157.3,398.0,6.9,1
55,Male,14.6,44.7,91.1,30.1,35.5,6.38,9.1,377.0,100.0,178.7,398.7,8.5,0
17,Male,16.1,47.5,91.2,28.7,32.9,6.9,5.8,261.2,99.5,179.6,398.7,8.9,1
15,Female,12.0,40.3,88.1,28.3,32.1,4.2,6.6,238.3,98.1,157.4,398.4,6.9,1
5,Female,11.0,40.2,88.2,28.2,32.2,4.2,8.1,182.4,98.4,157.1,398.1,6.7,1
27,Female,15.0,41.9,89.4,28.6,33.4,5.6,4.8,244.9,99.9,160.2,399.4,9.1,0
46,Male,15.6,44.9,90.1,30.5,33.1,4.19,5.8,150.0,100.4,179.0,399.9,9.7,1
34,Female,12.0,40.0,88.2,28.3,32.4,4.2,5.2,229.3,98.1,157.3,398.1,6.5,1
83,Male,16.5,47.4,91.3,30.4,34.7,6.1,6.6,281.1,100.7,181.3,400.5,9.2,0
47,Male,13.9,44.0,88.1,28.4,32.3,4.7,6.9,234.9,98.4,178.3,398.3,6.8,1
14,Male,16.5,47.3,90.9,31.3,34.4,6.1,6.6,248.6,100.8,181.0,400.9,9.6,0
5,Male,13.4,47.1,91.1,31.0,34.7,6.1,7.2,229.2,101.2,180.8,400.5,8.9,0
28,Female,14.1,42.5,91.0,30.0,35.1,5.4,7.2,220.9,100.6,159.1,401.0,9.4,0
0,Female,11.0,40.4,88.3,28.4,32.5,4.2,4.5,229.2,98.3,157.4,398.1,6.6,1
5,Male,11.0,44.0,88.1,28.4,32.4,4.7,8.7,274.5,98.1,178.3,398.1,6.9,1
19,Male,15.6,47.4,90.3,31.5,34.3,6.1,9.4,211.5,100.8,181.3,400.5,9.3,0
4,Male,12.6,46.2,90.1,31.0,34.5,6.1,6.7,228.0,100.8,181.2,400.5,9.4,0
13,Male,15.7,45.1,91.0,29.6,34.3,5.08,5.2,235.8,100.4,179.4,399.6,7.6,0
23,Male,15.0,44.5,88.7,31.1,32.9,5.39,5.3,221.0,98.9,180.4,401.1,8.8,0
16,Male,16.6,46.9,91.5,30.8,34.2,6.1,8.2,213.8,101.4,181.0,400.9,9.2,0
32,Male,15.9,46.6,90.9,30.5,34.3,5.57,6.8,300.6,100.9,180.7,401.3,9.3,0
58,Male,13.7,44.5,88.1,28.4,32.2,4.7,6.4,196.2,98.5,178.3,398.2,6.9,1
21,Female,14.7,42.5,90.4,30.3,34.1,5.08,4.5,206.8,100.3,159.2,401.4,9.9,0
61,Female,12.7,41.8,91.0,31.1,34.4,4.7,6.7,178.6,100.9,158.4,400.9,7.0,0
15,Male,15.7,46.2,91.1,30.3,34.5,6.1,9.7,228.3,100.9,181.0,401.1,8.9,0
1,Male,11.0,44.0,88.1,28.2,32.3,4.7,8.2,339.9,98.2,178.3,398.5,6.6,1
19,Male,16.1,46.8,91.2,31.3,35.4,6.1,6.0,266.8,100.8,180.4,400.6,9.5,0
35,Female,12.2,40.0,88.1,28.4,32.4,4.2,5.5,214.3,98.1,157.1,398.2,6.6,1
12,Male,15.7,45.3,90.0,30.9,35.1,4.83,6.8,236.3,101.2,180.5,401.4,7.1,1
22,Male,15.7,46.3,90.4,30.6,35.4,6.1,6.1,209.6,100.6,180.9,400.7,9.1,0
81,Female,12.0,40.4,88.3,28.0,32.4,4.2,4.9,255.2,98.1,157.1,398.4,6.7,1
14,Female,12.0,40.2,88.3,28.5,32.2,4.2,8.2,211.5,98.2,157.4,398.1,6.7,1
76,Male,16.4,46.4,89.3,30.5,35.2,6.69,5.6,287.3,99.2,179.6,399.1,7.7,0
0,Male,11.0,44.3,88.4,28.5,32.4,4.7,5.3,218.4,98.1,178.4,398.4,6.8,1
17,Male,13.6,44.5,88.4,28.0,32.1,4.7,5.5,207.5,98.1,178.1,398.3,7.0,1
11,Male,13.1,46.3,90.2,31.5,34.0,6.1,6.0,298.4,100.2,180.2,401.0,9.5,0
17,Female,14.7,43.4,91.1,30.3,35.5,5.26,6.9,150.0,101.5,159.1,401.0,9.0,0
77,Male,13.9,44.4,88.3,28.2,32.3,4.7,4.9,190.7,98.3,178.3,398.2,6.9,1
6,Female,13.6,41.1,91.4,31.0,34.1,4.54,9.8,181.3,100.6,159.6,399.2,8.7,1
76,Female,14.6,42.7,91.0,28.9,34.5,4.76,5.6,174.8,100.0,158.7,399.0,8.7,1
55,Male,13.6,44.2,88.5,28.1,32.0,4.7,6.9,160.6,98.1,178.1,398.4,6.9,1
8,Female,12.6,42.2,90.8,30.8,35.0,5.4,8.3,273.7,100.3,159.9,400.5,9.9,0
86,Male,13.5,44.4,88.4,28.1,32.0,4.7,7.2,171.0,98.0,178.3,398.0,6.8,1
19,Female,12.0,40.5,88.5,28.1,32.3,4.2,7.7,228.6,98.1,157.2,398.5,6.5,1
52,Female,12.0,40.0,88.4,28.3,32.3,4.2,8.1,233.7,98.1,157.5,398.1,6.9,1
2,Female,11.0,40.2,88.4,28.4,32.1,4.2,7.5,269.4,98.3,157.1,398.2,6.8,1
16,Male,13.9,44.4,88.4,28.3,32.1,4.7,5.3,210.3,98.1,178.3,398.1,6.7,1
12,Female,13.8,42.3,90.6,30.5,34.5,4.96,8.8,222.6,100.6,159.9,400.2,8.6,0
17,Male,15.8,46.1,91.4,30.5,34.7,5.57,6.7,259.2,101.3,181.1,400.2,9.3,0
85,Female,15.0,42.0,90.3,31.4,34.7,5.25,6.8,228.8,101.4,159.3,400.9,9.0,0
60,Male,13.8,44.1,88.4,28.3,32.0,4.7,9.7,208.0,98.4,178.1,398.3,6.6,1
13,Female,13.9,43.2,90.7,30.0,34.6,5.4,7.3,197.7,100.6,159.8,400.7,8.6,0
30,Female,14.5,43.4,90.6,30.3,34.5,5.4,5.8,174.3,101.5,159.5,400.2,8.9,0
33,Male,16.2,47.1,90.6,30.5,35.3,5.45,7.1,257.0,100.6,180.9,400.2,9.3,0
49,Female,14.7,42.9,88.7,30.5,33.8,5.54,6.8,283.5,99.1,159.3,398.9,7.5,1
18,Female,12.2,40.2,88.1,28.2,32.0,4.2,4.8,251.6,98.1,157.2,398.1,6.7,1
84,Male,13.7,44.3,88.1,28.5,32.4,4.7,7.0,294.9,98.4,178.4,398.0,6.9,1
3,Female,11.0,40.4,88.2,28.4,32.4,4.2,6.9,320.5,98.0,157.1,398.4,6.7,1
86,Female,14.1,43.5,90.7,31.4,34.6,5.29,8.3,234.8,100.5,160.0,400.7,9.9,0
57,Female,15.1,42.1,90.0,31.4,35.1,5.4,7.7,226.2,100.5,159.9,401.3,9.5,0
37,Female,14.9,43.3,91.3,31.3,34.3,5.4,6.4,228.3,100.7,160.4,400.9,9.8,0
19,Male,16.1,46.9,90.8,30.3,34.5,6.1,7.6,279.0,100.8,180.5,400.5,9.8,0
12,Male,16.5,46.8,90.6,30.6,34.8,5.41,7.3,227.7,101.4,180.4,400.6,9.4,0
46,Male,15.8,47.3,89.0,30.5,33.3,4.34,6.8,312.2,98.7,180.1,401.4,9.4,0
85,Female,15.0,42.5,90.7,30.3,35.2,5.4,8.4,214.6,100.5,159.0,400.9,9.1,0
17,Female,14.5,43.4,90.2,31.0,35.3,5.24,6.8,194.8,101.4,160.0,401.0,9.5,0
26,Female,14.0,43.5,91.4,30.7,35.0,5.4,5.6,239.1,101.3,159.7,401.5,9.3,0
17,Male,13.9,44.1,88.1,28.2,32.4,4.7,6.8,152.1,98.0,178.2,398.5,6.9,1
17,Male,16.2,47.4,90.8,30.7,34.9,6.1,5.9,244.3,101.2,180.6,400.2,9.5,0
11,Female,11.3,40.7,89.2,29.1,34.5,4.72,5.9,288.1,100.0,157.8,399.9,8.5,0
3,Female,11.0,40.5,88.5,28.2,32.1,4.2,9.2,247.9,98.0,157.1,398.3,6.5,1
15,Male,14.6,46.1,90.2,30.8,35.0,6.44,4.9,175.9,99.9,180.6,398.6,8.2,1
65,Female,13.2,42.0,90.2,30.1,35.4,6.26,4.5,256.3,100.7,159.1,400.7,8.1,1
54,Female,12.0,40.2,88.2,28.5,32.5,4.2,7.9,205.1,98.3,157.5,398.4,6.7,1
20,Male,15.3,46.6,89.3,30.4,34.9,4.21,4.7,234.2,98.7,180.9,401.0,9.0,0
17,Female,12.0,40.4,88.4,28.1,32.4,4.2,4.6,279.8,98.2,157.2,398.1,6.8,1
11,Female,11.0,40.5,88.1,28.0,32.3,4.2,4.9,362.2,98.4,157.1,398.1,6.7,1
66,Female,13.8,43.0,91.2,30.6,34.5,5.19,8.4,258.2,100.8,159.7,399.7,8.4,1
21,Female,14.1,42.1,91.3,30.9,35.5,5.4,7.4,300.1,100.1,160.4,400.2,9.3,0
27,Male,15.9,46.9,91.2,30.7,34.9,6.1,7.8,332.7,100.7,181.0,400.6,8.7,0
6,Male,12.3,46.8,91.2,30.7,34.1,6.1,6.0,210.0,100.2,180.5,401.1,9.3,0
17,Male,13.7,44.4,88.4,28.2,32.5,4.7,4.5,241.1,98.0,178.2,398.2,6.9,1
17,Male,16.5,45.8,89.3,31.1,32.7,5.63,7.7,266.4,98.9,179.9,400.6,9.7,1
48,Female,14.9,42.3,90.7,30.2,34.8,5.4,8.8,248.7,101.0,159.1,400.5,9.3,0
48,Female,14.3,42.9,91.3,31.2,34.9,5.4,8.8,239.4,101.2,160.4,401.5,9.2,0
11,Male,11.0,44.1,88.4,28.4,32.4,4.7,8.4,261.1,98.2,178.0,398.2,6.8,1
88,Female,12.0,40.1,88.1,28.0,32.1,4.2,6.9,183.4,98.3,157.1,398.2,6.6,1
16,Female,12.0,40.1,88.5,28.2,32.3,4.2,5.3,271.3,98.4,157.3,398.5,6.9,1
6,Male,11.0,44.2,88.0,28.3,32.4,4.7,8.3,150.0,98.2,178.3,398.4,6.9,1
44,Female,15.1,42.7,91.3,30.9,35.5,5.4,5.6,295.3,100.8,159.4,400.0,9.6,0
82,Female,12.2,40.1,88.3,28.2,32.4,4.2,8.0,207.9,98.4,157.2,398.1,6.7,1
54,Male,16.8,47.2,90.9,31.1,34.6,6.1,7.7,224.2,100.0,180.4,400.9,9.4,0
36,Male,16.7,46.1,90.1,30.4,34.8,6.01,7.8,330.1,100.4,180.4,400.7,9.1,0
13,Male,14.0,44.3,88.1,28.1,32.0,4.7,6.7,338.8,98.4,178.2,398.2,6.6,1
7,Female,12.5,41.2,90.0,30.8,32.9,3.66,7.5,237.4,100.0,160.4,401.2,7.7,0
16,Male,13.9,44.5,88.2,28.4,32.1,4.7,7.1,242.7,98.1,178.0,398.5,6.6,1
19,Female,13.8,43.3,91.4,30.9,35.2,4.98,5.7,191.1,101.4,159.8,400.0,9.1,0
61,Male,13.5,44.4,88.4,28.2,32.4,4.7,6.9,258.4,98.3,178.2,398.2,6.8,1
1,Male,11.0,44.1,88.4,28.2,32.5,4.7,6.3,265.6,98.0,178.4,398.1,6.9,1
8,Female,11.0,40.2,88.2,28.1,32.3,4.2,6.8,289.9,98.0,157.0,398.3,6.8,1
19,Female,12.1,40.1,88.5,28.2,32.1,4.2,6.3,197.9,98.3,157.4,398.5,6.8,1
21,Male,16.4,46.7,90.8,30.2,35.3,6.1,4.5,230.0,100.2,181.0,400.5,9.9,0
51,Female,13.8,42.1,91.4,31.1,34.3,5.35,9.8,253.6,101.3,159.1,401.0,9.2,0
64,Female,12.3,41.6,91.2,29.9,34.3,6.12,10.3,185.0,98.8,157.9,400.3,7.1,1
15,Male,15.9,47.0,91.5,30.1,35.3,6.1,4.5,239.8,100.3,180.4,401.2,9.4,0
18,Male,16.6,47.2,90.7,30.5,35.5,6.1,4.6,216.8,101.1,180.4,400.3,9.3,0
4,Female,13.3,42.8,90.9,30.0,34.4,5.4,6.2,162.8,100.3,159.2,400.3,9.3,0
12,Male,13.6,44.4,88.2,28.4,32.3,4.7,7.4,310.2,98.4,178.0,398.3,6.6,1
31,Male,15.8,47.5,91.3,30.0,35.4,6.1,7.4,220.3,101.0,180.3,401.1,8.6,0
1,Male,13.1,46.8,90.1,30.1,34.2,6.1,4.7,262.9,101.0,181.2,400.1,9.2,0
8,Male,13.1,46.1,90.0,30.2,34.6,6.1,8.7,276.5,100.7,180.5,400.2,9.8,0
66,Female,14.5,40.6,89.2,31.2,33.5,4.44,8.0,297.9,98.6,157.8,399.8,8.5,1
57,Male,16.8,46.7,90.6,31.1,35.4,5.44,10.2,199.8,100.5,181.2,401.5,9.9,0
2,Female,11.0,40.2,88.0,28.2,32.2,4.2,8.0,253.6,98.2,157.3,398.2,6.7,1
12,Female,12.0,40.2,88.1,28.0,32.3,4.2,7.5,330.3,98.1,157.1,398.1,6.8,1
83,Female,12.0,40.0,88.4,28.1,32.2,4.2,6.2,239.2,98.3,157.1,398.2,6.9,1
5,Male,12.3,46.2,90.8,31.0,34.6,6.1,5.8,252.0,100.3,181.3,401.1,9.8,0
7,Male,13.1,46.8,90.4,30.8,35.0,6.1,8.9,283.7,100.2,180.7,400.0,8.9,0
53,Female,14.6,42.3,90.1,31.1,35.2,5.4,6.4,303.0,101.1,159.9,400.0,9.1,0
1,Female,11.0,40.1,88.4,28.1,32.2,4.2,4.7,292.4,98.1,157.3,398.2,6.5,1
60,Female,14.8,42.2,90.9,30.1,34.6,5.4,6.6,265.9,101.0,159.3,401.4,9.3,0
83,Female,12.0,40.3,88.3,28.1,32.4,4.2,4.5,309.7,98.4,157.4,398.1,7.0,1
8,Male,11.0,44.2,88.5,28.3,32.4,4.7,8.5,170.8,98.3,178.4,398.3,6.6,1
17,Female,14.0,43.2,90.8,30.5,34.1,5.06,7.4,300.7,100.4,159.7,400.2,8.6,0
8,Male,13.5,47.0,90.5,30.8,35.0,6.1,6.5,213.6,101.2,181.3,400.2,9.9,0
18,Male,16.3,47.3,91.4,31.2,35.0,5.86,6.6,180.5,100.1,181.5,400.9,9.3,0
85,Female,14.0,43.2,91.3,31.3,34.0,5.06,7.0,213.0,99.1,158.8,400.6,8.3,0
18,Male,13.7,44.5,88.2,28.2,32.1,4.7,6.8,263.1,98.3,178.5,398.2,6.7,1
13,Male,16.9,45.5,88.6,28.8,34.9,6.67,6.5,205.2,99.7,180.1,400.9,8.7,1
70,Male,14.0,44.3,88.2,28.4,32.5,4.7,5.5,252.1,98.5,178.1,398.5,6.6,1
71,Female,14.2,41.0,88.8,31.4,34.0,4.56,7.9,303.7,100.2,158.2,400.2,8.6,0
52,Female,14.2,42.2,91.1,30.5,35.1,5.04,8.5,205.9,100.2,160.0,400.1,9.0,0
86,Female,15.1,42.7,90.5,31.0,32.9,5.63,8.2,243.6,98.8,158.1,399.6,9.9,0
89,Female,14.1,42.4,90.4,31.3,34.5,5.32,10.5,286.9,101.1,159.5,401.5,8.7,0
16,Male,13.9,44.2,88.0,28.0,32.3,4.7,7.3,226.7,98.3,178.3,398.1,6.5,1
6,Male,13.2,47.3,90.5,29.7,33.6,6.81,5.6,220.7,98.9,180.1,400.6,8.5,1
13,Female,15.0,42.5,90.1,30.1,34.2,5.4,6.4,245.7,100.8,159.3,400.4,8.7,0
8,Female,11.0,40.3,88.4,28.2,32.2,4.2,7.6,237.5,98.0,157.1,398.3,7.0,1
67,Male,13.7,44.3,88.2,28.2,32.3,4.7,9.5,250.4,98.5,178.4,398.5,7.0,1
63,Male,13.9,44.3,88.4,28.3,32.2,4.7,8.4,306.5,98.4,178.5,398.2,6.5,1
14,Male,13.7,44.4,88.1,28.4,32.2,4.7,4.6,278.6,98.0,178.0,398.2,6.6,1
2,Female,11.0,40.1,88.4,28.1,32.1,4.2,8.4,241.4,98.3,157.1,398.2,6.9,1
9,Female,11.0,40.2,88.3,28.2,32.4,4.2,7.4,289.7,98.5,157.3,398.2,6.7,1
14,Male,13.7,44.4,88.1,28.3,32.1,4.7,7.4,293.1,98.3,178.2,398.4,6.7,1
13,Male,15.9,47.0,90.9,30.8,35.0,6.1,7.3,298.4,101.2,180.4,401.0,9.9,0
7,Female,11.0,40.4,88.4,28.5,32.5,4.2,9.2,202.1,98.5,157.0,398.2,7.0,1
26,Male,13.8,44.2,88.2,28.3,32.4,4.7,8.7,255.3,98.1,178.5,398.4,6.7,1
3,Female,11.0,42.8,91.1,30.3,32.6,5.58,9.1,223.6,98.9,159.4,399.6,7.0,1
14,Male,13.9,44.4,88.1,28.1,32.1,4.7,8.1,265.3,98.3,178.4,398.2,6.8,1
63,Female,12.1,40.5,88.2,28.3,32.1,4.2,8.6,172.3,98.3,157.4,398.5,6.6,1
13,Female,12.0,40.4,88.3,28.4,32.3,4.2,4.5,226.1,98.4,157.1,398.2,6.8,1
86,Female,12.0,40.3,88.3,28.4,32.0,4.2,9.0,329.2,98.4,157.0,398.1,6.8,1
13,Male,15.0,47.0,91.4,29.8,34.7,6.63,6.1,230.3,99.2,181.2,399.4,8.6,0
79,Male,16.0,47.5,90.4,30.0,34.8,5.63,7.1,242.6,101.1,180.7,401.0,9.3,0
14,Female,13.9,43.1,91.2,30.6,35.0,5.38,6.5,193.2,100.8,159.1,401.0,9.6,0
69,Female,12.0,40.3,88.1,28.3,32.2,4.2,4.5,244.8,98.3,157.4,398.2,6.9,1
70,Female,13.9,42.9,90.1,30.1,34.5,5.4,8.5,192.9,101.1,160.2,401.4,9.0,0
16,Female,12.0,40.5,88.4,28.3,32.4,4.2,8.2,213.3,98.2,157.1,398.1,6.8,1
10,Male,11.0,44.4,88.2,28.2,32.4,4.7,7.9,266.5,98.1,178.1,398.3,6.6,1
6,Male,11.0,44.5,88.1,28.2,32.2,4.7,7.6,255.2,98.3,178.2,398.4,6.6,1
14,Male,15.6,46.6,91.4,30.3,34.4,5.55,9.4,297.3,101.0,181.3,400.7,8.7,0
55,Male,13.8,44.4,88.2,28.1,32.4,4.7,6.2,209.7,98.2,178.1,398.5,6.5,1
84,Male,15.7,47.4,90.7,30.3,35.4,5.56,8.2,320.7,100.1,180.5,400.2,9.4,0
60,Female,14.0,42.7,91.2,30.4,34.2,5.4,10.1,252.5,101.2,160.1,400.1,9.2,0
13,Female,12.8,41.7,89.1,30.9,32.9,3.43,6.7,248.1,99.6,159.8,400.9,8.1,0
17,Female,15.0,42.4,90.1,30.8,34.1,5.4,5.7,237.3,100.2,160.2,400.1,9.5,0
3,Female,12.8,42.6,91.0,30.1,34.3,5.1,6.7,237.9,100.9,160.1,401.0,9.2,0
53,Female,12.2,40.4,88.3,28.4,32.4,4.2,8.3,275.5,98.4,157.0,398.3,6.6,1
16,Female,13.9,42.8,90.0,30.5,34.7,5.4,5.2,251.1,101.4,160.0,400.5,9.9,0
30,Male,13.9,44.3,88.5,28.3,32.3,4.7,9.7,320.6,98.1,178.0,398.2,6.6,1
9,Male,12.6,47.3,91.3,31.3,34.4,6.08,8.3,246.1,100.8,180.7,400.2,9.5,0
18,Female,12.1,40.5,88.0,28.3,32.5,4.2,6.0,238.5,98.3,157.4,398.1,6.6,1
45,Male,15.9,46.3,90.6,28.9,33.2,5.99,6.2,220.1,100.5,180.7,399.4,9.6,0
13,Male,16.8,47.1,90.8,31.0,35.3,5.41,8.2,240.2,101.1,180.8,400.8,9.0,0
0,Male,13.5,47.4,91.4,30.4,34.2,5.85,6.8,280.6,100.0,180.7,400.1,9.3,0
15,Male,16.3,47.5,91.5,30.2,35.3,6.1,9.3,174.6,100.1,180.8,401.3,8.8,0
84,Female,12.0,40.3,88.0,28.2,32.4,4.2,4.9,258.5,98.3,157.3,398.3,6.9,1
69,Male,13.7,44.2,88.0,28.2,32.1,4.7,8.0,339.2,98.3,178.3,398.1,6.6,1
19,Male,14.9,45.8,89.3,30.9,34.9,6.1,6.7,260.7,99.8,180.9,401.4,9.4,0
1,Male,11.0,44.0,88.2,28.3,32.1,4.7,7.5,264.6,98.4,178.0,398.2,7.0,1
13,Male,13.7,44.1,88.2,28.5,32.2,4.7,5.1,199.2,98.3,178.1,398.2,6.6,1
58,Female,12.0,40.2,88.3,28.4,32.0,4.2,4.9,174.1,98.3,157.3,398.1,6.8,1
84,Male,15.8,46.3,91.0,30.6,34.0,5.92,7.8,278.5,100.7,180.7,400.9,8.8,0
47,Female,14.1,42.1,90.4,30.7,35.3,5.4,7.1,286.1,100.1,160.0,401.3,9.2,0
82,Female,12.0,40.2,88.3,28.4,32.5,4.2,4.5,290.0,98.1,157.1,398.1,6.9,1
9,Male,11.0,44.2,88.4,28.2,32.3,4.7,6.3,283.8,98.3,178.0,398.4,6.6,1
15,Female,13.8,42.3,91.0,30.2,34.7,5.4,8.6,188.6,100.9,159.7,401.3,9.5,0
72,Male,13.6,44.3,88.4,28.5,32.3,4.7,6.4,270.9,98.3,178.0,398.3,6.9,1
12,Male,14.0,44.4,88.2,28.4,32.4,4.7,5.4,298.0,98.0,178.1,398.4,6.7,1
22,Male,14.0,44.5,88.3,28.1,32.2,4.7,7.5,216.1,98.3,178.3,398.1,6.6,1
81,Male,16.5,46.7,90.8,30.4,34.1,5.9,6.0,249.7,100.1,180.4,400.6,9.1,0
65,Female,12.0,40.2,88.2,28.1,32.1,4.2,11.0,242.7,98.1,157.2,398.3,6.6,1
41,Female,13.1,43.5,89.9,29.7,32.5,5.01,8.0,249.1,99.5,159.5,400.4,9.4,0
68,Male,16.7,47.0,90.0,30.6,34.1,6.1,7.1,260.4,100.3,180.5,401.5,8.8,0
79,Female,14.3,41.6,90.5,29.0,34.4,3.95,7.8,213.5,100.9,160.0,398.7,7.4,1
7,Male,11.0,44.0,88.3,28.4,32.3,4.7,8.6,306.3,98.3,178.1,398.0,6.7,1
7,Male,11.0,44.1,88.3,28.2,32.4,4.7,6.0,174.1,98.1,178.2,398.2,7.0,1
75,Female,12.0,40.3,88.5,28.2,32.5,4.2,5.1,206.7,98.1,157.5,398.5,6.6,1
19,Female,12.0,40.2,88.3,28.5,32.3,4.2,6.4,254.7,98.5,157.1,398.3,6.7,1
65,Female,13.4,41.3,88.6,31.0,34.5,4.19,6.4,150.0,99.8,158.8,400.4,9.5,0
84,Female,12.0,40.4,88.5,28.5,32.2,4.2,8.2,233.6,98.4,157.2,398.1,6.8,1
10,Female,11.0,40.4,88.0,28.1,32.3,4.2,5.6,297.4,98.1,157.2,398.1,6.7,1
69,Male,15.8,46.1,91.0,31.1,34.4,6.1,6.9,222.1,100.1,181.1,401.3,8.9,0
70,Male,16.1,46.8,90.0,31.2,34.4,6.1,5.9,233.8,100.2,180.5,400.1,9.3,0
17,Male,13.8,44.4,88.5,28.5,32.2,4.7,5.2,232.2,98.2,178.5,398.2,7.0,1
55,Male,16.4,46.9,91.0,30.5,34.5,6.1,6.4,221.0,100.1,180.1,400.4,8.5,0
17,Male,16.3,47.0,90.6,31.3,35.2,5.5,5.0,280.6,100.8,181.4,401.3,9.1,0
0,Female,11.0,40.2,88.4,28.2,32.1,4.2,10.9,159.2,98.5,157.1,398.3,6.5,1
6,Male,11.0,45.9,90.2,31.4,32.8,6.33,8.4,293.0,101.0,181.4,400.4,9.7,1
39,Female,14.8,40.8,90.1,31.0,33.7,4.5,5.7,180.5,99.5,158.6,398.7,8.0,1
42,Male,16.6,46.2,90.9,29.8,35.4,4.09,5.3,228.4,99.4,178.9,400.0,7.0,0
12,Female,14.0,42.3,91.3,30.2,35.0,5.4,7.0,314.3,100.0,159.4,400.6,9.0,0
56,Female,12.0,40.1,88.0,28.4,32.1,4.2,9.5,218.0,98.2,157.3,398.3,6.6,1
10,Male,12.6,47.4,91.0,30.8,34.2,6.07,8.7,244.0,100.8,180.6,401.5,8.7,0
11,Male,11.0,44.3,88.3,28.2,32.3,4.7,4.5,169.4,98.4,178.4,398.2,7.0,1
79,Female,14.2,43.2,90.8,30.6,35.3,5.4,7.1,251.1,100.8,160.2,400.6,8.6,0
61,Male,16.4,46.7,91.0,30.7,35.0,5.86,7.7,291.9,100.5,181.2,400.7,8.8,0
43,Male,16.3,46.4,90.7,30.8,35.5,6.1,6.9,347.1,100.5,181.2,400.7,10.0,0
37,Male,15.4,45.0,91.4,31.2,33.3,4.01,6.0,234.8,99.8,180.2,398.7,9.9,1
18,Male,16.0,47.1,89.7,28.5,34.0,3.96,6.8,293.8,98.6,179.9,400.2,9.7,1
13,Male,15.7,47.4,90.8,31.2,34.5,6.1,8.0,249.6,101.1,181.1,400.1,9.3,0
67,Female,14.2,42.9,90.3,31.2,34.4,5.06,6.8,283.1,101.0,160.2,401.0,9.3,0
17,Male,15.5,45.6,88.6,30.9,33.2,6.86,7.6,237.8,99.8,179.2,398.8,7.4,1
5,Female,11.0,40.2,88.2,28.0,32.3,4.2,7.8,327.1,98.2,157.3,398.3,6.9,1
29,Female,12.8,42.9,91.5,29.4,32.8,5.73,7.1,211.7,100.7,159.4,400.2,7.8,0
36,Male,13.5,44.2,88.1,28.0,32.2,4.7,6.1,273.7,98.3,178.4,398.5,6.8,1
4,Female,11.8,42.4,89.2,30.0,35.4,6.04,4.8,215.7,101.5,158.2,401.0,9.9,0
22,Male,13.6,44.2,88.5,28.0,32.5,4.7,8.4,329.0,98.1,178.5,398.1,6.8,1
82,Male,16.9,46.1,90.8,31.0,34.4,6.1,8.2,275.3,100.7,181.1,400.5,8.8,0
7,Female,13.5,43.1,89.9,30.1,34.5,3.8,9.3,266.2,98.7,158.2,401.0,8.2,1
8,Female,11.0,40.2,88.2,28.3,32.5,4.2,5.6,214.2,98.5,157.3,398.1,6.7,1
8,Female,11.0,40.0,88.2,28.4,32.5,4.2,7.3,276.3,98.1,157.3,398.4,6.8,1
26,Female,14.6,42.6,90.5,31.2,35.1,5.4,5.1,220.0,100.8,160.2,400.9,10.0,0
31,Female,12.0,40.2,88.4,28.4,32.5,4.2,7.8,262.9,98.0,157.1,398.2,6.9,1
13,Female,15.1,42.6,90.0,30.3,35.4,5.4,4.5,227.9,100.5,160.3,400.5,9.3,0
10,Female,12.6,42.7,91.4,30.2,34.3,5.4,9.2,177.2,101.5,160.5,400.5,9.3,0
77,Male,14.8,47.3,89.1,31.0,35.2,4.72,9.3,277.2,101.1,181.0,401.0,7.2,1
77,Male,14.8,46.7,89.1,30.6,35.2,6.51,6.2,163.1,100.1,179.7,400.4,9.5,0
82,Male,14.0,44.2,88.4,28.0,32.4,4.7,5.0,323.0,98.3,178.5,398.2,6.6,1
69,Female,12.0,40.4,88.3,28.2,32.3,4.2,5.8,276.2,98.1,157.2,398.2,6.8,1
38,Female,15.2,42.8,91.1,31.0,34.4,5.4,4.5,307.4,101.0,160.2,400.5,8.5,0
15,Female,12.1,40.4,88.2,28.4,32.3,4.2,10.3,264.8,98.4,157.1,398.5,6.6,1
52,Female,14.7,42.3,90.9,30.7,34.6,5.4,5.3,195.5,101.0,159.8,400.0,8.6,0
25,Male,13.7,44.2,88.3,28.4,32.1,4.7,9.1,300.3,98.2,178.1,398.2,6.5,1
23,Female,13.8,43.3,91.4,30.0,35.2,5.38,7.0,382.8,100.8,159.7,401.3,9.5,0
63,Male,16.3,45.2,89.1,29.2,33.8,5.37,8.9,177.6,100.6,180.5,400.1,9.9,0
16,Female,15.1,42.1,90.2,31.2,35.4,5.26,9.0,219.4,100.1,159.3,401.3,8.7,0
90,Male,13.9,44.1,88.3,28.3,32.5,4.7,5.5,269.8,98.4,178.4,398.4,7.0,1
44,Female,12.1,40.4,88.1,28.2,32.1,4.2,6.9,349.0,98.0,157.5,398.3,6.5,1
74,Male,16.2,45.5,91.0,31.3,32.9,5.51,6.0,255.3,98.5,179.0,401.0,8.9,1
19,Female,14.9,42.5,90.8,30.4,35.3,5.4,7.6,237.8,100.9,159.7,400.1,9.9,0
44,Female,12.0,40.4,88.4,28.3,32.4,4.2,5.7,228.4,98.5,157.3,398.4,6.8,1
5,Male,11.0,44.3,88.3,28.2,32.2,4.7,6.8,250.2,98.3,178.0,398.5,6.7,1
5,Male,13.3,45.1,90.1,28.7,32.9,5.11,8.1,203.0,98.8,180.8,400.2,10.0,1
1,Female,12.0,42.7,89.9,30.1,32.9,4.91,7.0,253.5,99.0,158.9,400.1,10.0,1
16,Female,14.2,42.5,91.4,30.1,34.8,5.4,5.5,234.3,100.7,159.9,401.0,9.3,0
2,Male,13.5,44.6,89.7,30.6,33.9,4.57,8.5,262.2,101.3,181.5,399.7,7.6,0
18,Female,14.7,42.4,90.6,30.7,34.3,5.4,6.8,283.8,101.4,160.3,400.2,8.8,0
1,Male,13.0,46.4,90.4,30.5,35.2,6.1,8.4,171.5,101.1,180.4,400.6,8.7,0
16,Male,16.9,46.3,90.9,31.5,35.3,6.1,5.9,235.0,100.3,180.8,401.2,8.7,0
0,Male,11.0,44.2,88.4,28.1,32.4,4.7,4.6,225.5,98.4,178.4,398.4,6.8,1
29,Female,14.3,43.0,90.9,30.9,35.0,5.4,8.2,207.7,100.3,160.0,401.3,8.5,0
40,Female,13.8,40.7,91.0,28.7,35.3,4.79,8.8,247.0,100.1,158.8,399.1,9.2,0
16,Female,12.0,40.1,88.3,28.4,32.0,4.2,9.3,252.1,98.2,157.2,398.2,7.0,1
37,Male,16.7,46.1,91.4,31.4,34.8,6.1,7.1,221.1,100.6,181.2,400.6,9.5,0
71,Female,12.1,40.3,88.5,28.3,32.0,4.2,6.7,232.4,98.4,157.4,398.4,6.7,1
2,Male,11.0,44.4,88.4,28.4,32.1,4.7,7.4,205.6,98.2,178.4,398.1,6.8,1
73,Female,12.1,40.0,88.4,28.3,32.1,4.2,4.8,196.4,98.2,157.3,398.3,6.6,1
18,Female,14.5,42.1,90.4,31.5,35.5,5.18,7.0,186.2,100.7,159.6,400.8,8.8,0
79,Female,14.8,42.9,91.4,30.3,34.3,5.4,5.7,391.4,101.3,160.3,400.3,8.8,0
9,Female,11.0,40.3,88.1,28.3,32.0,4.2,4.5,216.2,98.3,157.5,398.4,6.6,1
10,Male,11.0,44.1,88.3,28.3,32.3,4.7,8.2,282.9,98.2,178.2,398.2,7.0,1
19,Male,16.4,46.4,90.4,30.7,35.0,5.58,6.2,215.2,101.5,180.6,400.9,8.9,0
20,Male,16.6,46.2,90.4,30.1,34.0,5.64,6.5,273.6,101.5,180.9,400.4,9.2,0
3,Female,11.0,40.2,88.3,28.1,32.3,4.2,9.5,234.6,98.3,157.0,398.2,6.9,1
72,Male,13.5,44.1,88.1,28.2,32.0,4.7,6.3,262.0,98.1,178.3,398.5,6.5,1
1,Male,13.4,46.4,91.0,30.8,35.4,5.98,7.1,314.8,101.2,180.4,400.5,8.5,0
90,Female,15.1,42.5,90.1,31.0,34.9,5.4,6.2,180.8,100.7,160.3,400.6,9.7,0
33,Female,14.5,42.9,90.9,31.3,35.2,4.88,4.5,326.6,100.5,160.4,400.7,9.6,0
16,Male,16.2,46.9,90.0,31.5,34.5,6.1,5.4,255.1,101.2,181.1,400.8,9.3,0
78,Female,14.4,42.2,90.5,30.7,34.4,5.4,7.0,241.1,101.2,160.1,401.0,9.1,0
6,Male,12.2,45.2,89.5,28.6,35.4,4.28,6.4,329.8,99.9,180.3,401.2,8.7,0
26,Male,15.8,44.6,90.3,30.6,35.4,6.83,8.3,190.2,98.8,180.7,399.5,7.6,1
14,Female,14.7,42.4,90.9,28.9,33.7,3.69,7.0,255.0,98.8,160.2,400.5,9.6,1
72,Male,16.1,47.2,88.6,28.9,34.3,4.78,8.2,245.5,98.8,180.4,400.9,7.4,0
30,Female,12.0,40.2,88.4,28.0,32.3,4.2,6.3,270.3,98.2,157.2,398.5,6.9,1
21,Male,16.6,47.0,90.2,30.2,35.1,6.1,6.0,240.1,100.0,180.4,400.0,8.8,0
14,Female,13.9,42.5,90.9,30.7,35.0,5.4,7.5,249.4,101.4,159.1,400.4,9.0,0
59,Female,15.0,40.8,90.3,30.2,35.0,4.81,10.2,286.8,98.7,159.9,401.2,7.9,0
82,Male,13.8,44.3,88.1,28.2,32.3,4.7,10.2,220.0,98.3,178.1,398.1,6.9,1
10,Male,13.2,46.3,91.3,31.3,34.3,6.1,8.3,218.4,101.5,180.0,401.3,9.4,0
30,Female,14.8,43.5,91.4,30.9,34.4,5.4,8.1,333.3,101.0,159.9,400.8,9.1,0
59,Male,16.6,47.1,90.5,30.2,34.4,5.6,5.5,205.5,101.0,181.4,401.0,9.9,0
3,Male,12.3,47.2,90.9,31.0,35.3,6.1,7.1,277.9,100.7,180.6,400.2,9.4,0
26,Female,14.0,43.0,91.3,31.2,34.7,5.4,8.9,264.5,100.7,159.9,400.6,9.3,0
6,Female,12.4,42.3,90.2,31.0,34.8,5.4,6.1,302.5,100.9,159.1,401.1,9.5,0
81,Female,15.2,43.2,90.9,30.2,34.5,5.18,6.7,307.2,100.8,160.4,401.3,9.7,0
2,Male,11.0,44.0,88.2,28.2,32.3,4.7,7.9,219.7,98.3,178.0,398.4,6.8,1
70,Female,12.2,40.2,88.2,28.3,32.3,4.2,6.7,189.7,98.1,157.1,398.1,6.5,1
80,Female,13.8,42.3,91.4,30.8,35.1,5.26,4.5,303.5,100.4,159.6,400.7,9.0,0
7,Male,11.0,44.0,88.4,28.3,32.4,4.7,7.7,213.3,98.1,178.3,398.3,6.8,1
11,Female,13.5,42.8,91.5,30.6,34.3,5.32,8.3,312.2,101.2,159.1,400.9,9.9,0
64,Male,13.6,44.3,88.3,28.2,32.2,4.7,7.6,373.0,98.3,178.0,398.0,6.6,1
43,Male,17.0,45.8,89.0,31.4,33.4,4.69,8.8,182.8,100.6,180.1,400.3,8.1,1
10,Male,12.5,47.5,90.7,30.8,35.3,6.1,8.9,266.9,100.5,180.5,400.6,9.5,0
13,Male,13.7,44.1,88.5,28.2,32.2,4.7,4.5,286.3,98.3,178.3,398.4,6.6,1
47,Female,12.7,40.8,91.3,30.6,33.4,3.59,6.0,262.9,101.3,158.3,399.3,8.4,1
18,Female,14.8,42.8,90.2,31.1,34.7,5.4,5.4,366.2,100.3,159.4,400.9,8.6,0
8,Male,13.5,46.9,90.5,31.0,34.2,6.1,4.5,259.2,100.9,180.9,400.1,9.5,0
10,Female,12.6,43.1,90.5,31.2,34.1,5.3,5.3,328.5,101.3,159.8,400.4,9.6,0
18,Male,13.7,44.2,88.2,28.4,32.1,4.7,5.2,283.9,98.3,178.0,398.1,6.6,1
1,Male,13.2,46.3,90.5,30.8,34.6,5.64,6.5,189.5,101.1,181.3,400.1,9.1,0
83,Female,14.7,42.7,90.5,30.8,35.4,5.4,8.8,192.4,101.1,160.0,400.2,9.3,0
28,Male,13.9,44.4,88.2,28.2,32.2,4.7,7.3,209.4,98.2,178.4,398.1,6.5,1
11,Female,11.0,40.2,88.1,28.2,32.4,4.2,8.3,217.5,98.4,157.2,398.3,6.9,1
49,Male,16.3,46.1,90.8,31.2,34.9,5.8,5.3,320.3,100.8,180.7,400.6,9.6,0
13,Female,12.0,40.3,88.3,28.3,32.1,4.2,6.2,247.3,98.2,157.2,398.0,6.5,1
2,Female,11.0,40.4,88.3,28.3,32.4,4.2,6.5,256.3,98.1,157.2,398.1,6.9,1
86,Male,16.5,46.1,90.9,31.2,34.6,5.7,8.8,266.2,100.1,180.9,401.0,9.4,0
73,Female,12.2,40.0,88.3,28.3,32.2,4.2,8.0,339.6,98.3,157.2,398.2,6.8,1
90,Male,16.1,46.5,91.2,31.4,35.1,6.06,5.4,250.6,101.1,180.9,401.4,8.8,0
32,Male,13.5,44.4,88.4,28.2,32.4,4.7,6.4,289.2,98.4,178.4,398.4,6.5,1
15,Female,13.0,42.0,89.7,29.7,33.3,4.3,6.1,323.6,98.7,157.6,399.1,7.7,0
88,Male,13.6,44.2,88.3,28.4,32.2,4.7,6.3,247.7,98.2,178.4,398.4,6.9,1
18,Male,13.8,44.2,88.2,28.1,32.0,4.7,7.3,240.9,98.3,178.1,398.5,6.8,1
34,Female,12.5,42.1,89.7,29.3,33.6,4.34,7.1,184.6,101.4,158.3,399.1,9.0,1
61,Male,13.7,44.3,88.3,28.4,32.4,4.7,5.4,234.3,98.3,178.1,398.3,6.9,1
3,Male,13.1,47.3,91.4,30.2,34.2,6.1,7.8,267.0,100.3,180.9,401.1,9.5,0
22,Female,12.1,40.4,88.3,28.4,32.1,4.2,5.8,207.5,98.3,157.2,398.1,6.5,1
23,Female,14.1,42.2,90.9,31.3,34.9,5.4,5.5,373.9,100.2,160.1,400.8,9.1,0
15,Female,12.1,40.2,88.3,28.1,32.3,4.2,5.4,313.9,98.5,157.3,398.1,7.0,1
17,Female,12.0,40.2,88.2,28.0,32.3,4.2,6.4,214.8,98.3,157.1,398.2,6.8,1
55,Male,13.8,44.1,88.3,28.2,32.2,4.7,4.7,235.4,98.1,178.4,398.0,6.9,1
0,Male,11.0,44.1,88.3,28.3,32.4,4.7,7.8,322.1,98.1,178.1,398.3,6.6,1
83,Male,16.2,47.1,90.9,30.1,35.3,5.86,8.5,302.4,101.1,181.4,400.5,9.3,0
41,Male,14.0,44.1,88.0,28.4,32.2,4.7,8.6,205.3,98.3,178.5,398.3,6.6,1
72,Female,14.5,42.6,90.7,30.6,34.9,5.28,5.2,277.2,101.1,160.2,400.9,9.1,0
19,Male,13.7,44.4,88.4,28.4,32.0,4.7,7.1,252.0,98.3,178.1,398.1,6.9,1
46,Female,14.0,43.3,91.2,30.6,35.1,5.4,8.1,201.7,100.8,160.0,400.7,9.6,0
83,Male,15.6,44.6,88.5,29.2,34.6,5.98,5.5,369.2,99.2,181.0,400.2,8.0,0
40,Female,14.7,42.3,91.0,30.9,35.3,5.18,6.9,294.0,100.1,159.7,400.8,9.7,0
81,Female,12.1,40.3,88.0,28.2,32.3,4.2,4.7,294.5,98.1,157.2,398.2,6.8,1
11,Male,12.5,47.4,91.5,30.6,35.4,6.1,8.4,197.5,101.0,181.5,400.4,9.5,0
47,Male,17.0,47.1,90.9,30.1,34.6,6.1,6.6,319.2,101.4,180.4,401.1,9.1,0
16,Female,12.0,40.3,88.1,28.4,32.0,4.2,6.1,296.4,98.0,157.4,398.4,6.8,1
50,Female,15.2,41.0,91.3,31.4,32.8,4.66,4.9,233.8,99.8,160.0,401.2,8.0,1
14,Male,16.9,46.4,91.0,31.4,35.0,6.1,6.3,303.6,100.9,180.2,400.8,8.8,0
71,Female,14.7,43.5,90.7,30.6,35.4,5.16,7.5,239.4,101.0,159.1,401.0,9.7,0
0,Male,13.2,46.0,90.2,31.0,34.0,5.64,9.8,273.7,101.0,180.3,401.1,8.9,0
56,Male,15.8,46.5,90.7,30.9,35.0,6.1,8.2,235.0,100.1,180.7,401.2,8.6,0
33,Female,14.2,42.3,90.6,31.1,34.2,5.4,5.8,177.9,101.2,160.4,400.4,9.4,0
82,Female,15.2,42.5,90.4,31.0,34.3,5.4,9.3,206.0,100.9,159.1,401.1,9.7,0
56,Female,13.8,43.1,90.3,31.0,34.0,5.27,4.5,260.6,101.0,159.8,401.4,9.0,0
26,Female,12.2,40.1,88.0,28.0,32.0,4.2,5.7,150.0,98.1,157.2,398.1,6.8,1
0,Male,11.0,44.1,88.5,28.1,32.4,4.7,5.4,157.1,98.0,178.1,398.1,6.7,1
19,Female,15.1,42.9,91.1,31.0,34.8,5.4,6.9,323.8,100.2,159.1,400.3,9.0,0
79,Female,15.2,43.2,90.6,28.6,34.7,5.19,6.9,283.0,100.3,159.2,398.6,7.6,0
16,Male,13.7,44.5,88.1,28.2,32.2,4.7,10.5,268.3,98.2,178.4,398.2,6.6,1
7,Male,12.3,46.5,90.4,30.5,34.1,6.1,4.5,275.4,100.6,180.7,400.9,9.3,0
19,Female,13.6,43.2,90.3,30.6,35.2,3.74,5.3,272.3,100.9,159.8,398.7,9.8,1
72,Male,13.6,44.3,88.0,28.4,32.1,4.7,11.0,317.0,98.1,178.3,398.3,6.7,1
7,Male,11.0,44.3,88.4,28.1,32.1,4.7,6.5,247.3,98.3,178.2,398.1,6.8,1
54,Female,12.0,40.1,88.3,28.3,32.1,4.2,7.0,211.5,98.0,157.5,398.3,6.9,1
85,Male,16.9,46.3,91.0,30.9,34.3,5.5,6.3,270.3,100.3,181.5,401.1,8.9,0
76,Female,12.5,40.5,89.3,30.2,35.1,5.29,6.9,182.3,99.2,159.3,400.3,8.1,1
15,Female,15.0,42.3,91.0,30.2,34.1,5.0,7.8,304.2,100.2,159.6,401.1,8.9,0
14,Female,15.0,42.9,91.3,31.2,35.4,4.9,7.3,284.1,100.6,159.8,401.2,9.9,0
31,Female,12.0,40.2,88.2,28.2,32.0,4.2,6.9,207.9,98.0,157.3,398.2,6.5,1
14,Female,12.0,40.0,88.4,28.2,32.5,4.2,6.1,293.5,98.1,157.2,398.4,6.7,1
14,Female,14.3,43.1,89.0,31.3,33.3,3.87,8.4,154.6,100.1,157.9,401.3,8.7,1
77,Male,16.2,46.2,90.3,30.4,34.8,5.9,5.1,241.6,100.5,180.1,401.3,8.8,0
14,Female,12.0,40.1,88.1,28.0,32.0,4.2,6.3,280.3,98.2,157.4,398.1,6.6,1
10,Female,11.0,40.4,88.0,28.1,32.4,4.2,7.4,336.1,98.3,157.2,398.1,6.6,1
77,Female,12.1,40.2,88.3,28.4,32.2,4.2,6.7,308.5,98.1,157.0,398.4,6.8,1
5,Male,13.4,46.0,91.5,30.8,34.5,5.94,7.2,234.1,100.7,181.4,400.4,9.3,0
70,Female,12.1,40.3,88.1,28.4,32.0,4.2,9.4,327.3,98.2,157.1,398.4,6.7,1
21,Female,12.0,40.3,88.1,28.3,32.2,4.2,4.8,366.5,98.1,157.1,398.2,6.9,1
85,Female,13.2,42.0,89.5,29.1,34.3,5.76,5.4,266.9,98.6,159.3,401.4,7.6,1
47,Male,17.0,46.2,90.8,30.1,34.5,6.1,6.8,278.2,100.1,180.6,400.2,8.8,0
16,Male,13.9,44.0,88.2,28.4,32.4,4.7,7.3,196.4,98.0,178.1,398.1,6.9,1
19,Male,13.8,44.1,88.1,28.5,32.4,4.7,6.9,232.8,98.3,178.1,398.4,6.6,1
71,Male,13.9,44.4,88.1,28.2,32.1,4.7,8.7,261.6,98.3,178.4,398.2,6.8,1
9,Female,12.9,43.3,90.5,31.1,35.0,5.03,6.4,263.1,101.1,160.5,401.4,9.7,0
38,Male,13.9,44.0,88.3,28.1,32.0,4.7,5.7,257.7,98.2,178.2,398.2,6.7,1
16,Male,16.5,46.0,89.7,29.2,32.9,5.64,6.3,257.2,98.7,180.7,399.8,7.9,0
53,Female,14.2,40.8,91.4,30.6,34.1,5.9,6.3,337.9,100.2,159.2,400.5,9.3,1
12,Female,15.0,40.7,91.1,29.5,32.5,4.19,8.4,270.9,99.4,158.8,398.5,7.7,0
85,Female,14.9,43.0,90.0,30.7,34.8,5.36,6.4,199.7,100.1,159.4,400.1,9.6,0
89,Male,16.8,46.4,91.0,31.2,35.4,5.56,6.8,257.0,101.1,181.1,400.0,8.8,0
6,Female,11.0,40.1,88.2,28.3,32.4,4.2,7.9,326.7,98.0,157.4,398.3,6.9,1
6,Male,13.3,47.2,90.6,30.2,35.1,5.94,5.2,294.7,100.1,181.5,400.2,10.0,0
25,Male,16.9,46.1,91.5,31.3,35.0,6.1,4.8,262.2,101.3,180.7,401.0,9.5,0
26,Male,15.7,47.4,90.9,31.2,35.2,5.78,7.8,251.8,100.1,181.0,401.4,9.0,0
74,Male,16.3,46.1,90.7,31.2,34.3,5.54,5.4,170.6,100.5,180.2,400.4,9.5,0
6,Female,11.0,40.0,88.2,28.2,32.1,4.2,5.1,199.9,98.4,157.0,398.2,6.6,1
53,Male,15.9,47.5,90.4,30.7,34.2,5.79,7.1,219.8,101.1,180.3,400.6,8.5,0
68,Female,14.6,43.4,91.0,30.2,35.4,5.03,6.1,271.9,101.5,159.5,400.7,9.2,0
27,Female,14.8,42.3,90.4,30.8,34.9,4.91,9.2,284.9,100.3,159.4,400.4,9.9,0
18,Female,12.0,40.1,88.2,28.1,32.2,4.2,6.6,318.1,98.4,157.1,398.3,7.0,1
5,Male,13.4,46.7,90.9,30.4,35.1,6.04,10.0,211.7,101.4,180.1,401.2,8.9,0
50,Male,14.0,44.0,88.4,28.1,32.3,4.7,5.5,255.7,98.3,178.1,398.2,6.8,1
22,Female,12.0,40.3,88.4,28.2,32.2,4.2,9.6,213.1,98.4,157.1,398.2,6.8,1
90,Female,14.5,42.2,91.4,30.7,35.3,5.4,6.7,270.3,100.6,159.9,401.4,9.9,0
67,Male,14.0,44.1,88.4,28.3,32.3,4.7,8.6,265.3,98.4,178.3,398.2,6.5,1
10,Male,12.7,46.7,90.1,30.3,34.9,6.1,5.5,342.7,101.0,181.2,400.2,9.1,0
47,Female,14.7,42.9,90.1,30.9,34.7,5.4,4.5,177.7,100.6,159.9,400.4,8.9,0
16,Male,15.8,46.6,90.3,30.8,34.3,6.1,7.7,203.8,101.1,180.2,400.7,8.6,0
59,Male,14.6,46.6,91.0,31.3,34.9,5.47,7.4,340.3,100.5,178.7,400.4,8.0,1
15,Male,16.0,47.4,90.8,30.6,34.8,6.1,5.5,224.3,100.9,181.0,401.1,9.8,0
83,Female,12.2,40.1,88.3,28.2,32.4,4.2,6.1,280.4,98.4,157.0,398.0,6.7,1
18,Female,12.0,40.2,88.2,28.1,32.5,4.2,5.1,181.0,98.0,157.3,398.1,6.7,1
16,Male,16.5,46.6,91.0,30.9,34.3,6.1,9.0,248.3,100.6,181.5,401.2,9.9,0
66,Female,14.7,42.3,91.1,30.2,34.5,5.4,6.3,300.7,100.3,160.4,401.1,9.7,0
18,Male,13.6,44.2,88.2,28.1,32.1,4.7,7.4,285.3,98.1,178.1,398.3,6.8,1
60,Female,14.9,42.0,91.2,30.5,34.9,5.4,9.1,306.3,101.3,159.6,400.8,8.8,0
12,Male,16.8,47.3,90.3,31.2,34.7,6.1,7.0,338.6,100.7,181.1,401.1,8.7,0
83,Female,13.9,42.4,90.8,30.7,34.5,5.4,6.6,332.5,100.8,160.1,401.3,9.3,0
4,Male,11.0,44.0,88.0,28.2,32.5,4.7,7.8,182.1,98.1,178.0,398.0,6.8,1
15,Female,12.1,40.1,88.3,28.4,32.1,4.2,7.2,281.3,98.0,157.1,398.4,6.7,1
16,Male,16.6,46.3,90.9,30.1,35.4,5.84,6.3,233.0,101.4,181.1,401.1,9.2,0
87,Male,16.7,46.9,90.3,30.4,35.2,5.71,8.8,188.0,100.8,180.7,401.3,8.8,0
19,Female,13.9,42.2,91.0,31.3,34.3,5.4,8.9,275.0,100.9,159.1,400.8,9.8,0
14,Female,12.0,40.2,88.4,28.2,32.1,4.2,7.1,326.2,98.2,157.4,398.1,6.6,1
78,Male,13.9,44.2,88.3,28.4,32.1,4.7,10.0,274.4,98.3,178.3,398.2,6.8,1
89,Male,16.6,46.5,91.4,31.0,34.7,6.1,4.8,226.0,100.6,180.8,400.8,9.6,0
13,Female,14.2,42.1,90.2,31.0,35.1,5.4,5.3,266.1,100.5,160.1,400.5,9.0,0
29,Male,15.8,47.0,91.5,31.0,34.9,6.01,7.9,236.8,101.5,180.7,400.4,9.7,0
26,Female,15.2,42.3,90.2,30.6,34.6,5.4,5.9,247.4,101.4,159.6,401.0,9.5,0
17,Female,13.8,42.3,91.3,30.6,33.9,4.96,8.9,292.6,99.7,158.3,399.4,8.1,1
6,Male,11.0,44.1,88.5,28.4,32.4,4.7,8.5,277.1,98.3,178.3,398.1,6.7,1
3,Female,13.5,42.1,90.7,30.6,34.4,5.4,6.0,323.3,101.2,159.7,401.3,8.9,0
90,Female,14.7,43.2,90.1,30.0,35.1,5.19,7.1,302.3,100.7,160.2,401.1,9.6,0
78,Female,15.1,43.1,90.3,31.4,34.3,5.36,6.3,277.2,101.0,159.7,400.9,9.9,0
12,Female,12.0,40.3,88.1,28.3,32.1,4.2,5.4,219.6,98.1,157.5,398.2,6.8,1
72,Female,15.1,42.1,90.9,30.3,35.5,4.9,4.9,284.0,101.3,159.2,400.6,8.8,0
1,Male,11.0,44.0,88.3,28.2,32.3,4.7,8.7,259.0,98.2,178.0,398.0,6.8,1
9,Male,13.1,46.7,89.0,29.6,35.2,5.3,9.0,254.6,101.3,181.3,399.3,7.2,0
75,Female,13.5,42.7,89.8,31.3,34.4,5.94,7.8,225.8,98.8,159.7,399.5,7.9,0
24,Male,13.6,44.1,88.0,28.4,32.0,4.7,5.7,150.0,98.4,178.4,398.3,6.8,1
22,Male,16.4,47.0,90.3,30.6,34.9,5.96,5.6,233.7,101.4,181.1,400.0,9.6,0
18,Female,12.7,40.8,90.4,31.1,35.2,4.87,9.0,302.5,99.9,159.5,399.6,8.9,0
10,Female,11.0,40.0,88.4,28.1,32.4,4.2,5.5,351.6,98.4,157.0,398.3,6.6,1
31,Female,12.0,40.2,88.1,28.3,32.2,4.2,10.3,315.7,98.2,157.4,398.5,6.9,1
81,Female,14.0,43.5,90.2,31.3,34.9,5.4,8.5,263.9,101.0,160.3,400.2,9.8,0
44,Female,12.6,41.2,89.0,29.9,33.3,5.36,6.3,318.5,101.2,159.3,401.1,8.4,0
8,Male,11.0,44.1,88.2,28.3,32.1,4.7,4.5,282.3,98.1,178.1,398.1,7.0,1
72,Female,12.0,40.5,88.1,28.2,32.3,4.2,5.1,168.9,98.0,157.0,398.5,6.6,1
6,Female,11.0,40.2,88.4,28.1,32.0,4.2,7.0,223.5,98.3,157.2,398.1,6.9,1
59,Female,12.0,40.0,88.5,28.4,32.1,4.2,6.7,263.9,98.3,157.1,398.3,6.5,1
19,Male,15.4,45.1,89.3,30.1,33.8,4.75,8.1,260.8,98.6,180.4,401.1,7.1,1
16,Female,15.1,42.3,89.5,29.2,34.2,6.24,8.3,247.8,100.1,159.9,400.3,8.8,0
90,Female,14.9,42.0,90.6,31.3,34.7,5.4,6.3,266.7,100.2,160.1,400.1,9.0,0
7,Male,13.0,46.7,90.8,31.4,35.2,6.08,8.0,330.8,100.7,180.3,400.7,8.9,0
19,Male,16.4,46.8,91.3,31.2,34.2,6.1,4.7,223.4,101.3,180.6,401.2,8.9,0
33,Female,14.7,42.8,89.1,31.3,33.6,6.26,8.8,241.6,99.4,158.8,399.1,8.5,1
18,Female,14.6,42.0,90.7,30.4,34.5,4.81,7.0,277.1,100.9,160.0,401.2,9.4,0
76,Male,13.6,44.1,88.2,28.4,32.3,4.7,7.8,235.5,98.2,178.3,398.3,6.6,1
18,Male,16.8,45.4,89.3,30.4,35.3,4.46,6.7,196.4,100.8,179.6,400.4,9.4,0
19,Female,15.0,42.4,90.0,31.3,34.2,4.83,5.1,174.0,100.1,160.2,400.6,9.2,0
71,Female,12.2,40.1,88.1,28.2,32.0,4.2,8.3,150.0,98.4,157.3,398.0,6.9,1
88,Female,14.7,42.1,91.3,31.5,34.6,5.4,5.6,227.0,100.4,159.5,400.9,9.7,0
19,Male,13.6,44.2,88.4,28.0,32.3,4.7,8.4,236.4,98.4,178.3,398.1,6.8,1
76,Male,15.6,46.3,90.1,30.4,34.7,6.1,7.6,283.1,100.0,180.5,401.0,8.7,0
40,Female,13.8,43.2,90.5,30.6,35.5,4.82,8.5,239.1,100.5,160.5,401.0,9.4,0
19,Male,13.8,44.1,88.4,28.4,32.5,4.7,9.4,326.5,98.3,178.2,398.1,6.8,1
59,Female,12.0,40.1,88.1,28.1,32.3,4.2,6.9,210.6,98.4,157.3,398.4,6.8,1
31,Male,13.6,44.2,88.0,28.2,32.2,4.7,6.7,206.2,98.3,178.4,398.4,6.7,1
11,Female,13.1,43.1,89.5,31.2,34.0,3.83,9.0,294.2,99.9,158.0,401.3,8.3,0
72,Female,12.0,40.2,88.0,28.0,32.3,4.2,6.1,232.9,98.5,157.1,398.3,6.5,1
42,Female,12.1,40.4,88.1,28.3,32.0,4.2,8.6,309.6,98.2,157.3,398.4,6.9,1
40,Male,15.8,46.8,90.8,30.2,34.3,6.01,4.5,207.7,100.2,180.0,401.5,9.9,0
73,Female,12.0,40.2,88.5,28.5,32.1,4.2,9.6,349.6,98.0,157.5,398.4,6.9,1
0,Female,13.5,42.1,91.2,31.3,34.6,5.24,8.8,301.8,101.2,160.2,400.4,9.5,0
51,Female,15.1,42.9,91.0,30.3,35.4,5.4,6.6,285.2,100.4,159.6,400.6,8.9,0
11,Female,12.3,42.8,90.2,30.7,35.4,5.24,4.5,238.5,100.9,159.3,400.4,9.8,0
8,Male,13.3,47.1,90.4,31.1,34.6,6.1,7.9,359.5,100.1,181.3,400.5,8.8,0
38,Male,15.6,46.3,90.4,30.2,34.1,6.1,9.2,193.9,100.3,180.4,400.9,9.3,0
65,Female,14.4,43.3,90.4,30.5,35.4,4.9,8.1,296.1,101.4,159.1,401.5,8.5,0
88,Female,12.0,40.2,88.0,28.3,32.2,4.2,9.4,293.2,98.3,157.1,398.3,6.6,1
10,Male,11.0,44.4,88.1,28.3,32.4,4.7,7.1,258.8,98.2,178.4,398.2,7.0,1
11,Female,11.0,40.3,88.5,28.1,32.3,4.2,6.9,247.1,98.4,157.1,398.3,6.6,1
45,Female,13.4,41.4,91.4,30.6,35.5,3.59,7.9,213.1,100.5,158.6,399.1,8.1,0
66,Male,13.7,44.4,88.5,28.5,32.2,4.7,8.1,221.7,98.0,178.0,398.3,7.0,1
15,Female,12.0,40.1,88.5,28.1,32.2,4.2,5.7,175.5,98.4,157.3,398.4,6.9,1
58,Female,14.6,41.3,88.9,30.3,33.9,4.04,6.2,270.4,101.0,160.3,400.7,9.0,1
17,Male,15.8,46.9,90.1,31.3,34.3,5.51,9.2,157.0,101.3,181.5,400.7,8.6,0
59,Male,13.9,44.1,88.4,28.4,32.5,4.7,5.7,184.0,98.3,178.1,398.2,6.9,1
49,Female,14.0,43.0,91.0,30.3,34.8,5.4,5.0,216.5,101.1,159.1,401.2,9.9,0
19,Female,15.2,41.6,88.8,30.6,35.1,5.37,9.7,357.1,98.9,158.1,399.0,8.2,1
10,Female,12.6,42.1,90.1,30.9,34.1,5.4,6.3,261.0,101.4,159.8,401.4,9.9,0
19,Female,14.0,42.9,90.9,31.1,35.3,5.13,6.1,312.6,100.9,160.3,400.4,9.4,0
13,Female,14.2,43.0,90.6,30.3,35.1,4.84,5.6,182.1,100.7,160.0,400.7,9.4,0
41,Male,13.5,44.5,88.1,28.1,32.4,4.7,5.9,238.6,98.2,178.5,398.1,6.9,1
17,Male,16.4,44.5,90.8,29.8,34.2,6.57,8.0,309.8,98.9,179.3,399.5,9.8,1
1,Male,13.4,47.1,90.2,31.3,34.2,5.85,6.0,182.5,100.4,180.7,400.6,10.0,0
18,Male,17.0,47.3,90.5,30.3,34.8,6.08,8.3,208.5,100.1,180.5,400.6,9.4,0
19,Male,13.6,44.1,88.0,28.5,32.1,4.7,7.7,249.2,98.1,178.1,398.0,6.9,1
10,Male,13.1,46.4,89.1,30.0,32.6,4.67,5.3,320.8,99.0,178.8,400.8,7.8,1
67,Female,14.8,42.4,91.5,28.9,34.6,3.43,7.6,275.5,100.9,158.6,399.1,7.6,0
19,Male,13.8,44.4,88.4,28.4,32.1,4.7,8.4,226.2,98.1,178.2,398.3,6.5,1
80,Male,16.2,47.5,90.2,31.4,35.2,6.1,6.2,221.0,100.0,181.1,401.0,8.8,0
7,Female,11.0,40.2,88.1,28.0,32.0,4.2,6.9,228.3,98.0,157.4,398.4,6.9,1
85,Female,12.0,40.3,88.1,28.2,32.1,4.2,6.9,316.3,98.2,157.1,398.2,6.9,1
56,Male,15.5,47.1,91.1,30.2,34.9,6.1,6.1,262.7,100.9,180.4,400.8,9.7,0
11,Male,11.0,44.4,88.1,28.3,32.4,4.7,4.5,213.6,98.3,178.3,398.1,6.9,1
7,Female,13.5,43.4,90.4,31.0,35.1,5.26,5.6,247.1,100.3,159.1,400.8,9.4,0
0,Male,13.1,46.7,91.4,31.0,34.1,6.1,6.7,170.0,100.7,180.9,400.5,8.7,0
63,Female,15.1,42.4,91.0,30.6,34.7,5.4,6.1,357.3,100.6,160.2,400.3,9.4,0
26,Female,12.1,40.3,88.3,28.5,32.3,4.2,6.8,165.7,98.2,157.2,398.3,6.6,1
62,Female,13.9,42.7,90.9,30.1,34.2,5.4,6.0,263.1,101.4,159.4,401.3,9.9,0
25,Male,13.8,44.4,88.2,28.0,32.4,4.7,5.9,204.1,98.4,178.3,398.4,6.8,1
4,Male,11.0,44.4,88.4,28.1,32.4,4.7,6.1,264.1,98.4,178.4,398.3,7.0,1
20,Male,16.8,46.6,90.2,31.3,34.7,5.59,8.3,299.8,100.3,181.3,400.4,9.7,0
5,Female,11.0,40.3,88.3,28.4,32.5,4.2,9.7,271.3,98.1,157.2,398.2,6.7,1
18,Male,13.7,44.2,88.1,28.4,32.3,4.7,5.2,252.7,98.3,178.1,398.2,6.8,1
75,Female,14.2,43.5,90.2,31.2,34.4,5.4,4.6,246.1,101.1,160.3,400.7,9.6,0
19,Female,14.3,43.3,90.4,30.0,35.2,5.4,4.5,246.7,101.2,159.0,401.4,9.8,0
49,Female,12.0,40.0,88.1,28.2,32.3,4.2,6.0,217.4,98.4,157.3,398.3,6.7,1
17,Female,15.0,42.5,91.3,30.6,35.0,4.93,7.9,213.9,100.0,160.5,400.3,9.9,0
17,Female,12.0,40.5,88.5,28.4,32.4,4.2,5.8,155.6,98.0,157.1,398.3,7.0,1
12,Female,15.2,42.9,91.1,31.4,34.8,5.4,10.4,298.0,100.7,159.2,400.8,10.0,0
16,Male,16.3,46.1,90.9,31.2,34.2,6.1,5.3,266.1,100.2,181.5,400.6,8.8,0
25,Male,16.3,46.5,90.4,30.6,34.8,6.1,6.6,230.0,100.6,180.5,400.6,9.7,0
23,Male,15.9,47.0,90.1,30.7,35.4,6.1,7.7,239.2,100.5,180.1,401.5,9.8,0
85,Male,16.0,46.6,90.7,31.4,34.2,6.1,6.7,304.8,101.5,180.8,400.3,9.3,0
64,Male,15.0,46.4,88.8,30.0,33.5,5.11,5.6,274.0,98.6,181.1,401.1,9.8,0
23,Male,16.3,46.1,90.5,30.3,35.1,6.1,7.2,332.7,100.1,181.1,401.2,9.9,0
77,Female,12.0,40.1,88.3,28.0,32.5,4.2,4.7,191.2,98.3,157.3,398.1,6.8,1
17,Male,15.9,46.8,90.5,30.3,34.4,5.45,6.9,344.5,100.1,180.3,400.2,9.4,0
70,Male,13.7,44.3,88.2,28.4,32.3,4.7,7.7,209.7,98.3,178.2,398.1,6.9,1
71,Male,13.6,44.4,88.4,28.5,32.0,4.7,7.8,264.4,98.2,178.5,398.1,6.7,1
38,Female,12.0,40.5,88.5,28.4,32.4,4.2,7.3,260.8,98.4,157.4,398.2,6.7,1
18,Male,13.7,44.1,88.3,28.4,32.4,4.7,7.5,246.9,98.0,178.4,398.1,6.9,1
88,Male,13.7,44.1,88.3,28.3,32.1,4.7,6.4,211.4,98.0,178.3,398.0,6.6,1
50,Male,14.7,46.0,89.1,30.8,33.7,4.52,6.0,286.6,100.1,178.6,399.4,7.5,0
2,Male,11.0,44.1,88.2,28.4,32.3,4.7,8.1,209.0,98.2,178.0,398.4,6.7,1
14,Male,15.8,46.6,90.5,31.2,34.8,5.59,6.0,324.2,100.4,180.6,400.7,9.0,0
70,Female,12.6,42.6,91.1,28.6,34.4,3.5,6.8,281.6,99.1,158.1,398.8,9.0,0
74,Female,14.7,42.1,91.1,30.9,34.5,5.36,6.6,219.1,101.5,159.7,400.7,9.4,0
0,Male,11.0,44.5,88.3,28.0,32.3,4.7,9.0,255.5,98.3,178.2,398.4,7.0,1
25,Female,15.2,42.3,90.4,30.4,35.2,5.4,8.6,232.0,100.4,159.6,400.1,8.7,0
1,Female,12.6,42.9,90.2,30.1,35.2,5.4,5.0,253.7,100.1,159.6,400.8,9.6,0
38,Male,14.0,44.1,88.5,28.3,32.2,4.7,4.6,298.2,98.5,178.1,398.3,6.7,1
1,Female,12.7,41.2,89.0,29.8,35.3,6.15,6.3,283.0,100.6,160.4,400.5,8.8,0
75,Female,14.8,42.7,90.3,31.4,35.4,5.12,5.2,276.5,101.3,159.1,401.5,9.4,0
19,Male,13.6,44.0,88.1,28.4,32.5,4.7,6.5,175.9,98.4,178.3,398.2,6.5,1
38,Female,12.0,40.0,88.2,28.4,32.1,4.2,10.2,150.0,98.3,157.3,398.4,6.7,1
15,Female,15.1,43.4,91.0,31.2,35.3,5.4,5.6,227.2,100.4,160.3,401.0,9.2,0
2,Female,11.6,40.5,90.6,30.6,34.8,3.73,8.6,176.4,101.1,160.0,399.7,8.0,0
69,Male,13.7,44.4,88.3,28.5,32.2,4.7,9.0,297.0,98.0,178.3,398.1,7.0,1
39,Male,15.8,46.8,90.6,30.8,33.0,4.85,7.7,323.7,98.8,181.3,399.0,8.8,1
28,Female,13.4,40.8,88.5,31.3,33.9,5.91,5.5,255.8,100.5,159.7,400.1,7.8,1
28,Female,13.2,42.7,89.7,30.1,33.0,3.72,5.3,244.9,101.3,159.1,400.2,9.1,1
19,Female,15.2,42.1,90.7,31.0,35.2,5.16,7.0,251.9,101.3,159.8,400.8,9.1,0
19,Male,14.5,47.4,89.2,30.0,33.9,4.08,7.7,228.3,99.3,178.5,401.0,9.9,0
61,Male,13.8,44.1,88.2,28.0,32.1,4.7,8.0,150.0,98.2,178.2,398.1,6.7,1
34,Male,14.0,44.3,88.4,28.2,32.4,4.7,9.0,204.7,98.5,178.1,398.3,7.0,1
88,Male,16.5,47.3,90.3,30.5,34.7,6.1,5.0,174.2,101.0,180.6,401.4,9.8,0
77,Male,15.6,46.3,91.1,30.5,35.5,6.1,6.2,251.0,101.4,180.3,400.8,9.1,0
2,Female,11.0,40.2,88.3,28.2,32.0,4.2,7.4,173.5,98.2,157.2,398.1,6.9,1
18,Female,15.2,42.3,91.3,31.5,35.3,5.4,8.3,302.5,100.7,159.4,400.4,9.6,0
64,Male,13.6,44.1,88.1,28.5,32.1,4.7,4.5,179.4,98.4,178.1,398.2,6.8,1
60,Female,14.2,42.2,91.0,30.8,35.3,5.76,5.6,228.0,99.0,160.1,400.7,10.0,1
1,Male,11.0,44.0,88.0,28.0,32.2,4.7,6.4,303.7,98.4,178.4,398.2,6.7,1
3,Female,12.9,42.9,90.6,29.5,33.3,5.79,4.5,264.5,101.1,160.0,400.0,9.4,0
76,Female,12.0,40.0,88.2,28.2,32.4,4.2,4.6,280.9,98.1,157.3,398.4,6.8,1
14,Female,15.2,43.4,91.2,31.0,35.4,5.4,7.2,289.9,100.2,159.3,401.3,9.3,0
7,Female,13.5,43.2,91.2,30.7,35.1,5.38,6.7,207.8,100.2,159.6,400.4,9.4,0
44,Female,14.4,42.6,91.0,30.0,35.4,5.06,7.6,238.6,100.0,160.5,400.1,8.7,0
43,Female,14.0,42.4,90.0,31.2,34.5,5.13,5.5,205.2,100.4,159.0,401.4,9.8,0
19,Female,12.0,40.2,88.3,28.0,32.4,4.2,8.9,264.9,98.1,157.3,398.1,6.6,1
0,Male,11.0,44.1,88.4,28.4,32.1,4.7,10.9,245.7,98.5,178.0,398.4,6.9,1
9,Female,12.3,42.3,90.2,30.5,34.5,5.4,6.8,245.2,100.9,160.0,400.4,9.4,0
8,Female,11.9,43.5,88.7,30.7,33.7,4.3,7.3,265.7,98.6,159.7,398.5,7.1,0
73,Male,17.0,46.6,90.7,31.2,34.9,5.46,6.9,217.4,100.4,180.2,401.0,8.8,0
8,Male,13.5,47.1,91.0,31.1,34.5,5.84,7.8,275.7,101.3,181.4,400.8,9.3,0
9,Male,11.0,44.1,88.5,28.5,32.0,4.7,9.0,308.2,98.2,178.3,398.4,7.0,1
68,Female,14.7,42.2,91.4,30.6,35.2,5.05,9.9,150.0,101.2,159.9,400.6,8.9,0
16,Male,16.9,46.2,90.6,30.7,34.6,5.94,7.2,233.7,100.7,180.3,401.2,9.7,0
86,Male,14.7,46.2,90.5,31.0,33.1,6.41,11.0,304.6,101.3,179.6,398.6,7.8,1
21,Male,16.5,46.2,89.0,31.4,34.1,4.64,6.3,232.9,100.2,180.4,400.2,9.5,0
7,Female,11.0,40.2,88.4,28.0,32.5,4.2,6.5,216.4,98.4,157.5,398.1,6.8,1
86,Female,12.0,40.3,88.3,28.3,32.1,4.2,5.2,220.3,98.2,157.1,398.3,6.6,1
40,Female,12.2,40.2,88.1,28.0,32.0,4.2,9.1,187.3,98.3,157.5,398.4,7.0,1
59,Male,15.5,47.2,91.2,31.4,34.3,6.1,4.5,209.0,100.8,181.2,400.0,10.0,0
84,Male,13.7,44.3,88.2,28.2,32.4,4.7,6.6,307.4,98.4,178.0,398.1,6.8,1
81,Male,15.8,47.5,90.9,30.2,34.4,5.65,7.4,233.7,100.7,180.9,400.5,9.3,0
7,Female,13.5,42.3,90.0,30.3,34.7,5.4,6.5,237.7,101.0,160.5,400.9,9.5,0
48,Female,12.0,40.4,88.4,28.5,32.0,4.2,7.7,201.8,98.1,157.2,398.4,6.9,1
19,Male,16.3,46.8,90.1,30.6,34.4,6.1,8.0,232.6,101.0,180.5,400.8,9.8,0
2,Female,11.0,40.2,88.4,28.1,32.3,4.2,8.7,225.4,98.2,157.1,398.4,6.8,1
83,Male,16.0,46.2,91.2,30.4,35.5,6.1,6.9,185.1,100.7,180.7,400.8,8.5,0
48,Female,14.0,42.2,90.2,30.7,34.2,4.99,8.2,177.1,100.9,160.5,400.2,9.8,0
18,Male,16.4,46.8,90.9,30.8,34.4,5.77,5.2,272.1,100.3,181.3,401.1,9.5,0
10,Male,13.4,47.1,90.8,30.1,34.6,6.1,8.6,368.2,100.4,180.6,401.3,9.5,0
42,Male,13.7,44.3,88.5,28.0,32.3,4.7,6.0,199.5,98.4,178.3,398.0,7.0,1
16,Female,12.0,40.0,88.5,28.0,32.1,4.2,7.0,271.3,98.2,157.1,398.5,6.5,1
76,Female,12.0,40.3,88.4,28.0,32.1,4.2,5.9,252.3,98.4,157.1,398.3,6.7,1
15,Female,12.0,40.0,88.4,28.4,32.4,4.2,4.5,252.2,98.1,157.2,398.3,6.5,1
64,Male,15.0,47.3,89.9,31.0,32.9,6.47,8.6,201.3,98.7,179.4,399.5,9.1,0
19,Male,16.5,46.9,91.1,31.0,34.8,6.1,4.6,234.6,100.0,180.8,400.9,10.0,0
90,Female,14.6,42.5,90.4,30.5,34.3,5.4,9.3,257.8,100.1,159.6,400.4,9.3,0
15,Female,12.2,40.2,88.5,28.0,32.1,4.2,6.3,266.5,98.3,157.4,398.2,6.5,1
11,Male,11.3,45.5,91.1,30.4,34.1,6.43,6.9,174.0,101.4,179.5,399.0,8.2,0
34,Female,14.2,43.1,91.4,31.1,34.5,5.4,6.5,277.5,100.2,159.2,400.7,9.6,0
42,Male,16.2,47.4,91.4,30.3,34.3,5.65,7.2,196.6,100.4,180.1,400.5,8.9,0
35,Male,13.8,44.4,88.0,28.1,32.4,4.7,7.2,226.6,98.0,178.1,398.0,6.8,1
14,Female,12.0,40.4,88.1,28.1,32.4,4.2,7.9,312.8,98.3,157.2,398.3,6.6,1
2,Male,13.5,47.4,91.1,30.1,35.0,6.02,6.0,247.9,100.3,181.2,400.7,9.0,0
13,Male,13.8,44.4,88.4,28.4,32.0,4.7,7.1,150.0,98.5,178.1,398.4,7.0,1
68,Male,16.0,44.7,91.2,31.2,32.8,5.15,10.3,257.5,100.1,178.5,398.9,9.5,0
9,Female,12.6,42.7,90.9,30.5,34.9,5.06,7.1,231.6,100.8,160.0,401.0,9.8,0
7,Male,13.4,46.2,90.7,30.5,34.1,6.1,5.6,216.6,100.4,181.4,400.7,9.2,0
15,Female,12.1,40.2,88.5,28.2,32.5,4.2,7.6,196.2,98.3,157.3,398.5,6.5,1
60,Female,14.7,43.5,90.7,30.3,34.3,4.89,5.8,299.6,100.3,160.1,400.5,9.4,0
76,Male,16.5,47.1,90.1,31.1,34.2,5.91,7.0,284.9,101.5,180.1,400.7,8.6,0
81,Female,14.4,42.7,89.6,31.1,33.4,5.0,7.8,327.5,100.0,158.2,400.5,9.3,0
5,Female,12.8,43.1,90.8,31.4,34.1,5.4,7.5,256.7,100.6,159.5,400.3,8.9,0
57,Female,12.0,40.0,88.4,28.4,32.0,4.2,8.0,210.2,98.0,157.2,398.1,6.8,1
3,Male,13.5,47.0,90.7,30.9,35.3,6.1,8.7,309.4,100.3,181.0,400.6,9.5,0
15,Male,15.9,46.7,91.1,30.6,35.4,5.54,9.2,205.7,100.3,181.0,400.2,8.6,0
54,Female,12.0,40.4,88.1,28.4,32.4,4.2,6.2,150.0,98.3,157.1,398.2,6.6,1
65,Female,12.0,40.4,88.2,28.1,32.5,4.2,8.1,219.6,98.4,157.3,398.3,6.9,1
34,Male,15.6,46.5,89.1,29.7,33.9,6.38,7.4,325.9,100.9,180.9,400.5,9.8,1
43,Male,13.7,44.3,88.3,28.2,32.0,4.7,7.9,254.5,98.5,178.1,398.4,6.6,1
17,Female,12.1,40.0,88.3,28.0,32.1,4.2,5.0,271.8,98.0,157.4,398.0,6.8,1
19,Female,12.0,40.5,88.1,28.2,32.3,4.2,7.1,241.6,98.3,157.5,398.2,6.7,1
26,Male,13.5,44.1,88.0,28.5,32.1,4.7,4.5,219.7,98.2,178.2,398.2,6.9,1
4,Male,12.4,46.1,90.4,30.2,35.3,5.73,7.8,221.3,101.0,180.7,400.8,9.6,0
46,Male,16.5,47.5,91.2,30.4,34.6,5.76,4.5,214.8,101.1,181.2,401.5,9.5,0
18,Female,12.7,41.9,89.7,30.9,33.9,6.06,5.6,208.6,100.3,157.6,400.5,9.3,0
18,Male,15.7,46.2,90.3,31.2,34.4,5.43,6.3,176.1,101.4,181.3,400.7,9.1,0
14,Male,15.6,46.9,91.2,30.7,34.8,6.1,5.0,276.9,100.9,180.9,401.1,9.4,0
17,Female,12.8,41.7,89.4,31.0,34.7,3.32,6.3,252.9,101.3,157.6,399.1,7.6,1
6,Male,12.6,46.8,90.1,30.7,35.1,5.92,8.6,280.5,101.4,180.4,400.6,8.7,0
18,Female,12.2,40.2,88.3,28.0,32.5,4.2,6.4,274.7,98.3,157.1,398.0,6.6,1
84,Male,13.5,44.0,88.2,28.1,32.2,4.7,8.4,291.2,98.3,178.4,398.1,6.8,1
17,Female,14.5,43.1,91.3,30.5,34.7,5.4,8.7,208.2,100.8,160.4,401.0,8.8,0
16,Female,14.3,43.2,90.5,31.0,34.2,5.4,5.7,224.3,100.9,160.0,401.5,9.5,0
76,Male,15.8,46.2,90.9,30.6,34.1,5.93,7.9,316.8,100.5,180.3,400.9,9.8,0
18,Female,13.0,40.7,91.4,29.3,33.9,3.58,4.6,281.9,99.5,159.1,399.9,8.2,0
24,Female,12.0,40.3,88.1,28.5,32.1,4.2,8.3,214.3,98.2,157.2,398.5,7.0,1
7,Female,11.0,40.3,88.4,28.4,32.3,4.2,7.5,253.5,98.4,157.2,398.4,6.9,1
1,Male,11.0,44.1,88.5,28.3,32.1,4.7,5.5,214.2,98.1,178.0,398.4,6.7,1
68,Female,12.1,40.1,88.1,28.1,32.1,4.2,4.5,366.1,98.5,157.0,398.2,6.6,1
68,Female,14.6,43.0,91.1,30.4,35.0,4.98,8.2,322.9,100.4,160.4,401.3,9.3,0
14,Male,16.7,46.9,90.3,30.8,34.4,5.89,6.2,240.9,101.5,180.0,401.0,9.1,0
63,Female,14.4,43.2,91.0,31.0,34.3,5.29,7.2,188.0,100.7,159.7,400.7,9.5,0
9,Female,11.0,40.3,88.1,28.5,32.5,4.2,4.5,293.0,98.4,157.5,398.0,6.7,1
59,Female,12.8,42.7,89.0,30.0,35.2,4.93,6.5,183.6,100.6,159.1,400.8,7.3,1
5,Male,11.0,44.4,88.2,28.3,32.4,4.7,8.9,259.9,98.1,178.4,398.0,6.9,1
9,Female,11.0,40.3,88.4,28.1,32.2,4.2,6.4,300.2,98.0,157.3,398.3,6.8,1
66,Male,13.6,44.4,88.0,28.3,32.4,4.7,5.6,276.0,98.4,178.3,398.3,6.7,1
76,Female,12.2,40.5,88.2,28.3,32.3,4.2,6.6,307.3,98.3,157.5,398.5,6.9,1
74,Male,16.0,47.1,90.9,30.2,34.5,5.73,7.5,150.0,100.8,181.1,400.3,9.9,0
0,Male,11.0,44.2,88.2,28.3,32.0,4.7,8.5,191.0,98.2,178.1,398.4,6.6,1
23,Female,14.8,42.3,91.0,31.2,34.2,5.4,7.1,233.5,101.5,160.2,400.4,8.6,0
17,Male,13.8,44.2,88.2,28.2,32.5,4.7,5.4,198.5,98.5,178.2,398.3,6.6,1
10,Male,13.2,46.2,91.1,30.5,34.7,6.1,7.8,213.7,100.5,181.0,400.2,9.5,0
0,Male,13.0,46.2,90.2,30.8,35.4,5.86,7.5,275.2,100.4,180.1,400.2,9.6,0
4,Female,13.5,42.7,90.5,30.6,35.1,5.4,7.8,410.8,100.1,159.4,401.2,9.8,0
19,Female,14.7,42.1,91.4,30.1,34.8,5.4,7.2,283.7,101.0,159.1,400.7,9.8,0
4,Male,13.5,46.6,90.4,30.8,34.5,5.53,7.4,309.7,101.5,180.4,400.4,8.7,0
9,Male,12.8,46.4,90.5,31.2,35.0,5.68,8.8,285.9,100.4,180.0,400.1,10.0,0
53,Male,14.5,45.4,91.2,29.2,34.4,4.06,7.5,310.7,100.0,180.7,400.8,7.7,1
11,Female,13.4,43.2,90.7,31.4,34.9,5.4,7.3,278.3,100.6,159.0,401.1,9.9,0
49,Female,14.1,43.4,90.4,30.7,32.7,6.02,9.0,291.6,101.1,159.5,398.9,8.7,1
14,Male,13.9,44.0,88.2,28.1,32.5,4.7,7.9,247.4,98.4,178.5,398.4,6.5,1
7,Female,13.7,42.5,90.7,28.7,33.8,3.37,8.2,276.5,98.9,157.8,401.0,8.5,0
75,Male,16.3,46.3,90.8,31.5,35.1,6.1,7.2,290.3,100.2,180.8,400.3,9.7,0
7,Female,13.1,42.8,90.1,30.2,34.8,5.4,6.5,291.2,100.8,159.8,401.0,9.5,0
49,Female,15.2,42.3,90.9,30.1,35.0,4.94,8.0,188.8,100.4,159.8,400.2,8.8,0
14,Male,13.5,44.2,88.3,28.5,32.2,4.7,6.2,300.6,98.5,178.2,398.5,6.5,1
22,Male,16.7,46.9,90.1,30.4,34.4,6.1,6.6,243.3,101.1,180.4,400.7,8.7,0
86,Male,15.8,46.5,90.0,30.2,34.4,5.5,7.5,211.2,101.0,181.4,400.2,9.0,0
19,Female,12.0,40.4,88.4,28.1,32.1,4.2,7.7,225.1,98.1,157.4,398.1,6.6,1
62,Female,12.2,40.2,88.4,28.1,32.4,4.2,7.4,257.3,98.4,157.3,398.4,6.9,1
88,Female,13.4,41.0,90.9,29.4,33.7,3.53,7.3,207.7,99.8,159.0,400.3,9.6,1
80,Female,12.0,40.5,88.0,28.2,32.3,4.2,4.5,237.7,98.4,157.1,398.3,6.8,1
13,Female,14.3,43.2,90.9,31.5,35.2,5.4,8.2,192.9,101.1,159.7,400.3,9.3,0
37,Male,16.6,47.1,90.0,30.5,34.0,6.1,7.2,198.0,101.2,180.3,400.7,9.4,0
55,Male,15.6,46.7,90.7,30.9,34.5,6.1,6.2,254.8,101.5,181.1,400.5,8.7,0
1,Female,11.0,40.5,88.1,28.1,32.0,4.2,9.0,204.1,98.3,157.3,398.3,7.0,1
13,Female,14.8,42.4,91.0,31.4,35.1,5.4,8.1,280.2,100.5,160.1,400.7,9.7,0
18,Male,13.9,44.2,88.3,28.2,32.2,4.7,5.5,251.8,98.2,178.2,398.4,6.7,1
87,Male,16.2,46.7,90.7,30.7,34.8,6.1,9.1,291.5,100.9,181.0,400.9,8.5,0
19,Female,15.1,42.1,90.5,31.0,34.5,4.91,8.5,223.7,101.5,159.1,400.9,8.7,0
11,Male,11.0,44.4,88.2,28.1,32.0,4.7,9.4,232.9,98.2,178.4,398.4,6.5,1
14,Female,13.9,42.9,90.8,31.3,34.5,4.86,7.7,246.4,101.2,159.1,401.3,9.2,0
12,Female,12.2,40.3,88.4,28.2,32.3,4.2,8.3,229.2,98.2,157.1,398.4,6.7,1
83,Male,13.8,44.1,88.4,28.0,32.3,4.7,6.6,215.6,98.2,178.3,398.3,6.8,1
11,Female,11.0,40.4,88.2,28.2,32.3,4.2,7.5,303.9,98.4,157.3,398.4,6.9,1
23,Male,15.6,46.1,90.4,30.9,35.4,6.1,6.8,256.6,100.4,180.1,401.2,8.6,0
6,Male,11.0,44.4,88.3,28.4,32.2,4.7,7.5,246.7,98.4,178.0,398.4,6.6,1
19,Female,14.6,43.1,90.7,30.3,35.1,5.4,8.0,224.5,100.9,159.4,401.0,8.9,0
16,Male,13.8,44.4,88.1,28.1,32.0,4.7,8.8,257.8,98.0,178.1,398.0,6.6,1
7,Male,12.5,47.5,91.4,30.3,34.2,5.53,5.0,150.0,100.9,180.1,400.3,9.9,0
18,Male,16.0,47.4,91.4,30.0,34.7,5.44,7.1,294.7,100.1,180.2,400.6,9.9,0
85,Female,12.7,41.0,89.9,30.1,33.7,5.21,9.6,300.6,101.2,157.9,400.9,8.8,0
19,Male,16.4,47.1,91.3,31.3,34.9,5.98,9.4,250.9,101.3,180.2,400.6,9.7,0
75,Female,14.7,43.1,88.8,31.0,34.4,4.17,7.5,235.7,101.1,159.0,401.4,8.7,1
30,Female,14.4,43.0,91.0,30.3,34.8,5.11,6.6,283.7,101.2,159.6,401.1,8.8,0
53,Male,13.6,44.5,88.5,28.3,32.2,4.7,6.9,250.7,98.2,178.0,398.3,6.8,1
74,Female,14.5,43.3,90.3,30.2,34.7,5.07,7.8,172.7,100.6,160.3,400.3,10.0,0
32,Female,12.2,40.2,88.2,28.2,32.4,4.2,6.9,270.6,98.2,157.0,398.1,6.6,1
14,Male,16.2,46.1,91.4,30.2,35.0,6.1,7.1,308.9,100.3,180.2,400.5,8.9,0
18,Male,16.9,46.6,90.3,30.4,35.3,6.1,5.2,242.5,100.7,180.4,401.4,9.8,0
18,Male,13.6,44.2,88.1,28.0,32.2,4.7,5.6,340.0,98.5,178.3,398.4,7.0,1
16,Male,13.6,44.4,88.2,28.4,32.2,4.7,5.3,350.7,98.2,178.5,398.2,6.9,1
0,Female,11.3,43.0,91.2,30.1,34.2,3.5,4.6,268.4,99.6,158.9,400.3,8.5,0
60,Female,12.2,40.3,88.1,28.4,32.2,4.2,8.5,273.9,98.2,157.5,398.3,6.8,1
37,Male,14.6,46.0,88.7,31.4,34.6,4.93,7.3,248.4,99.6,179.0,399.8,7.6,1
90,Female,14.2,42.0,91.1,30.2,34.8,4.82,4.9,320.2,100.9,159.1,400.4,8.7,0
6,Male,12.6,44.6,88.6,31.1,32.6,6.09,6.2,246.0,101.1,179.7,400.7,8.5,1
6,Female,11.0,40.4,88.0,28.3,32.1,4.2,9.0,150.0,98.2,157.3,398.1,6.9,1
53,Female,13.8,42.7,90.7,30.8,35.0,5.35,6.3,184.9,100.0,160.2,400.6,9.4,0
36,Male,13.6,44.3,88.4,28.0,32.3,4.7,6.2,280.0,98.1,178.1,398.5,6.6,1
41,Male,16.2,47.2,90.5,30.6,35.4,6.1,5.2,293.2,100.2,180.0,400.2,8.9,0
42,Female,14.2,42.8,90.3,30.2,34.0,5.4,6.8,223.7,100.3,160.1,401.1,9.7,0
24,Male,16.4,46.9,90.6,30.5,34.6,6.1,4.6,225.6,101.1,180.8,400.1,9.1,0
6,Female,13.3,43.0,90.7,30.7,34.6,5.4,5.4,235.6,100.2,160.4,400.0,8.7,0
27,Female,14.5,42.6,90.3,30.4,34.4,5.4,8.6,150.0,100.1,159.9,400.0,8.9,0
68,Female,15.0,42.5,91.2,30.2,33.3,4.08,5.8,195.0,99.1,157.9,401.2,8.7,1
18,Female,12.0,40.4,88.1,28.4,32.3,4.2,4.5,209.3,98.3,157.2,398.5,6.9,1
5,Male,12.8,46.4,90.4,30.4,34.1,5.43,6.9,261.7,100.6,181.0,400.3,9.9,0
63,Female,12.1,40.3,88.1,28.2,32.2,4.2,6.7,276.5,98.1,157.2,398.2,6.9,1
61,Male,16.1,45.2,91.3,30.6,32.9,6.09,7.1,231.7,101.3,180.2,399.4,10.0,0
83,Female,12.0,40.1,88.4,28.4,32.4,4.2,7.1,291.1,98.5,157.1,398.3,6.8,1
34,Male,13.6,44.0,88.0,28.1,32.2,4.7,7.7,313.9,98.3,178.0,398.1,6.8,1
16,Male,15.8,46.8,91.2,28.7,33.2,6.24,5.4,333.2,99.3,179.3,399.6,8.1,1
7,Male,11.0,44.4,88.2,28.3,32.2,4.7,6.9,235.3,98.3,178.2,398.4,7.0,1
12,Female,12.0,40.4,88.3,28.5,32.1,4.2,6.4,276.3,98.1,157.3,398.3,6.9,1
36,Female,15.0,43.0,91.1,30.9,35.0,5.4,6.1,208.8,100.1,160.3,400.7,9.9,0
85,Male,13.7,44.3,88.1,28.5,32.4,4.7,7.2,219.2,98.2,178.4,398.1,6.8,1
17,Female,12.0,40.0,88.1,28.4,32.2,4.2,6.1,406.9,98.1,157.5,398.3,6.8,1
85,Male,13.8,44.2,88.2,28.1,32.0,4.7,5.9,268.5,98.1,178.4,398.5,6.9,1
11,Female,11.0,40.2,88.0,28.2,32.1,4.2,8.6,243.7,98.4,157.1,398.2,6.8,1
16,Female,13.4,43.3,88.9,30.0,33.2,3.76,7.6,286.3,100.4,159.2,400.7,9.3,0
16,Male,16.1,47.4,91.1,30.1,35.3,6.1,8.8,270.4,100.6,180.3,400.8,9.3,0
71,Male,13.6,44.3,88.3,28.3,32.2,4.7,8.8,397.3,98.2,178.1,398.4,6.7,1
17,Male,14.0,44.4,88.3,28.5,32.3,4.7,9.7,247.0,98.3,178.3,398.2,7.0,1
54,Female,14.2,43.2,90.3,31.3,35.3,5.4,7.3,203.9,101.2,159.4,401.3,9.5,0
51,Female,12.2,40.1,88.5,28.3,32.1,4.2,7.4,238.7,98.2,157.4,398.0,7.0,1
72,Female,14.6,43.0,91.0,31.1,35.3,5.4,6.4,254.5,101.1,160.5,400.5,9.4,0
13,Male,14.4,46.7,91.1,30.2,32.7,5.23,9.0,232.0,98.7,181.4,399.1,9.5,1
4,Female,12.9,42.8,91.1,30.3,34.3,5.4,4.6,256.3,100.7,159.7,401.0,8.5,0
4,Female,12.3,42.8,90.4,30.9,34.4,4.93,11.0,261.2,100.7,159.7,400.9,9.3,0
87,Female,13.3,41.2,91.0,31.2,33.1,5.9,7.1,276.6,99.2,160.3,401.3,7.4,0
4,Male,11.0,44.1,88.0,28.0,32.5,4.7,4.7,164.3,98.3,178.2,398.4,6.6,1
86,Male,14.9,46.2,88.9,30.1,34.7,5.4,5.2,250.8,98.6,178.7,400.0,8.3,0
1,Male,12.8,46.9,90.1,31.3,35.5,6.1,6.2,268.9,101.1,180.0,400.0,9.0,0
0,Female,13.5,43.4,90.2,30.3,34.1,5.4,5.5,179.7,100.8,160.0,400.8,9.9,0
20,Male,13.9,44.3,88.4,28.2,32.1,4.7,5.8,284.6,98.1,178.5,398.4,6.7,1
47,Female,13.8,42.8,91.0,31.0,35.1,5.4,6.9,296.6,100.8,160.2,401.2,9.5,0
69,Female,12.0,40.3,88.0,28.4,32.2,4.2,6.5,257.6,98.2,157.2,398.4,6.8,1
33,Male,13.7,44.4,88.2,28.3,32.1,4.7,6.2,251.2,98.5,178.4,398.5,7.0,1
14,Male,15.7,46.5,90.2,31.5,34.1,6.06,4.5,227.9,100.9,180.2,401.2,9.0,0
15,Male,16.1,46.9,91.1,30.8,34.9,6.1,5.5,180.9,101.1,180.9,400.3,9.1,0
14,Female,14.4,43.5,91.4,30.2,35.4,5.09,5.3,182.1,100.4,160.3,400.5,9.7,0
3,Male,13.5,46.4,90.7,31.3,35.1,5.49,5.7,354.5,100.2,181.4,400.8,8.9,0
3,Female,12.7,42.7,91.2,31.1,34.3,5.02,6.8,153.7,100.8,159.6,401.0,9.1,0
17,Male,16.9,46.1,90.8,31.0,35.2,6.1,6.8,217.2,100.0,180.5,400.8,9.9,0
33,Male,13.7,44.1,88.1,28.0,32.3,4.7,6.7,245.4,98.0,178.4,398.3,6.7,1
7,Female,13.5,42.1,90.9,31.5,35.0,5.4,5.9,227.5,100.5,159.6,401.1,9.8,0
18,Male,13.7,44.4,88.2,28.1,32.3,4.7,6.5,208.5,98.2,178.4,398.5,6.6,1
25,Female,14.3,42.7,90.7,31.0,33.0,5.54,8.6,202.9,98.6,158.1,399.9,8.8,0
22,Female,15.2,42.6,90.0,30.1,35.3,5.4,9.1,258.7,101.2,159.7,401.3,9.2,0
29,Female,14.1,42.8,90.3,30.3,34.0,5.4,8.4,284.6,100.6,159.4,400.6,8.6,0
23,Female,12.1,40.3,88.1,28.0,32.2,4.2,8.6,229.5,98.3,157.0,398.4,6.7,1
83,Male,13.7,44.5,88.1,28.3,32.4,4.7,7.8,162.7,98.3,178.1,398.4,6.6,1
56,Female,12.0,40.4,88.3,28.1,32.1,4.2,7.1,306.0,98.4,157.1,398.3,6.7,1
13,Male,16.2,46.5,91.0,31.1,35.3,6.1,8.4,200.6,100.6,181.0,400.7,10.0,0
19,Female,14.5,43.3,90.3,30.6,34.4,4.82,6.0,310.4,100.4,160.4,401.0,9.5,0
48,Female,13.2,41.6,90.5,30.5,33.0,3.37,7.3,224.9,98.8,158.4,400.2,8.7,0
72,Male,13.8,44.0,88.4,28.2,32.1,4.7,8.0,319.4,98.5,178.4,398.1,7.0,1
8,Male,11.0,44.0,88.1,28.4,32.4,4.7,6.3,272.7,98.5,178.1,398.1,6.6,1
17,Male,17.0,45.0,91.3,30.1,34.5,4.16,8.6,320.9,101.5,181.1,399.7,9.7,1
43,Female,13.8,42.2,91.2,30.5,34.3,3.68,8.3,254.3,100.3,158.4,401.0,8.3,1
66,Male,13.5,44.4,88.1,28.3,32.1,4.7,6.2,294.0,98.5,178.2,398.4,6.6,1
58,Male,16.5,46.9,90.3,30.6,35.0,6.1,6.3,284.3,100.9,181.4,400.1,9.3,0
8,Male,12.8,47.0,90.7,30.8,35.4,5.98,7.4,218.9,100.1,180.5,401.3,8.5,0
20,Female,12.2,40.2,88.5,28.2,32.4,4.2,5.8,271.2,98.4,157.5,398.2,6.8,1
47,Male,16.4,46.8,90.9,30.3,35.2,6.1,6.5,285.3,100.6,181.2,400.9,9.3,0
15,Female,14.3,42.5,89.3,31.0,33.9,3.55,4.5,271.2,100.3,158.1,401.0,7.5,1
8,Male,11.0,44.2,88.4,28.2,32.4,4.7,7.4,279.2,98.0,178.0,398.4,6.7,1
17,Female,12.0,40.3,88.5,28.3,32.3,4.2,8.4,303.1,98.0,157.1,398.3,6.8,1
2,Female,13.2,42.2,90.0,31.3,34.5,5.27,5.9,277.0,100.6,160.1,401.4,10.0,0
14,Female,12.1,40.0,88.1,28.1,32.4,4.2,7.8,150.0,98.3,157.1,398.2,6.7,1
58,Male,13.8,44.1,88.3,28.1,32.1,4.7,7.4,263.9,98.2,178.2,398.4,6.5,1
32,Female,12.1,40.5,88.1,28.2,32.2,4.2,8.0,248.4,98.4,157.1,398.1,7.0,1
3,Male,13.0,46.5,90.6,30.3,34.9,6.1,5.7,250.3,100.9,180.5,401.3,9.2,0
80,Male,13.7,44.4,88.4,28.2,32.5,4.7,8.2,267.2,98.3,178.2,398.1,6.6,1
17,Male,13.6,44.3,88.4,28.3,32.0,4.7,7.4,213.4,98.3,178.2,398.3,6.6,1
18,Female,12.1,40.1,88.3,28.2,32.3,4.2,6.5,219.8,98.4,157.1,398.3,6.9,1
7,Male,12.8,46.5,91.2,31.2,34.5,6.1,6.8,266.4,100.5,180.8,401.4,9.8,0
71,Female,14.2,43.2,90.5,30.0,34.5,5.22,6.9,294.6,100.4,160.5,400.4,9.6,0
5,Female,12.5,42.6,90.2,30.2,35.0,5.4,8.4,242.5,100.3,159.2,401.1,9.1,0
16,Female,13.9,42.7,91.2,30.1,34.4,5.36,7.4,231.2,101.2,160.3,400.9,9.3,0
26,Male,16.7,47.0,90.1,29.9,32.9,5.01,4.5,279.4,101.3,178.6,399.4,9.8,0
10,Female,13.5,43.4,90.4,31.1,34.0,5.0,4.7,249.8,101.2,160.4,400.0,8.8,0
43,Female,12.0,40.4,88.4,28.4,32.5,4.2,5.7,256.9,98.5,157.1,398.5,6.7,1
15,Female,15.0,43.2,91.2,30.8,33.1,4.81,5.7,186.7,101.2,160.4,398.8,8.4,1
7,Female,13.5,43.2,90.4,30.9,34.0,5.39,9.6,197.2,101.1,160.2,401.1,8.9,0
4,Female,11.0,40.3,88.3,28.2,32.2,4.2,6.2,350.7,98.3,157.1,398.5,6.8,1
6,Female,13.4,43.4,90.7,30.5,34.6,5.29,7.8,259.8,100.2,159.8,401.3,8.7,0
2,Male,12.4,46.2,91.0,31.3,35.4,6.1,7.5,314.2,100.9,181.2,401.1,9.8,0
19,Female,14.0,42.3,90.0,31.1,34.6,4.83,8.1,237.8,100.8,160.5,400.8,9.9,0
13,Male,16.3,46.7,90.4,30.4,34.6,6.1,6.9,274.1,100.6,181.3,400.6,9.3,0
41,Female,12.0,40.0,88.3,28.0,32.1,4.2,9.5,212.2,98.3,157.1,398.1,6.8,1
1,Male,11.0,44.1,88.3,28.4,32.1,4.7,4.8,205.5,98.3,178.3,398.4,7.0,1
49,Female,14.7,42.5,90.9,31.2,34.5,5.4,7.1,226.8,101.5,159.9,400.8,9.5,0
12,Female,14.2,42.4,90.9,31.5,35.4,5.14,8.7,232.7,101.4,159.4,400.4,8.8,0
15,Female,14.3,42.2,90.3,31.0,34.3,5.4,6.5,260.0,100.6,160.1,401.4,8.7,0
58,Female,12.1,40.4,88.4,28.3,32.4,4.2,5.8,330.9,98.5,157.1,398.4,7.0,1
47,Female,12.5,43.5,89.1,31.0,34.0,4.43,8.3,270.0,98.7,157.6,401.5,7.8,1
33,Female,15.2,42.6,90.2,30.5,35.3,5.4,5.3,270.3,100.9,159.7,401.2,9.0,0
2,Female,12.4,41.1,89.7,30.3,35.2,4.34,6.4,238.2,100.3,159.7,399.1,8.9,1
63,Female,14.7,42.2,90.7,31.0,34.2,5.19,8.3,271.3,100.0,159.0,400.2,9.2,0
16,Male,16.3,46.3,90.9,30.5,35.3,6.08,6.3,263.4,100.6,181.5,401.2,8.7,0
18,Male,17.0,46.1,90.2,30.6,34.3,5.95,6.8,196.3,100.4,180.5,400.1,9.1,0
53,Female,12.0,40.0,88.3,28.3,32.2,4.2,8.1,296.8,98.1,157.1,398.3,6.7,1
15,Female,12.0,40.3,88.4,28.2,32.4,4.2,8.2,296.6,98.1,157.4,398.4,6.5,1
13,Male,15.9,47.2,90.4,30.3,35.4,5.43,6.1,290.8,100.5,180.3,400.9,9.0,0
8,Male,12.9,46.7,91.0,30.0,35.0,6.1,6.2,237.3,100.1,181.4,401.0,8.7,0
29,Male,16.0,45.3,88.5,30.9,34.8,5.82,7.3,150.0,100.4,179.7,398.8,8.4,1
2,Male,11.0,44.2,88.4,28.2,32.3,4.7,7.6,193.0,98.5,178.1,398.5,6.7,1
14,Female,12.0,40.4,88.3,28.2,32.4,4.2,6.6,281.3,98.2,157.5,398.1,6.6,1
4,Female,11.0,40.3,88.2,28.2,32.1,4.2,9.8,292.6,98.4,157.4,398.5,6.6,1
10,Female,11.0,40.0,88.1,28.3,32.0,4.2,5.0,215.3,98.4,157.4,398.0,6.7,1
66,Male,14.0,44.3,88.3,28.1,32.4,4.7,6.2,264.6,98.0,178.2,398.1,6.7,1
73,Female,12.0,40.3,88.2,28.4,32.4,4.2,8.0,267.0,98.4,157.4,398.1,6.9,1
11,Female,11.0,40.2,88.3,28.1,32.2,4.2,9.1,304.9,98.5,157.2,398.5,6.7,1
85,Male,13.8,44.4,88.2,28.2,32.3,4.7,6.1,245.6,98.1,178.5,398.5,6.8,1
25,Male,16.2,46.3,91.3,30.1,33.6,5.99,7.2,168.7,101.2,179.8,399.8,8.0,1
72,Female,14.9,42.8,90.6,30.3,35.2,5.4,9.3,224.0,100.7,159.1,400.8,9.8,0
18,Female,15.0,43.2,90.5,30.9,34.6,4.82,4.6,283.6,100.2,160.4,400.2,9.5,0
7,Female,13.5,43.3,91.1,31.3,32.6,5.78,7.2,214.5,98.8,159.9,398.5,8.2,0
4,Female,13.2,42.7,91.1,31.2,34.9,5.4,8.9,252.8,101.4,159.8,400.9,9.4,0
66,Female,12.0,40.5,88.4,28.3,32.5,4.2,4.5,167.1,98.1,157.1,398.4,6.5,1
25,Male,13.9,44.5,88.4,28.3,32.0,4.7,7.9,240.5,98.2,178.4,398.1,6.8,1
0,Male,11.0,44.1,88.4,28.1,32.1,4.7,7.6,280.2,98.2,178.0,398.2,6.7,1
7,Female,11.0,40.2,88.2,28.2,32.3,4.2,6.6,377.7,98.3,157.4,398.4,6.9,1
14,Female,14.5,42.7,90.9,31.3,34.3,5.4,4.5,218.3,101.4,159.0,400.2,9.6,0
2,Female,11.4,41.1,89.9,29.3,34.7,3.43,7.4,205.3,98.7,158.5,400.4,7.6,1
7,Female,11.5,43.4,89.7,30.2,34.8,4.09,6.9,285.4,101.1,158.9,401.2,9.6,0
17,Male,14.0,44.4,88.2,28.1,32.3,4.7,8.5,173.0,98.1,178.3,398.4,6.7,1
19,Male,16.1,46.3,89.5,31.3,34.2,6.09,6.4,199.6,100.8,179.5,400.7,8.5,1
14,Male,15.7,46.4,90.1,30.3,34.4,6.1,6.8,211.2,100.8,181.3,401.5,9.6,0
7,Male,11.0,44.0,88.3,28.4,32.4,4.7,7.5,247.8,98.0,178.4,398.2,7.0,1
65,Male,13.7,44.3,88.0,28.4,32.1,4.7,7.4,223.4,98.4,178.2,398.0,7.0,1
83,Female,13.8,43.4,90.3,30.9,35.5,4.87,8.1,175.8,101.1,160.2,401.3,8.8,0
34,Female,14.4,42.5,91.0,30.0,34.5,5.19,6.1,223.2,101.1,160.4,400.6,8.6,0
88,Female,12.0,40.2,88.3,28.4,32.0,4.2,9.4,254.2,98.5,157.4,398.3,6.6,1
77,Male,13.6,44.2,88.4,28.2,32.2,4.7,9.1,208.8,98.3,178.2,398.5,6.6,1
21,Male,16.5,46.9,90.7,30.6,35.3,5.77,4.5,200.9,101.2,181.4,401.3,9.7,0
26,Female,12.1,40.3,88.3,28.0,32.5,4.2,7.9,215.5,98.0,157.1,398.2,6.8,1
18,Male,16.2,47.3,90.8,31.0,34.9,6.1,7.9,166.4,100.2,181.0,401.1,8.6,0
82,Male,13.6,44.1,88.0,28.2,32.3,4.7,6.8,306.4,98.4,178.4,398.3,6.8,1
36,Male,13.8,44.0,88.3,28.5,32.1,4.7,7.5,266.2,98.4,178.5,398.0,6.5,1
0,Male,12.2,46.1,88.8,28.9,33.1,5.49,9.5,157.0,99.0,181.4,400.3,7.4,0
18,Female,12.0,40.0,88.4,28.2,32.3,4.2,7.5,285.3,98.4,157.4,398.1,6.6,1
62,Male,16.5,46.9,90.2,31.4,34.5,5.47,5.5,187.3,100.1,180.9,400.5,9.4,0
1,Female,11.0,40.4,88.3,28.0,32.2,4.2,9.7,286.8,98.3,157.2,398.4,6.6,1
13,Female,14.3,42.9,90.3,30.7,34.8,5.4,6.7,180.1,101.0,160.4,401.2,8.7,0
72,Male,15.9,47.3,89.8,29.0,34.7,5.67,5.9,293.0,101.2,180.9,399.9,7.1,0
36,Female,15.2,42.6,91.4,30.2,35.1,4.94,7.7,188.5,100.7,160.0,401.5,8.6,0
5,Female,13.6,42.0,90.2,31.3,34.7,5.19,7.5,291.1,98.7,159.6,401.3,8.6,0
10,Male,11.0,44.3,88.3,28.4,32.4,4.7,9.0,224.2,98.1,178.5,398.4,6.9,1
83,Male,16.0,47.0,90.5,30.7,34.8,6.1,6.3,183.9,100.2,180.1,400.9,8.8,0
41,Male,16.8,47.0,89.9,31.3,34.9,6.77,8.0,199.6,101.3,178.5,398.8,7.4,1
18,Female,12.1,40.0,88.2,28.2,32.3,4.2,5.4,337.6,98.1,157.1,398.4,6.6,1
14,Female,14.2,40.7,91.4,30.8,33.9,5.79,5.5,163.4,100.5,160.3,401.3,7.7,0
2,Female,11.0,40.3,88.4,28.5,32.3,4.2,5.9,305.0,98.5,157.2,398.5,6.9,1
13,Female,15.0,43.1,90.3,31.1,35.1,5.4,8.5,235.1,100.7,160.3,400.1,8.8,0
6,Female,13.1,43.3,91.3,31.4,34.1,5.4,5.6,150.0,100.7,160.3,400.5,9.2,0
75,Female,12.0,40.4,88.3,28.5,32.3,4.2,6.2,213.5,98.3,157.3,398.2,6.9,1
65,Female,14.0,42.7,90.9,30.3,34.5,5.4,8.4,179.6,100.2,160.0,400.4,8.8,0
81,Male,16.0,47.2,91.1,30.6,35.3,6.1,4.8,259.5,101.4,180.3,400.1,9.0,0
17,Female,14.3,41.1,90.6,29.3,35.5,6.08,9.9,253.6,100.9,159.5,400.9,7.9,0
39,Female,14.6,42.8,91.4,30.3,34.8,5.37,5.9,282.3,100.4,159.0,401.0,9.1,0
33,Male,16.8,46.6,90.6,30.6,34.1,6.1,6.4,205.6,100.5,180.1,400.2,8.6,0
34,Male,16.8,46.4,90.6,31.3,35.2,6.1,8.3,252.0,100.5,180.2,401.1,9.3,0
16,Male,13.7,44.4,88.1,28.3,32.2,4.7,5.4,362.7,98.0,178.3,398.2,6.6,1
14,Male,13.8,44.4,88.1,28.0,32.2,4.7,6.5,159.8,98.3,178.5,398.3,6.7,1
84,Male,16.1,46.6,90.5,30.8,34.5,6.02,6.3,271.4,100.9,180.8,400.5,9.6,0
88,Female,14.7,42.5,89.3,28.6,33.7,5.26,7.0,264.4,101.4,159.7,400.5,9.3,1
17,Female,14.7,40.8,90.8,29.1,35.2,4.5,8.6,286.4,100.0,158.8,399.8,9.6,1
55,Female,12.0,40.4,88.5,28.4,32.1,4.2,6.3,264.1,98.3,157.3,398.3,6.8,1
8,Female,11.0,40.2,88.3,28.3,32.1,4.2,7.2,327.4,98.2,157.0,398.1,6.7,1
48,Male,13.9,44.0,88.5,28.0,32.0,4.7,5.8,213.5,98.4,178.3,398.2,6.9,1
17,Female,13.8,43.2,90.9,31.4,35.4,4.88,6.9,187.9,101.3,160.2,401.4,9.4,0
13,Male,16.8,46.5,91.0,30.5,34.6,5.79,5.5,162.3,101.1,180.8,401.4,8.6,0
18,Male,16.9,46.9,90.4,30.6,35.1,6.1,5.3,291.1,100.7,181.1,400.8,8.6,0
3,Male,13.2,47.0,88.5,31.2,34.6,6.72,6.9,256.1,100.1,180.0,400.6,8.7,0
25,Male,17.0,46.9,90.1,30.0,34.5,5.69,7.6,267.9,100.4,180.5,400.4,9.9,0
9,Male,11.0,44.4,88.1,28.5,32.1,4.7,7.3,242.3,98.1,178.0,398.0,6.7,1
34,Female,14.9,42.4,90.5,30.0,34.1,4.99,8.5,210.0,100.8,160.2,401.1,9.4,0
62,Female,14.1,42.2,91.1,31.5,35.3,5.4,7.6,294.9,100.3,159.7,400.1,9.3,0
16,Male,13.6,44.2,88.1,28.1,32.4,4.7,4.9,264.0,98.2,178.1,398.0,7.0,1
39,Male,16.2,46.1,91.3,31.0,35.3,5.61,7.5,231.0,101.2,181.1,400.2,9.5,0
10,Female,11.0,40.2,88.0,28.2,32.0,4.2,4.5,168.0,98.4,157.2,398.2,6.8,1
18,Male,15.7,46.7,90.3,30.2,35.4,6.1,5.4,334.4,101.4,181.0,401.2,9.1,0
0,Female,11.0,40.4,88.1,28.1,32.2,4.2,5.7,295.8,98.1,157.5,398.3,6.6,1
74,Female,12.1,40.0,88.3,28.0,32.3,4.2,5.2,150.0,98.5,157.2,398.1,7.0,1
34,Male,14.0,44.3,88.2,28.1,32.1,4.7,6.3,150.0,98.4,178.5,398.0,7.0,1
27,Female,15.1,42.7,91.1,30.3,34.8,5.4,6.4,354.9,100.7,159.4,400.1,9.9,0
19,Female,12.6,42.9,90.0,28.6,33.0,4.16,6.9,292.6,101.3,158.3,401.5,9.9,0
54,Female,12.0,40.4,88.1,28.3,32.3,4.2,7.8,272.5,98.1,157.3,398.0,6.6,1
15,Female,14.4,42.1,90.3,30.6,34.4,5.39,5.1,193.0,100.1,160.3,401.0,9.4,0
15,Male,15.8,46.2,90.4,30.6,34.7,5.47,5.2,192.4,100.7,180.9,400.2,8.8,0
5,Male,13.4,47.2,90.7,31.3,34.4,6.02,8.2,271.2,100.1,181.3,400.5,8.8,0
73,Female,12.0,40.2,88.0,28.2,32.5,4.2,6.6,332.9,98.1,157.0,398.3,6.9,1
15,Female,13.8,43.4,90.4,31.0,35.2,5.25,5.8,264.1,101.5,159.1,400.7,9.3,0
45,Female,14.4,43.5,90.2,30.6,34.4,5.0,7.7,292.6,100.6,159.6,401.2,8.6,0
17,Male,16.5,47.0,90.7,31.0,34.1,6.1,5.9,289.2,101.2,180.0,400.3,8.6,0
42,Female,14.6,43.3,91.5,31.1,34.0,5.86,7.3,209.5,99.5,159.2,399.4,7.2,1
9,Male,11.0,44.3,88.2,28.4,32.2,4.7,4.5,216.0,98.4,178.1,398.3,6.8,1
23,Female,14.3,42.5,90.7,31.3,34.2,5.4,6.1,219.3,100.4,159.7,400.7,9.8,0
33,Female,12.0,40.4,88.1,28.1,32.1,4.2,8.9,169.9,98.2,157.4,398.1,6.7,1
30,Male,13.9,44.4,88.2,28.4,32.3,4.7,6.9,207.3,98.1,178.4,398.1,6.5,1
61,Male,14.0,44.4,88.2,28.1,32.4,4.7,6.6,235.9,98.3,178.3,398.2,6.7,1
75,Female,12.0,40.4,88.2,28.0,32.3,4.2,6.6,214.5,98.4,157.1,398.1,6.7,1
66,Male,13.7,44.1,88.2,28.3,32.3,4.7,4.8,294.0,98.1,178.3,398.1,6.7,1
78,Male,16.2,47.5,91.2,30.3,35.1,6.1,7.9,203.8,100.8,180.0,401.0,9.5,0
0,Female,13.5,42.5,90.2,31.3,35.1,5.4,7.0,294.2,100.2,159.1,400.5,8.6,0
17,Male,15.6,44.9,90.7,29.0,32.6,5.31,7.0,351.2,99.1,179.9,399.0,9.7,1
4,Male,10.9,46.3,91.4,30.2,34.7,4.34,4.5,285.9,100.6,179.0,400.2,8.5,1
46,Female,12.0,40.1,88.1,28.1,32.2,4.2,7.1,316.3,98.2,157.1,398.1,6.8,1
10,Male,11.0,44.4,88.2,28.2,32.1,4.7,9.3,281.5,98.2,178.2,398.5,7.0,1
15,Male,16.0,46.2,90.3,30.7,34.6,5.83,7.8,217.3,101.5,181.2,400.4,8.9,0
41,Female,13.0,42.4,89.5,29.5,35.4,3.95,9.1,315.7,100.6,158.7,400.1,9.3,1
0,Female,13.2,43.5,90.7,30.6,34.4,5.4,4.5,261.9,100.4,160.0,400.5,9.1,0
13,Female,14.3,42.8,90.9,30.9,35.0,5.4,8.6,150.0,101.0,159.9,400.6,9.4,0
9,Female,11.0,40.1,88.2,28.4,32.2,4.2,7.3,212.7,98.5,157.3,398.5,6.9,1
51,Male,13.7,44.2,88.3,28.1,32.1,4.7,8.9,286.3,98.1,178.0,398.4,6.6,1
8,Male,11.0,44.2,88.3,28.0,32.4,4.7,7.5,274.6,98.1,178.1,398.4,6.6,1
19,Male,13.6,44.4,88.4,28.0,32.3,4.7,4.5,249.7,98.1,178.5,398.5,6.8,1
5,Male,12.5,46.4,90.3,30.1,34.2,6.09,6.2,190.1,100.8,181.0,400.1,9.7,0
7,Male,13.5,46.5,91.5,30.7,34.3,6.1,9.7,232.9,101.5,180.1,400.1,9.6,0
27,Male,16.9,45.1,89.0,30.0,35.3,4.23,6.5,233.9,99.2,180.8,399.8,9.4,0
18,Male,14.5,45.7,91.4,29.6,35.2,6.32,5.5,254.8,100.7,180.6,399.9,8.4,1
74,Female,14.0,42.6,91.5,30.8,35.1,4.94,7.5,307.3,100.3,159.6,400.1,9.7,0
77,Female,12.2,40.4,88.5,28.4,32.0,4.2,7.9,244.1,98.4,157.4,398.1,6.7,1
3,Female,12.3,42.9,91.4,31.2,34.5,5.01,4.5,212.1,101.5,160.5,400.6,8.7,0
5,Female,13.5,42.6,91.1,31.4,35.4,5.4,7.8,359.8,100.3,159.2,400.7,8.7,0
84,Female,12.1,40.3,88.0,28.3,32.2,4.2,7.4,313.8,98.5,157.5,398.4,6.7,1
0,Female,11.0,40.2,88.2,28.3,32.3,4.2,6.7,263.0,98.2,157.3,398.1,6.6,1
89,Female,12.1,40.5,88.3,28.5,32.3,4.2,7.8,174.0,98.1,157.0,398.1,6.5,1
35,Male,13.8,44.1,88.4,28.2,32.2,4.7,4.5,214.5,98.1,178.4,398.5,6.9,1
16,Female,14.0,42.8,90.2,30.7,34.3,5.4,6.2,173.1,100.6,160.3,401.1,8.6,0
3,Male,13.7,46.1,90.7,29.1,33.2,4.97,6.9,174.7,100.5,180.2,399.1,7.4,1
55,Female,12.5,40.8,90.6,28.7,32.6,5.46,6.2,326.8,99.7,158.8,399.6,8.3,1
18,Female,12.0,40.0,88.3,28.4,32.3,4.2,7.6,287.5,98.2,157.1,398.2,6.7,1
9,Female,12.7,41.6,89.2,30.3,33.7,3.52,6.8,296.2,101.4,158.2,398.7,7.1,0
17,Female,14.8,42.6,90.6,30.2,35.1,5.4,6.7,213.3,101.4,159.7,400.5,9.5,0
15,Female,14.4,42.8,90.5,31.2,34.1,5.4,6.4,335.8,101.4,160.1,401.4,9.2,0
73,Female,12.1,40.1,88.5,28.2,32.2,4.2,8.0,231.0,98.4,157.1,398.0,6.6,1
48,Female,12.2,40.3,88.3,28.2,32.4,4.2,7.5,317.9,98.1,157.4,398.2,6.7,1
47,Male,14.0,44.4,88.3,28.3,32.3,4.7,6.1,275.6,98.2,178.5,398.3,6.7,1
17,Male,13.6,44.2,88.5,28.2,32.3,4.7,7.6,202.7,98.3,178.0,398.4,6.8,1
52,Male,13.5,44.3,88.1,28.1,32.2,4.7,9.7,288.4,98.5,178.1,398.2,6.6,1
2,Female,11.0,40.4,88.3,28.1,32.2,4.2,6.1,320.3,98.0,157.1,398.1,6.7,1
77,Female,13.9,42.6,90.2,30.1,34.5,5.4,7.4,265.2,100.4,159.1,400.6,9.0,0
7,Female,12.3,42.4,90.7,30.6,34.2,5.4,8.5,309.6,100.6,159.2,400.7,9.8,0
19,Male,16.9,45.9,89.6,31.3,32.8,6.02,9.1,233.0,99.9,181.0,399.8,7.5,0
18,Male,16.2,47.5,90.3,30.6,34.4,6.1,5.8,299.6,100.1,180.0,400.6,9.1,0
87,Male,13.5,44.4,88.3,28.0,32.1,4.7,6.2,155.4,98.3,178.3,398.3,6.5,1
15,Male,16.0,44.9,91.4,31.4,34.0,6.35,9.6,321.1,100.1,181.2,398.9,8.4,1
86,Male,13.6,44.5,88.3,28.4,32.4,4.7,7.4,302.5,98.3,178.2,398.5,6.9,1
11,Female,11.0,40.5,88.3,28.2,32.1,4.2,8.8,268.9,98.1,157.0,398.2,7.0,1
84,Female,12.2,40.1,88.2,28.4,32.1,4.2,9.3,236.0,98.4,157.4,398.2,6.5,1
90,Male,13.6,44.4,88.3,28.2,32.1,4.7,6.0,228.7,98.5,178.5,398.0,6.9,1
44,Male,14.5,47.2,89.3,28.7,32.9,5.45,6.6,253.4,100.6,178.7,400.5,7.2,0
7,Female,13.0,43.2,90.8,30.3,34.7,5.4,8.9,293.3,101.2,159.1,400.9,9.1,0
43,Female,12.0,40.1,88.4,28.4,32.5,4.2,7.9,267.1,98.3,157.1,398.4,6.7,1
11,Female,11.0,40.4,88.2,28.5,32.1,4.2,7.4,200.7,98.3,157.0,398.1,6.8,1
89,Female,12.0,40.4,88.3,28.1,32.2,4.2,7.0,260.3,98.4,157.2,398.1,6.7,1
3,Female,13.5,42.5,90.5,31.3,35.1,5.4,6.0,265.7,101.4,160.4,400.4,9.7,0
43,Male,13.5,44.5,88.3,28.2,32.2,4.7,7.1,251.2,98.1,178.1,398.1,6.7,1
90,Female,15.2,42.7,90.2,30.0,34.4,5.4,7.1,280.3,101.0,160.2,400.1,9.1,0
17,Female,12.2,40.1,88.5,28.3,32.4,4.2,6.8,284.8,98.2,157.3,398.3,6.6,1
7,Female,13.2,43.3,90.3,30.7,34.9,5.4,5.9,193.5,100.4,159.9,401.3,9.5,0
60,Female,14.6,42.7,90.4,30.9,34.8,5.4,6.6,221.4,100.0,160.1,401.4,9.4,0
7,Female,12.8,40.6,89.1,30.2,34.3,3.88,8.4,229.8,100.4,157.6,401.2,9.3,1
10,Female,13.0,42.2,90.4,31.0,35.3,5.4,4.8,266.6,100.6,159.5,401.0,10.0,0
84,Male,16.4,46.1,90.6,30.1,35.1,5.5,6.5,186.6,100.7,180.6,400.7,9.6,0
79,Male,16.0,47.1,90.8,31.4,34.4,5.87,8.5,220.1,100.1,180.7,400.6,8.6,0
61,Male,13.6,44.5,88.4,28.5,32.2,4.7,7.3,241.5,98.1,178.3,398.2,6.7,1
49,Female,14.8,42.1,90.7,31.3,35.2,5.3,5.1,259.5,101.4,160.1,400.6,9.0,0
2,Male,13.5,46.7,91.5,31.3,34.3,6.1,7.1,245.1,100.6,181.3,401.3,9.7,0
12,Male,14.0,44.3,88.0,28.0,32.3,4.7,5.5,308.8,98.3,178.1,398.1,6.7,1
17,Male,13.7,44.2,88.2,28.4,32.1,4.7,7.1,318.4,98.0,178.1,398.3,7.0,1
4,Female,13.1,42.2,90.0,31.0,35.0,5.4,4.5,251.3,101.1,160.3,401.0,9.7,0
60,Male,15.7,46.3,90.2,30.5,34.8,6.1,6.2,312.6,100.9,180.9,401.2,9.6,0
63,Female,12.2,40.2,88.4,28.1,32.2,4.2,8.4,237.7,98.2,157.4,398.4,6.9,1
55,Male,16.6,46.4,90.5,30.9,34.4,5.97,6.3,272.8,100.1,180.5,400.6,9.3,0
54,Female,14.1,42.4,90.5,31.4,35.3,5.4,6.0,254.7,101.0,159.5,400.9,9.8,0
78,Male,16.2,46.4,90.3,30.7,34.0,6.1,7.8,254.1,101.3,181.3,401.2,9.0,0
18,Female,14.3,42.7,90.5,30.9,34.1,5.4,7.7,195.4,100.7,160.2,401.2,8.8,0
19,Female,14.8,43.3,89.4,30.5,33.6,3.77,6.0,212.4,100.0,158.3,400.0,7.0,0
15,Female,14.7,43.0,90.5,31.4,34.7,5.4,7.7,258.0,100.8,159.5,400.5,9.3,0
15,Female,12.0,40.4,88.3,28.3,32.1,4.2,9.2,157.7,98.3,157.0,398.3,7.0,1
77,Female,12.2,40.3,88.0,28.3,32.0,4.2,6.7,199.0,98.0,157.2,398.0,6.7,1
35,Male,16.0,46.0,91.2,31.3,35.5,6.1,4.5,267.9,101.5,180.9,401.0,9.5,0
15,Female,12.0,40.4,88.2,28.4,32.3,4.2,6.1,191.5,98.3,157.3,398.1,6.6,1
14,Male,14.8,45.1,88.7,31.2,33.1,5.03,8.9,221.0,99.8,179.6,399.3,8.6,0
1,Female,11.5,41.6,88.7,29.8,33.4,5.21,8.1,178.0,99.4,158.2,400.7,7.9,1
35,Female,12.1,40.2,88.5,28.2,32.3,4.2,8.5,259.9,98.4,157.0,398.4,6.9,1
70,Female,13.2,41.6,91.2,29.6,33.8,4.59,8.6,242.3,101.1,159.7,399.7,7.8,1
37,Male,13.8,44.2,88.4,28.2,32.2,4.7,7.0,289.5,98.1,178.1,398.2,6.7,1
82,Female,13.9,42.0,90.7,30.2,34.9,5.4,7.1,231.2,101.2,159.7,401.4,8.7,0
54,Male,14.0,44.5,88.1,28.5,32.2,4.7,6.7,226.2,98.4,178.1,398.1,6.6,1
64,Male,15.8,46.8,90.2,30.6,34.9,5.49,4.6,208.9,100.4,180.9,400.9,9.4,0
22,Male,16.5,44.6,90.0,31.2,33.4,4.12,9.1,207.5,101.4,180.2,401.3,9.8,0
1,Female,12.9,42.5,90.8,30.6,34.4,5.4,8.7,196.4,100.5,159.7,400.4,9.6,0
16,Male,17.0,46.1,90.4,31.3,34.1,6.1,4.5,283.0,100.5,180.4,400.5,9.8,0
2,Female,13.1,43.2,90.2,30.8,35.1,5.4,8.0,225.3,100.3,159.3,400.2,9.8,0
9,Male,13.3,46.8,91.3,31.2,35.3,6.1,8.6,218.7,100.7,180.3,401.3,9.8,0
70,Female,14.2,43.3,89.8,31.0,33.1,3.31,5.3,272.6,101.4,157.7,400.2,9.6,1
84,Male,15.7,46.8,91.3,30.5,34.6,6.1,6.6,241.9,100.1,181.0,400.3,9.9,0
13,Male,16.0,47.0,90.4,30.9,35.2,6.1,5.7,189.4,100.7,181.4,401.4,8.6,0
78,Male,13.7,44.4,88.5,28.4,32.1,4.7,8.6,257.7,98.3,178.2,398.1,6.7,1
42,Male,13.6,44.3,88.2,28.4,32.4,4.7,6.9,285.9,98.5,178.1,398.4,6.7,1
83,Female,13.0,43.0,89.5,30.4,34.3,5.67,5.2,328.6,101.0,159.4,399.9,8.1,0
65,Female,12.0,40.3,88.5,28.4,32.4,4.2,11.0,263.2,98.0,157.1,398.1,6.9,1
17,Male,13.6,44.2,88.2,28.2,32.5,4.7,8.3,262.2,98.0,178.4,398.4,6.6,1
2,Female,11.1,43.2,91.4,28.5,35.1,5.56,6.3,288.9,101.4,160.0,399.7,9.4,0
81,Female,12.2,40.5,88.3,28.4,32.3,4.2,6.1,370.2,98.1,157.4,398.1,6.8,1
14,Female,13.1,40.8,90.2,29.0,34.5,5.35,8.9,288.6,101.5,159.9,399.9,7.9,1
76,Female,15.2,42.4,90.2,30.5,34.5,4.99,8.3,324.4,100.5,160.5,401.0,9.6,0
27,Male,15.5,46.8,90.7,30.2,34.7,6.02,7.1,262.1,100.2,180.1,400.8,8.9,0
13,Male,13.7,44.3,88.3,28.2,32.2,4.7,8.1,284.4,98.2,178.2,398.3,6.8,1
75,Male,13.7,44.1,88.3,28.1,32.4,4.7,7.0,232.1,98.0,178.3,398.5,6.9,1
4,Male,13.1,46.7,91.0,31.4,35.1,5.72,6.1,256.1,100.7,180.9,400.5,9.7,0
15,Female,14.6,43.4,91.1,30.7,34.7,5.4,8.6,214.7,100.4,159.2,400.3,9.5,0
2,Female,11.0,40.2,88.2,28.3,32.3,4.2,4.5,354.1,98.4,157.1,398.0,6.9,1
25,Female,12.0,40.5,88.1,28.3,32.4,4.2,6.4,270.3,98.0,157.3,398.3,6.8,1
9,Male,13.4,47.3,90.6,30.8,34.7,5.98,8.6,171.7,101.4,181.4,400.8,9.2,0
60,Male,15.3,46.6,88.9,30.8,35.3,6.37,7.1,228.8,100.2,180.9,401.5,9.8,0
8,Male,12.4,47.4,90.3,31.4,34.6,6.1,8.1,254.7,100.0,181.1,401.4,8.7,0
72,Female,12.1,40.2,88.0,28.2,32.0,4.2,5.6,228.3,98.1,157.5,398.1,6.6,1
30,Female,12.0,40.5,88.2,28.0,32.1,4.2,7.0,200.7,98.2,157.2,398.0,6.8,1
1,Female,11.0,40.2,88.3,28.3,32.3,4.2,6.2,215.6,98.2,157.3,398.2,6.9,1
54,Female,14.3,43.1,90.2,31.0,34.1,5.4,6.4,150.6,100.2,159.9,400.5,9.1,0
27,Female,12.0,40.2,88.5,28.4,32.4,4.2,6.4,248.3,98.3,157.0,398.1,6.6,1
17,Male,15.8,46.8,91.1,30.9,34.3,5.4,6.7,318.0,101.4,180.6,400.8,9.2,0
52,Female,15.0,42.8,91.1,30.8,34.8,5.23,6.0,206.2,100.7,160.2,401.2,8.7,0
38,Male,13.6,44.4,88.1,28.0,32.2,4.7,7.4,202.1,98.4,178.1,398.2,6.7,1
82,Female,12.0,40.3,88.0,28.3,32.2,4.2,6.3,337.3,98.2,157.2,398.2,6.7,1
67,Male,14.8,46.2,91.4,30.5,33.8,4.12,5.2,191.6,100.5,179.0,400.0,8.2,0
14,Male,13.9,44.1,88.3,28.4,32.2,4.7,9.3,235.1,98.2,178.3,398.4,6.8,1
38,Female,12.0,40.3,88.0,28.2,32.0,4.2,5.2,233.3,98.4,157.2,398.0,6.7,1
6,Male,12.3,46.8,90.2,31.1,34.8,6.1,6.5,259.2,100.1,180.0,401.4,9.6,0
18,Female,14.3,42.3,91.3,30.3,35.0,4.85,6.9,231.7,101.0,159.2,401.1,8.7,0
26,Male,14.0,44.4,88.4,28.3,32.3,4.7,7.7,264.8,98.1,178.0,398.1,6.9,1
30,Female,13.8,43.5,91.0,31.2,34.5,5.4,8.0,286.5,100.5,159.5,401.0,9.9,0
88,Female,12.0,40.2,88.1,28.4,32.1,4.2,6.4,219.7,98.4,157.0,398.5,6.7,1
76,Male,13.6,44.2,88.5,28.4,32.1,4.7,7.8,413.3,98.1,178.2,398.3,6.8,1
17,Male,13.6,44.1,88.3,28.2,32.3,4.7,8.1,297.5,98.4,178.4,398.4,6.9,1
70,Female,14.8,42.9,90.9,30.8,35.1,5.4,7.7,262.0,101.4,159.4,401.5,8.9,0
25,Male,15.8,46.2,91.4,30.4,34.7,6.1,8.5,326.9,101.1,181.2,401.3,9.5,0
10,Female,11.0,40.3,88.4,28.5,32.1,4.2,6.0,198.2,98.5,157.3,398.0,6.7,1
36,Male,16.6,46.7,91.3,31.2,33.1,4.92,6.8,237.4,100.6,180.6,399.8,7.5,0
82,Female,15.0,43.5,90.3,30.2,34.5,5.4,4.8,202.4,100.6,159.8,401.1,9.8,0
84,Female,12.1,40.4,88.2,28.1,32.3,4.2,8.3,265.3,98.4,157.0,398.0,6.8,1
35,Female,14.2,42.4,90.5,31.0,35.1,5.4,8.8,271.3,101.5,159.7,401.4,9.2,0
9,Male,11.0,44.2,88.1,28.2,32.3,4.7,5.2,186.7,98.2,178.1,398.5,6.9,1
90,Female,14.0,43.0,90.9,29.2,34.3,3.92,8.5,246.0,99.9,157.9,398.9,8.9,0
19,Male,13.8,44.2,88.5,28.0,32.2,4.7,6.6,290.4,98.3,178.3,398.1,6.8,1
20,Female,15.1,41.5,90.3,28.8,32.6,4.87,7.2,249.7,101.0,159.6,400.4,9.8,0
48,Male,13.8,44.3,88.4,28.3,32.1,4.7,6.3,335.0,98.1,178.1,398.1,6.6,1
83,Male,13.8,44.4,88.5,28.4,32.2,4.7,8.0,287.7,98.2,178.0,398.3,6.8,1
14,Male,14.2,45.9,90.8,29.9,32.9,6.0,8.4,289.7,99.5,180.6,400.7,8.2,1
16,Male,15.1,46.9,90.7,31.4,35.3,5.27,5.9,199.3,99.4,180.4,399.6,9.6,0
2,Female,12.7,43.2,91.3,30.3,34.2,5.4,8.1,276.9,100.1,160.0,400.4,8.6,0
14,Male,14.0,44.5,88.2,28.4,32.1,4.7,5.2,299.1,98.1,178.5,398.1,6.5,1
5,Female,11.0,40.2,88.0,28.3,32.2,4.2,6.6,227.9,98.2,157.4,398.4,6.6,1
4,Male,11.0,44.4,88.0,28.4,32.5,4.7,6.0,277.5,98.3,178.4,398.2,6.5,1
11,Male,12.3,47.4,90.4,31.0,34.5,6.1,5.0,259.8,101.5,181.2,401.4,9.8,0
69,Female,13.6,43.5,91.3,28.8,33.9,4.1,7.4,198.7,100.5,160.4,401.0,7.8,1
14,Male,16.2,47.1,89.1,29.1,34.7,4.97,8.3,173.3,101.4,179.0,400.6,9.0,1
59,Male,16.6,45.2,90.8,30.9,34.7,6.35,6.5,252.9,100.6,181.1,399.3,9.2,0
22,Male,13.8,44.3,88.3,28.2,32.5,4.7,9.4,211.2,98.3,178.5,398.4,6.6,1
68,Female,12.2,40.2,88.0,28.5,32.4,4.2,7.7,257.8,98.4,157.5,398.1,6.9,1
17,Male,15.6,46.8,90.3,30.6,35.3,6.1,5.4,218.9,101.2,180.9,400.7,8.8,0
10,Female,11.0,40.4,88.1,28.0,32.3,4.2,9.0,285.6,98.4,157.5,398.3,6.7,1
71,Female,13.1,42.6,90.2,29.7,34.4,3.3,6.6,297.2,100.0,157.9,400.8,10.0,0
17,Male,16.9,46.1,91.0,30.6,34.6,6.1,7.2,216.0,101.2,181.2,400.3,9.8,0
1,Female,13.7,42.8,91.4,28.6,33.2,6.05,7.7,203.8,101.3,157.5,400.1,8.8,0
16,Female,12.3,41.7,88.8,30.0,34.8,4.74,6.5,156.0,99.6,158.0,400.8,7.6,1
85,Female,12.0,40.4,88.5,28.3,32.4,4.2,8.7,362.2,98.5,157.4,398.1,6.9,1
40,Female,14.5,42.1,91.3,30.2,34.9,5.4,8.2,240.4,100.1,160.2,400.8,9.4,0
39,Male,14.2,46.1,89.9,29.9,34.5,6.16,9.4,263.1,99.2,180.4,400.3,8.0,0
19,Female,14.6,42.6,91.4,31.4,34.9,4.91,5.0,248.1,100.7,159.3,401.1,8.6,0
55,Male,15.8,45.9,89.7,30.6,34.7,4.42,6.4,254.3,98.6,179.9,399.7,7.9,0
29,Male,16.0,46.1,90.1,31.3,35.1,6.1,5.3,173.5,101.4,180.1,401.2,9.0,0
70,Female,12.4,40.8,89.2,28.8,33.3,5.52,9.7,204.4,100.8,158.5,401.2,9.6,1
17,Male,16.0,47.3,91.2,31.4,34.4,6.1,8.2,222.2,100.0,180.8,400.5,9.0,0
81,Male,16.5,47.4,90.8,30.6,34.4,6.1,8.7,312.4,100.6,181.3,401.1,8.9,0
59,Female,15.2,42.5,90.6,30.6,34.1,5.4,5.6,184.8,101.4,160.0,400.8,8.7,0
23,Female,14.1,43.5,91.2,30.9,35.1,5.4,6.5,304.1,100.6,160.2,401.1,9.9,0
4,Male,11.0,44.1,88.4,28.2,32.0,4.7,9.4,225.2,98.1,178.1,398.0,6.8,1
58,Male,16.6,47.3,90.7,29.1,34.6,4.67,7.1,192.1,101.2,179.6,400.4,9.2,0
11,Female,10.9,42.4,89.5,29.2,33.8,5.44,4.6,265.9,99.0,158.5,398.6,9.6,1
12,Female,12.0,40.4,88.0,28.3,32.3,4.2,5.8,287.7,98.4,157.1,398.5,7.0,1
13,Female,14.6,42.3,90.6,30.7,34.9,4.24,7.0,323.8,101.4,158.0,401.5,7.3,1
1,Male,13.3,44.6,89.1,30.5,35.2,4.09,6.2,275.0,99.8,181.0,399.0,9.0,0
17,Female,14.7,43.2,89.1,30.1,34.3,4.84,7.1,336.6,101.3,159.6,399.4,8.6,0
8,Male,13.3,45.3,88.5,28.6,33.2,4.23,8.1,172.2,100.8,179.0,400.2,9.7,0
17,Male,13.8,44.4,88.3,28.1,32.4,4.7,8.3,257.1,98.2,178.2,398.4,6.6,1
6,Male,11.1,46.0,89.3,30.0,34.9,4.76,7.8,276.2,101.1,178.8,398.5,8.9,1
5,Male,13.5,46.4,90.5,31.3,35.4,6.07,7.4,150.2,101.0,180.4,401.1,8.6,0
18,Male,13.9,44.3,88.0,28.5,32.3,4.7,8.4,259.2,98.0,178.5,398.0,6.8,1
77,Male,13.8,44.0,88.5,28.2,32.4,4.7,5.4,208.7,98.0,178.1,398.3,6.6,1
13,Female,14.4,42.7,90.9,30.5,35.4,5.4,6.1,245.1,100.9,159.9,400.9,9.8,0
27,Female,12.2,40.2,88.1,28.3,32.2,4.2,8.5,424.6,98.1,157.1,398.1,6.8,1
65,Female,14.3,43.3,90.4,31.5,34.3,5.17,5.6,273.3,101.3,159.2,401.5,9.8,0
70,Male,13.5,44.1,88.1,28.1,32.4,4.7,8.4,305.7,98.1,178.2,398.2,6.8,1
10,Male,11.0,44.0,88.3,28.4,32.0,4.7,6.3,256.1,98.2,178.0,398.0,6.9,1
12,Male,15.0,46.6,89.7,29.7,34.1,5.21,8.2,258.4,99.6,180.6,401.1,7.2,0
58,Male,13.6,44.1,88.2,28.4,32.4,4.7,5.5,254.3,98.1,178.1,398.5,6.7,1
33,Female,15.1,42.5,90.5,30.4,34.8,5.16,8.3,316.6,100.6,160.1,400.1,9.6,0
11,Female,11.0,40.5,88.0,28.4,32.2,4.2,6.9,274.3,98.0,157.4,398.1,7.0,1
18,Female,13.4,41.7,89.1,31.1,32.9,4.95,7.0,225.2,101.1,160.3,401.0,9.3,0
29,Male,15.7,47.2,90.7,30.1,35.1,5.84,4.5,243.0,101.1,181.3,400.0,9.5,0
8,Female,11.9,41.4,91.4,31.4,33.6,6.18,6.7,252.0,98.8,158.2,400.9,9.2,0
9,Male,13.5,47.4,90.6,30.4,35.0,6.01,8.4,313.6,100.0,180.3,400.3,9.5,0
